file,lang,title,len_title,len_descr,n_h1,h1,canonical,n_hreflang,tipi_ld,faq,parole,img,link_interni,link_html,estraibili,problemi
app-privacy.html,nl,Privacyverklaring · Ti | Thuis Italiaans,40,165,2,Privacyverklaring,https://thuisitaliaans.com/app-privacy,16,WebPage,,694,4,37,0,1,h1 multipli; og:locale assente
app-support.html,it,Supporto · Ti | Thuis Italiaans,31,154,2,Supporto,https://thuisitaliaans.com/app-support,16,BreadcrumbList+ContactPage+ListItem+MobileApplication+Organi,,590,4,37,0,1,h1 multipli
app-termini.html,nl,Gebruiksvoorwaarden · Ti | Thuis Italiaans,42,165,2,Gebruiksvoorwaarden,https://thuisitaliaans.com/app-termini,16,WebPage,,829,4,37,0,1,h1 multipli; og:locale assente
app-ti.html,it,Impara l'italiano davvero. · Ti | Thuis Italiaans,49,154,1,Impara l'italiano davvero.,https://thuisitaliaans.com/app-ti,16,AggregateOffer+Answer+BreadcrumbList+EducationalAudience+FAQ,si,544,21,35,0,2,
app/app-privacy-ar.html,ar,سياسة الخصوصية · Ti | Thuis Italiaans,37,155,2,سياسة الخصوصية,https://thuisitaliaans.com/app-privacy-ar,16,WebPage,,614,2,37,0,1,h1 multipli; canonical diverso dal percorso; og:locale assente
app/app-privacy-bn.html,bn,গোপনীয়তা নীতি · Ti | Thuis Italiaans,37,165,2,গোপনীয়তা নীতি,https://thuisitaliaans.com/app-privacy-bn,16,WebPage,,661,2,37,0,1,h1 multipli; canonical diverso dal percorso; og:locale assente
app/app-privacy-de.html,de,Datenschutzerklärung · Ti | Thuis Italiaans,43,160,2,Datenschutzerklärung,https://thuisitaliaans.com/app-privacy-de,16,WebPage,,663,2,37,0,1,h1 multipli; canonical diverso dal percorso; og:locale assente
app/app-privacy-en.html,en,Privacy Policy · Ti | Thuis Italiaans,37,165,2,Privacy Policy,https://thuisitaliaans.com/app-privacy-en,16,WebPage,,721,2,37,0,1,h1 multipli; canonical diverso dal percorso; og:locale assente
app/app-privacy-es.html,es,Política de privacidad · Ti | Thuis Italiaans,45,155,2,Política de privacidad,https://thuisitaliaans.com/app-privacy-es,16,WebPage,,751,2,37,0,1,h1 multipli; canonical diverso dal percorso; og:locale assente
app/app-privacy-fr.html,fr,Politique de confidentialité · Ti | Thuis Italiaans,51,155,2,Politique de confidentialité,https://thuisitaliaans.com/app-privacy-fr,16,WebPage,,779,2,37,0,1,h1 multipli; canonical diverso dal percorso; og:locale assente
app/app-privacy-it.html,it,Informativa sulla privacy · Ti | Thuis Italiaans,48,165,2,Informativa sulla privacy,https://thuisitaliaans.com/app-privacy-it,16,WebPage,,731,2,37,0,1,h1 multipli; canonical diverso dal percorso; og:locale assente
app/app-privacy-pt.html,pt,Política de privacidade · Ti | Thuis Italiaans,46,165,2,Política de privacidade,https://thuisitaliaans.com/app-privacy-pt,16,WebPage,,741,2,37,0,1,h1 multipli; canonical diverso dal percorso; og:locale assente
app/app-privacy-ro.html,ro,Politica de confidențialitate · Ti | Thuis Italiaans,52,160,2,Politica de confidențialitate,https://thuisitaliaans.com/app-privacy-ro,16,WebPage,,687,2,37,0,1,h1 multipli; canonical diverso dal percorso; og:locale assente
app/app-privacy-sq.html,sq,Politika e privatësisë · Ti | Thuis Italiaans,45,165,2,Politika e privatësisë,https://thuisitaliaans.com/app-privacy-sq,16,WebPage,,739,2,37,0,1,h1 multipli; canonical diverso dal percorso; og:locale assente
app/app-privacy-ti.html,ti,ፖሊሲ ሚስጢራውነት · Ti | Thuis Italiaans,34,165,2,ፖሊሲ ሚስጢራውነት,https://thuisitaliaans.com/app-privacy-ti,16,WebPage,,578,2,37,0,1,h1 multipli; canonical diverso dal percorso; og:locale assente
app/app-privacy-tl.html,tl,Patakaran sa privacy · Ti | Thuis Italiaans,43,165,2,Patakaran sa privacy,https://thuisitaliaans.com/app-privacy-tl,16,WebPage,,851,2,37,0,1,h1 multipli; canonical diverso dal percorso; og:locale assente
app/app-privacy-uk.html,uk,Політика конфіденційності · Ti | Thuis Italiaans,48,155,2,Політика конфіденційності,https://thuisitaliaans.com/app-privacy-uk,16,WebPage,,642,2,37,0,1,h1 multipli; canonical diverso dal percorso; og:locale assente
app/app-privacy-zh.html,zh,隐私政策 · Ti | Thuis Italiaans,27,103,2,隐私政策,https://thuisitaliaans.com/app-privacy-zh,16,WebPage,,104,2,37,0,1,h1 multipli; canonical diverso dal percorso; og:locale assente; pagina sottile
app/app-support-ar.html,ar,الدعم · Ti | Thuis Italiaans,28,146,2,الدعم,https://thuisitaliaans.com/app-support-ar,16,BreadcrumbList+ContactPage+ListItem+MobileApplication+Organi,,372,2,37,0,1,h1 multipli; canonical diverso dal percorso
app/app-support-bn.html,bn,সহায়তা · Ti | Thuis Italiaans,30,155,2,সহায়তা,https://thuisitaliaans.com/app-support-bn,16,BreadcrumbList+ContactPage+ListItem+MobileApplication+Organi,,406,2,37,0,1,h1 multipli; canonical diverso dal percorso
app/app-support-de.html,de,Support · Ti | Thuis Italiaans,30,155,2,Support,https://thuisitaliaans.com/app-support-de,16,BreadcrumbList+ContactPage+ListItem+MobileApplication+Organi,,429,2,37,0,1,h1 multipli; canonical diverso dal percorso
app/app-support-en.html,en,Support · Ti | Thuis Italiaans,30,154,2,Support,https://thuisitaliaans.com/app-support-en,16,BreadcrumbList+ContactPage+ListItem+MobileApplication+Organi,,447,2,37,0,1,h1 multipli; canonical diverso dal percorso
app/app-support-es.html,es,Soporte · Ti | Thuis Italiaans,30,154,2,Soporte,https://thuisitaliaans.com/app-support-es,16,BreadcrumbList+ContactPage+ListItem+MobileApplication+Organi,,459,2,37,0,1,h1 multipli; canonical diverso dal percorso
app/app-support-fr.html,fr,Support · Ti | Thuis Italiaans,30,154,2,Support,https://thuisitaliaans.com/app-support-fr,16,BreadcrumbList+ContactPage+ListItem+MobileApplication+Organi,,476,2,37,0,1,h1 multipli; canonical diverso dal percorso
app/app-support-nl.html,nl,Support · Ti | Thuis Italiaans,30,155,2,Support,https://thuisitaliaans.com/app-support-nl,16,BreadcrumbList+ContactPage+ListItem+MobileApplication+Organi,,443,2,37,0,1,h1 multipli; canonical diverso dal percorso
app/app-support-pt.html,pt,Suporte · Ti | Thuis Italiaans,30,155,2,Suporte,https://thuisitaliaans.com/app-support-pt,16,BreadcrumbList+ContactPage+ListItem+MobileApplication+Organi,,445,2,37,0,1,h1 multipli; canonical diverso dal percorso
app/app-support-ro.html,ro,Suport · Ti | Thuis Italiaans,29,155,2,Suport,https://thuisitaliaans.com/app-support-ro,16,BreadcrumbList+ContactPage+ListItem+MobileApplication+Organi,,432,2,37,0,1,h1 multipli; canonical diverso dal percorso
app/app-support-sq.html,sq,Mbështetja · Ti | Thuis Italiaans,33,155,2,Mbështetja,https://thuisitaliaans.com/app-support-sq,16,BreadcrumbList+ContactPage+ListItem+MobileApplication+Organi,,466,2,37,0,1,h1 multipli; canonical diverso dal percorso
app/app-support-ti.html,ti,ደገፍ · Ti | Thuis Italiaans,26,124,2,ደገፍ,https://thuisitaliaans.com/app-support-ti,16,BreadcrumbList+ContactPage+ListItem+MobileApplication+Organi,,367,2,37,0,1,h1 multipli; canonical diverso dal percorso
app/app-support-tl.html,tl,Suporta · Ti | Thuis Italiaans,30,155,2,Suporta,https://thuisitaliaans.com/app-support-tl,16,BreadcrumbList+ContactPage+ListItem+MobileApplication+Organi,,507,2,37,0,1,h1 multipli; canonical diverso dal percorso
app/app-support-uk.html,uk,Підтримка · Ti | Thuis Italiaans,32,155,2,Підтримка,https://thuisitaliaans.com/app-support-uk,16,BreadcrumbList+ContactPage+ListItem+MobileApplication+Organi,,387,2,37,0,1,h1 multipli; canonical diverso dal percorso
app/app-support-zh.html,zh,支持 · Ti | Thuis Italiaans,25,61,2,支持,https://thuisitaliaans.com/app-support-zh,16,BreadcrumbList+ContactPage+ListItem+MobileApplication+Organi,,103,2,37,0,1,description corta; h1 multipli; canonical diverso dal percorso; pagina sottile
app/app-termini-ar.html,ar,شروط الاستخدام · Ti | Thuis Italiaans,37,139,2,شروط الاستخدام,https://thuisitaliaans.com/app-termini-ar,16,WebPage,,733,2,37,0,1,h1 multipli; canonical diverso dal percorso; og:locale assente
app/app-termini-bn.html,bn,ব্যবহারের শর্তাবলী · Ti | Thuis Italiaans,41,164,2,ব্যবহারের শর্তাবলী,https://thuisitaliaans.com/app-termini-bn,16,WebPage,,740,2,37,0,1,h1 multipli; canonical diverso dal percorso; og:locale assente
app/app-termini-de.html,de,Nutzungsbedingungen · Ti | Thuis Italiaans,42,160,2,Nutzungsbedingungen,https://thuisitaliaans.com/app-termini-de,16,WebPage,,777,2,37,0,1,h1 multipli; canonical diverso dal percorso; og:locale assente
app/app-termini-en.html,en,Terms of Use · Ti | Thuis Italiaans,35,159,2,Terms of Use,https://thuisitaliaans.com/app-termini-en,16,WebPage,,850,2,37,0,1,h1 multipli; canonical diverso dal percorso; og:locale assente
app/app-termini-es.html,es,Términos de uso · Ti | Thuis Italiaans,38,155,2,Términos de uso,https://thuisitaliaans.com/app-termini-es,16,WebPage,,928,2,37,0,1,h1 multipli; canonical diverso dal percorso; og:locale assente
app/app-termini-fr.html,fr,Conditions d'utilisation · Ti | Thuis Italiaans,47,155,2,Conditions d'utilisation,https://thuisitaliaans.com/app-termini-fr,16,WebPage,,960,2,37,0,1,h1 multipli; canonical diverso dal percorso; og:locale assente
app/app-termini-it.html,it,Termini d'uso · Ti | Thuis Italiaans,36,159,2,Termini d'uso,https://thuisitaliaans.com/app-termini-it,16,WebPage,,853,2,37,0,1,h1 multipli; canonical diverso dal percorso; og:locale assente
app/app-termini-pt.html,pt,Termos de uso · Ti | Thuis Italiaans,36,164,2,Termos de uso,https://thuisitaliaans.com/app-termini-pt,16,WebPage,,902,2,37,0,1,h1 multipli; canonical diverso dal percorso; og:locale assente
app/app-termini-ro.html,ro,Termeni de utilizare · Ti | Thuis Italiaans,43,160,2,Termeni de utilizare,https://thuisitaliaans.com/app-termini-ro,16,WebPage,,824,2,37,0,1,h1 multipli; canonical diverso dal percorso; og:locale assente
app/app-termini-sq.html,sq,Kushtet e përdorimit · Ti | Thuis Italiaans,43,165,2,Kushtet e përdorimit,https://thuisitaliaans.com/app-termini-sq,16,WebPage,,865,2,37,0,1,h1 multipli; canonical diverso dal percorso; og:locale assente
app/app-termini-ti.html,ti,ውዕል ኣጠቓቕማ · Ti | Thuis Italiaans,32,131,2,ውዕል ኣጠቓቕማ,https://thuisitaliaans.com/app-termini-ti,16,WebPage,,707,2,37,0,1,h1 multipli; canonical diverso dal percorso; og:locale assente
app/app-termini-tl.html,tl,Mga tuntunin ng paggamit · Ti | Thuis Italiaans,47,165,2,Mga tuntunin ng paggamit,https://thuisitaliaans.com/app-termini-tl,16,WebPage,,1007,2,37,0,1,h1 multipli; canonical diverso dal percorso; og:locale assente
app/app-termini-uk.html,uk,Умови користування · Ti | Thuis Italiaans,41,155,2,Умови користування,https://thuisitaliaans.com/app-termini-uk,16,WebPage,,754,2,37,0,1,h1 multipli; canonical diverso dal percorso; og:locale assente
app/app-termini-zh.html,zh,使用条款 · Ti | Thuis Italiaans,27,92,2,使用条款,https://thuisitaliaans.com/app-termini-zh,16,WebPage,,132,2,37,0,1,h1 multipli; canonical diverso dal percorso; og:locale assente; pagina sottile
app/app-ti-ar.html,ar,تعلّم الإيطالية حقًا. · Ti | Thuis Italiaans,44,150,1,تعلّم الإيطالية حقًا.,https://thuisitaliaans.com/app-ti-ar,16,AggregateOffer+Answer+BreadcrumbList+EducationalAudience+FAQ,si,358,21,35,0,2,canonical diverso dal percorso
app/app-ti-bn.html,bn,সত্যিই ইতালিয়ান শিখুন। · Ti | Thuis Italiaans,46,164,1,সত্যিই ইতালিয়ান শিখুন।,https://thuisitaliaans.com/app-ti-bn,16,AggregateOffer+Answer+BreadcrumbList+EducationalAudience+FAQ,si,390,21,35,0,2,canonical diverso dal percorso
app/app-ti-de.html,de,Italienisch wirklich lernen. · Ti | Thuis Italiaans,51,186,1,Italienisch wirklich lernen.,https://thuisitaliaans.com/app-ti-de,16,AggregateOffer+Answer+BreadcrumbList+EducationalAudience+FAQ,si,411,21,35,0,2,description lunga; canonical diverso dal percorso
app/app-ti-en.html,en,Really learn Italian. · Ti | Thuis Italiaans,44,161,1,Really learn Italian.,https://thuisitaliaans.com/app-ti-en,16,AggregateOffer+Answer+BreadcrumbList+EducationalAudience+FAQ,si,432,21,35,0,2,canonical diverso dal percorso
app/app-ti-es.html,es,Aprende italiano de verdad. · Ti | Thuis Italiaans,50,171,1,Aprende italiano de verdad.,https://thuisitaliaans.com/app-ti-es,16,AggregateOffer+Answer+BreadcrumbList+EducationalAudience+FAQ,si,439,21,35,0,2,description lunga; canonical diverso dal percorso
app/app-ti-fr.html,fr,Apprends vraiment l'italien. · Ti | Thuis Italiaans,51,185,1,Apprends vraiment l'italien.,https://thuisitaliaans.com/app-ti-fr,16,AggregateOffer+Answer+BreadcrumbList+EducationalAudience+FAQ,si,448,21,35,0,2,description lunga; canonical diverso dal percorso
app/app-ti-nl.html,nl,Leer echt Italiaans. · Ti | Thuis Italiaans,43,176,1,Leer echt Italiaans.,https://thuisitaliaans.com/app-ti-nl,16,AggregateOffer+Answer+BreadcrumbList+EducationalAudience+FAQ,si,425,21,35,0,2,description lunga; canonical diverso dal percorso
app/app-ti-pt.html,pt,Aprende italiano a sério. · Ti | Thuis Italiaans,48,171,1,Aprende italiano a sério.,https://thuisitaliaans.com/app-ti-pt,16,AggregateOffer+Answer+BreadcrumbList+EducationalAudience+FAQ,si,440,21,35,0,2,description lunga; canonical diverso dal percorso
app/app-ti-ro.html,ro,Învață cu adevărat italiana. · Ti | Thuis Italiaans,51,171,1,Învață cu adevărat italiana.,https://thuisitaliaans.com/app-ti-ro,16,AggregateOffer+Answer+BreadcrumbList+EducationalAudience+FAQ,si,434,21,35,0,2,description lunga; canonical diverso dal percorso
app/app-ti-sq.html,sq,Mëso italishten vërtet. · Ti | Thuis Italiaans,46,181,1,Mëso italishten vërtet.,https://thuisitaliaans.com/app-ti-sq,16,AggregateOffer+Answer+BreadcrumbList+EducationalAudience+FAQ,si,455,21,35,0,2,description lunga; canonical diverso dal percorso
app/app-ti-ti.html,ti,ብሓቂ ጣልያንኛ ተምሃር። · Ti | Thuis Italiaans,38,141,1,ብሓቂ ጣልያንኛ ተምሃር።,https://thuisitaliaans.com/app-ti-ti,16,AggregateOffer+Answer+BreadcrumbList+EducationalAudience+FAQ,si,356,21,35,0,2,canonical diverso dal percorso
app/app-ti-tl.html,tl,Talagang matuto ng Italyano. · Ti | Thuis Italiaans,51,215,1,Talagang matuto ng Italyano.,https://thuisitaliaans.com/app-ti-tl,16,AggregateOffer+Answer+BreadcrumbList+EducationalAudience+FAQ,si,490,21,35,0,2,description lunga; canonical diverso dal percorso
app/app-ti-uk.html,uk,По-справжньому вивчи італійську. · Ti | Thuis Italiaans,55,179,1,По-справжньому вивчи італійську.,https://thuisitaliaans.com/app-ti-uk,16,AggregateOffer+Answer+BreadcrumbList+EducationalAudience+FAQ,si,401,21,35,0,2,description lunga; canonical diverso dal percorso
app/app-ti-zh.html,zh,真正学会意大利语。 · Ti | Thuis Italiaans,32,71,1,真正学会意大利语。,https://thuisitaliaans.com/app-ti-zh,16,AggregateOffer+Answer+BreadcrumbList+EducationalAudience+FAQ,si,124,21,35,0,2,canonical diverso dal percorso; pagina sottile
blog/10-fouten-die-nederlanders-maken-in-het-italiaans.html,nl,10 fouten die Nederlanders maken in het Italiaans | thuisitaliaans,66,136,1,10 fouten die Nederlanders maken in het Italiaans,https://thuisitaliaans.com/blog/10-fouten-die-nederlanders-maken-in-het-italiaans,0,BlogPosting+BreadcrumbList+ImageObject+ListItem+Organization,,1428,12,22,0,1,title lungo
blog/10-tips-for-learning-italian.html,en,10 Tips for Learning Italian | thuisitaliaans,45,150,1,10 Tips for Learning Italian,https://thuisitaliaans.com/blog/10-tips-for-learning-italian,0,BlogPosting+BreadcrumbList+ImageObject+ListItem+Organization,,886,13,16,0,0,niente tabelle/liste/FAQ da citare
blog/7-essential-tips-for-progressing.html,en,7 Essential Tips for Progressing | thuisitaliaans,49,145,1,7 Essential Tips for Progressing,/blog/10-tips-for-learning-italian,0,BlogPosting+BreadcrumbList+ImageObject+ListItem+Organization,,635,13,17,0,0,noindex; canonical relativo; niente tabelle/liste/FAQ da citare
blog/a-mali-estremi-estremi-rimedi.html,it,"A mali estremi, estremi rimedi | thuisitaliaans",47,150,1,"A mali estremi, estremi rimedi",https://thuisitaliaans.com/blog/a-mali-estremi-estremi-rimedi,0,BlogPosting+BreadcrumbList+ImageObject+ListItem+Organization,,1160,13,16,0,2,
blog/a-tavola-in-italia-cosa-si-fa-e-cosa-no.html,it,A tavola in Italia: cosa si fa (e cosa no) | thuisitaliaans,59,86,1,A tavola in Italia: cosa si fa (e cosa no),https://thuisitaliaans.com/blog/a-tavola-in-italia-cosa-si-fa-e-cosa-no,0,BlogPosting+BreadcrumbList+ImageObject+ListItem+Organization,,1004,12,16,0,2,
blog/accelerate-your-italian-learning-effective-techniques.html,en,Accelerate Your Italian Learning: Effective Techniques | thuisitaliaans,71,134,1,Accelerate Your Italian Learning: Effective Techniques,/blog/10-tips-for-learning-italian,0,BlogPosting+BreadcrumbList+ImageObject+ListItem+Organization,,599,13,17,0,1,title lungo; noindex; canonical relativo
blog/achieving-italian-language-certification-personalized-lessons.html,en,Achieving Italian Language Certification: Personalized Lessons | thuisitaliaans,79,137,0,,,0,BlogPosting+BreadcrumbList+ImageObject+ListItem+Organization,,29,1,10,0,0,title lungo; h1 assente; noindex; canonical assente; pagina sottile; niente tabelle/liste/FAQ da citare
blog/acqua-in-bocca.html,it,Acqua in bocca | thuisitaliaans,31,146,1,Acqua in bocca,https://thuisitaliaans.com/blog/acqua-in-bocca,0,BlogPosting+BreadcrumbList+ImageObject+ListItem+Organization,,584,13,16,0,2,
blog/am-i-ready-for-italian-b1.html,en,Are You Ready for the Italian B1 Exam? An Honest Check | thuisitaliaans,71,140,1,Are You Ready for the Italian B1 Exam? An Honest Check,https://thuisitaliaans.com/blog/am-i-ready-for-italian-b1,0,BlogPosting+BreadcrumbList+ImageObject+ListItem+Organization,,651,12,22,0,0,title lungo; img senza width/height ×1; niente tabelle/liste/FAQ da citare
blog/apericena-un-aperitivo-che-diventa-cena.html,it,Apericena: un aperitivo che diventa cena | thuisitaliaans,57,145,1,Apericena: un aperitivo che diventa cena,https://thuisitaliaans.com/blog/apericena-un-aperitivo-che-diventa-cena,0,BlogPosting+BreadcrumbList+ImageObject+ListItem+Organization,,685,14,16,0,2,
blog/aperitivo-a-roma-milano-e-napoli.html,it,"Aperitivo a Roma, Milano e Napoli | thuisitaliaans",50,143,1,"Aperitivo a Roma, Milano e Napoli",https://thuisitaliaans.com/blog/aperitivo-a-roma-milano-e-napoli,0,BlogPosting+BreadcrumbList+ImageObject+ListItem+Organization,,679,14,16,0,2,
blog/aperitivo-o-apericena.html,it,Aperitivo o Apericena? | thuisitaliaans,39,143,1,Aperitivo o Apericena?,https://thuisitaliaans.com/blog/aperitivo-o-apericena,0,BlogPosting+BreadcrumbList+ImageObject+ListItem+Organization,,728,14,16,0,2,
blog/apps-for-italian-teachers.html,en,"Apps for Italian Teachers: Automate Admin, Not Teaching | thuisitaliaans",72,138,1,"Apps for Italian Teachers: Automate Admin, Not Teaching",https://thuisitaliaans.com/blog/apps-for-italian-teachers,0,BlogPosting+BreadcrumbList+ImageObject+ListItem+Organization,,726,12,24,0,1,title lungo; img senza width/height ×1
blog/aprile-mese-di-pioggia-e-speranza.html,it,"Aprile, mese di pioggia e speranza | thuisitaliaans",51,83,1,"Aprile, mese di pioggia e speranza",https://thuisitaliaans.com/blog/aprile-mese-di-pioggia-e-speranza,0,BlogPosting+BreadcrumbList+ImageObject+ListItem+Organization,,893,12,16,0,2,
blog/arrampicarsi-sugli-specchi.html,it,Arrampicarsi sugli specchi | thuisitaliaans,43,148,1,Arrampicarsi sugli specchi,https://thuisitaliaans.com/blog/arrampicarsi-sugli-specchi,0,BlogPosting+BreadcrumbList+ImageObject+ListItem+Organization,,583,13,16,0,2,
blog/arte-giovani-e-intercultura-per-unitalia-futura.html,it,"Arte, giovani e intercultura per un’Italia futura | thuisitaliaans",66,80,1,"Arte, giovani e intercultura per un’Italia futura",https://thuisitaliaans.com/blog/arte-giovani-e-intercultura-per-unitalia-futura,0,BlogPosting+BreadcrumbList+ImageObject+ListItem+Organization,,796,12,16,0,2,title lungo
blog/arte-italiana-la-gioconda.html,it,Arte italiana: La Gioconda | thuisitaliaans,43,147,1,Arte italiana: La Gioconda,https://thuisitaliaans.com/blog/arte-italiana-la-gioconda,0,BlogPosting+BreadcrumbList+ImageObject+ListItem+Organization,,726,14,16,0,2,
blog/avoiding-common-mistakes.html,en,Avoiding Common Mistakes | thuisitaliaans,41,147,1,Avoiding Common Mistakes,https://thuisitaliaans.com/blog/avoiding-common-mistakes,0,BlogPosting+BreadcrumbList+ImageObject+ListItem+Organization,,915,13,16,0,0,niente tabelle/liste/FAQ da citare
blog/bastian-contrario.html,it,Bastian contrario | thuisitaliaans,34,147,1,Bastian contrario,https://thuisitaliaans.com/blog/bastian-contrario,0,BlogPosting+BreadcrumbList+ImageObject+ListItem+Organization,,595,13,16,0,2,
blog/bella-ciao.html,it,Bella ciao | thuisitaliaans,27,140,1,Bella ciao,https://thuisitaliaans.com/blog/bella-ciao,0,BlogPosting+BreadcrumbList+ImageObject+ListItem+Organization,,844,15,16,0,2,
blog/boost-your-italian-learning-strategic-tips-for-faster-learning.html,en,Boost Your Italian Learning: Strategic Tips for Faster Learning | thuisitaliaans,80,149,1,Boost Your Italian Learning: Strategic Tips for Faster Learning,/blog/10-tips-for-learning-italian,0,BlogPosting+BreadcrumbList+ImageObject+ListItem+Organization,,697,13,17,0,0,title lungo; noindex; canonical relativo; niente tabelle/liste/FAQ da citare
blog/cadere-dalle-nuvole-significato.html,it,Cadere dalle Nuvole | thuisitaliaans,36,142,1,Cadere dalle Nuvole,https://thuisitaliaans.com/blog/cadere-dalle-nuvole-significato,0,BlogPosting+BreadcrumbList+ImageObject+ListItem+Organization,,445,13,16,0,2,
blog/can-i-learn-italian-in-1-year.html,en,Can I Learn Italian in 1 Year? | thuisitaliaans,47,149,1,Can I Learn Italian in 1 Year?,/blog/how-long-does-it-take-to-learn-italian,0,BlogPosting+BreadcrumbList+ImageObject+ListItem+Organization,,598,13,17,0,0,noindex; canonical relativo; niente tabelle/liste/FAQ da citare
blog/can-i-learn-italian-in-3-months.html,en,Can I Learn Italian in 3 Months? | thuisitaliaans,49,147,1,Can I Learn Italian in 3 Months?,/blog/how-long-does-it-take-to-learn-italian,0,BlogPosting+BreadcrumbList+ImageObject+ListItem+Organization,,693,13,17,0,0,noindex; canonical relativo; niente tabelle/liste/FAQ da citare
blog/can-you-learn-italian-on-duolingo.html,en,Can You Learn Italian on Duolingo? | thuisitaliaans,51,150,1,Can You Learn Italian on Duolingo?,https://thuisitaliaans.com/blog/can-you-learn-italian-on-duolingo,0,BlogPosting+BreadcrumbList+ImageObject+ListItem+Organization,,772,13,16,0,0,niente tabelle/liste/FAQ da citare
blog/cascare-dal-pero.html,it,Cascare dal pero | thuisitaliaans,33,149,1,Cascare dal pero,https://thuisitaliaans.com/blog/cascare-dal-pero,0,BlogPosting+BreadcrumbList+ImageObject+ListItem+Organization,,587,13,16,0,2,
blog/category-cultura-italiana.html,it,Cultura Italiana · Blog | thuisitaliaans,40,121,1,Cultura Italiana,https://thuisitaliaans.com/blog/category-cultura-italiana,0,Blog+BreadcrumbList+CollectionPage+ImageObject+ListItem+Orga,,2110,68,81,0,0,niente tabelle/liste/FAQ da citare
blog/category-for-teachers.html,it,For Teachers · Blog | thuisitaliaans,36,87,1,For Teachers,https://thuisitaliaans.com/blog/category-for-teachers,0,Blog+BreadcrumbList+CollectionPage+ImageObject+ListItem+Orga,,254,9,22,0,0,pagina sottile; niente tabelle/liste/FAQ da citare
blog/category-italian-classes.html,it,Italian Classes · Blog | thuisitaliaans,39,112,1,Italian Classes,https://thuisitaliaans.com/blog/category-italian-classes,0,Blog+BreadcrumbList+CollectionPage+ImageObject+ListItem+Orga,,812,23,36,0,0,niente tabelle/liste/FAQ da citare
blog/category-language-hacking.html,it,Language Hacking · Blog | thuisitaliaans,40,96,1,Language Hacking,https://thuisitaliaans.com/blog/category-language-hacking,0,Blog+BreadcrumbList+CollectionPage+ImageObject+ListItem+Orga,,2030,58,71,0,0,img senza width/height ×3; niente tabelle/liste/FAQ da citare
blog/category-modi-di-dire.html,it,Modi Di Dire · Blog | thuisitaliaans,36,102,1,Modi Di Dire,https://thuisitaliaans.com/blog/category-modi-di-dire,0,Blog+BreadcrumbList+CollectionPage+ImageObject+ListItem+Orga,,877,27,40,0,0,niente tabelle/liste/FAQ da citare
blog/category-reading-practice.html,it,Reading Practice · Blog | thuisitaliaans,40,106,1,Reading Practice,https://thuisitaliaans.com/blog/category-reading-practice,0,Blog+BreadcrumbList+CollectionPage+ImageObject+ListItem+Orga,,726,23,36,0,0,img senza width/height ×6; niente tabelle/liste/FAQ da citare
blog/cefr-levels-italian-explained.html,en,Italian CEFR Levels Explained: What A1 to C2 Really Mean | thuisitaliaans,73,144,1,Italian CEFR Levels Explained: What A1 to C2 Really Mean,https://thuisitaliaans.com/blog/cefr-levels-italian-explained,0,BlogPosting+BreadcrumbList+ImageObject+ListItem+Organization,,731,12,21,0,0,title lungo; img senza width/height ×1; niente tabelle/liste/FAQ da citare
blog/chiodo-scaccia-chiodo.html,it,Chiodo scaccia chiodo | thuisitaliaans,38,150,1,Chiodo scaccia chiodo,https://thuisitaliaans.com/blog/chiodo-scaccia-chiodo,0,BlogPosting+BreadcrumbList+ImageObject+ListItem+Organization,,689,13,16,0,2,
blog/chiudere-un-occhio-significato.html,it,Chiudere un occhio | thuisitaliaans,35,150,1,Chiudere un occhio,https://thuisitaliaans.com/blog/chiudere-un-occhio-significato,0,BlogPosting+BreadcrumbList+ImageObject+ListItem+Organization,,583,13,16,0,2,
blog/chunks-formulaic-language-italian.html,en,Learn Italian in Chunks: Phrases Beat Word Lists | thuisitaliaans,65,144,1,Learn Italian in Chunks: Phrases Beat Word Lists,https://thuisitaliaans.com/blog/chunks-formulaic-language-italian,0,BlogPosting+BreadcrumbList+ImageObject+ListItem+Organization,,771,12,24,0,1,img senza width/height ×1
blog/cils-b1-cittadinanza-exam-format.html,en,"CILS B1 Cittadinanza: Format, Sections and Scoring | thuisitaliaans",67,137,1,"CILS B1 Cittadinanza: Format, Sections and Scoring",https://thuisitaliaans.com/blog/cils-b1-cittadinanza-exam-format,0,BlogPosting+BreadcrumbList+ImageObject+ListItem+Organization,,694,12,23,0,0,title lungo; img senza width/height ×1; niente tabelle/liste/FAQ da citare
blog/cils-celi-plida-welk-italiaans-certificaat.html,nl,"CILS, CELI of PLIDA? Zo kies je het juiste Italiaanse certificaat | thuisitaliaans",82,135,1,"CILS, CELI of PLIDA? Zo kies je het juiste Italiaanse certificaat",https://thuisitaliaans.com/blog/cils-celi-plida-welk-italiaans-certificaat,0,BlogPosting+BreadcrumbList+ImageObject+ListItem+Organization,,1268,12,19,0,1,title lungo
blog/come-la-pandemia-ha-cambiato-gli-italiani.html,it,Come la pandemia ha cambiato gli italiani | thuisitaliaans,58,76,1,Come la pandemia ha cambiato gli italiani,https://thuisitaliaans.com/blog/come-la-pandemia-ha-cambiato-gli-italiani,0,BlogPosting+BreadcrumbList+ImageObject+ListItem+Organization,,818,12,16,0,2,
blog/comprare-casa-in-italia-da-straniero.html,it,Comprare casa in Italia da straniero | thuisitaliaans,53,85,1,Comprare casa in Italia da straniero,https://thuisitaliaans.com/blog/comprare-casa-in-italia-da-straniero,0,BlogPosting+BreadcrumbList+ImageObject+ListItem+Organization,,938,12,16,0,2,
blog/comprehensible-input-italian.html,en,Comprehensible Input: Learn Italian Just Above Your Level | thuisitaliaans,74,148,1,Comprehensible Input: Learn Italian Just Above Your Level,https://thuisitaliaans.com/blog/comprehensible-input-italian,0,BlogPosting+BreadcrumbList+ImageObject+ListItem+Organization,,817,12,26,0,0,title lungo; img senza width/height ×1; niente tabelle/liste/FAQ da citare
blog/congiuntivo-uitgelegd-voor-nederlanders.html,nl,De congiuntivo uitgelegd voor Nederlanders | thuisitaliaans,59,150,1,De congiuntivo uitgelegd voor Nederlanders,https://thuisitaliaans.com/blog/congiuntivo-uitgelegd-voor-nederlanders,0,BlogPosting+BreadcrumbList+ImageObject+ListItem+Organization,,1003,12,19,0,1,
blog/cosa-bolle-in-pentola.html,it,Cosa bolle in pentola? | thuisitaliaans,39,149,1,Cosa bolle in pentola?,https://thuisitaliaans.com/blog/cosa-bolle-in-pentola,0,BlogPosting+BreadcrumbList+ImageObject+ListItem+Organization,,576,13,16,0,2,
blog/cosa-e-ferragosto.html,it,Cosa è Ferragosto? | thuisitaliaans,35,149,1,Cosa è Ferragosto?,https://thuisitaliaans.com/blog/cosa-e-ferragosto,0,BlogPosting+BreadcrumbList+ImageObject+ListItem+Organization,,666,14,16,0,2,
blog/cosa-mangeremo-nel-2025.html,it,Cosa mangeremo nel 2025? | thuisitaliaans,41,80,1,Cosa mangeremo nel 2025?,https://thuisitaliaans.com/blog/cosa-mangeremo-nel-2025,0,BlogPosting+BreadcrumbList+ImageObject+ListItem+Organization,,811,12,16,0,2,
blog/creative-practice.html,en,Creative Practice | thuisitaliaans,34,148,1,Creative Practice,/blog/10-tips-for-learning-italian,0,BlogPosting+BreadcrumbList+ImageObject+ListItem+Organization,,734,14,17,0,0,noindex; canonical relativo; niente tabelle/liste/FAQ da citare
blog/culo-e-camicia-significato.html,it,Culo e Camicia | thuisitaliaans,31,146,1,Culo e Camicia,https://thuisitaliaans.com/blog/culo-e-camicia-significato,0,BlogPosting+BreadcrumbList+ImageObject+ListItem+Organization,,606,13,16,0,2,
blog/cultural-influences-in-language-learning.html,en,Cultural influences in Language Learning | thuisitaliaans,57,148,1,Cultural influences in Language Learning,/blog/recreating-real-life-immersion,0,BlogPosting+BreadcrumbList+ImageObject+ListItem+Organization,,745,13,17,0,0,noindex; canonical relativo; niente tabelle/liste/FAQ da citare
blog/custom-italian-courses-designed-for-effective-learning.html,en,Custom Italian Courses Designed for Effective Learning | thuisitaliaans,71,150,0,,,0,BlogPosting+BreadcrumbList+ImageObject+ListItem+Organization,,32,1,10,0,0,title lungo; h1 assente; noindex; canonical assente; pagina sottile; niente tabelle/liste/FAQ da citare
blog/customized-italian-courses.html,en,Customized Italian Courses | thuisitaliaans,43,145,0,,,0,BlogPosting+BreadcrumbList+ImageObject+ListItem+Organization,,36,1,10,0,0,h1 assente; noindex; canonical assente; pagina sottile; niente tabelle/liste/FAQ da citare
blog/dante-for-italian-learners.html,en,Dante for Italian learners: where to actually start | thuisitaliaans,68,106,1,Dante for Italian learners: where to actually start,https://thuisitaliaans.com/blog/dante-for-italian-learners,0,BlogPosting+BreadcrumbList+ImageObject+ListItem+Organization,,636,12,17,0,0,title lungo; img senza width/height ×1; niente tabelle/liste/FAQ da citare
blog/dante-il-padre-dellitaliano.html,it,Dante: Il Padre dell'Italiano | thuisitaliaans,46,145,1,Dante: Il Padre dell&#x27;Italiano,https://thuisitaliaans.com/blog/dante-il-padre-dellitaliano,0,BlogPosting+BreadcrumbList+ImageObject+ListItem+Organization,,692,14,16,0,2,
blog/discover-our-customized-italian-courses.html,en,Discover Our Customized Italian Courses | thuisitaliaans,56,141,0,,,0,BlogPosting+BreadcrumbList+ImageObject+ListItem+Organization,,29,1,10,0,0,h1 assente; noindex; canonical assente; pagina sottile; niente tabelle/liste/FAQ da citare
blog/discover-personalized-italian-language-courses.html,en,Discover Personalized Italian Language Courses | thuisitaliaans,63,150,0,,,0,BlogPosting+BreadcrumbList+ImageObject+ListItem+Organization,,68,1,10,0,0,h1 assente; noindex; canonical assente; pagina sottile; niente tabelle/liste/FAQ da citare
blog/discover-the-joy-of-learning-italian-online-with-me.html,en,Discover the Joy of Learning Italian Online with Me | thuisitaliaans,68,140,0,,,0,BlogPosting+BreadcrumbList+ImageObject+ListItem+Organization,,53,1,10,0,0,title lungo; h1 assente; noindex; canonical assente; pagina sottile; niente tabelle/liste/FAQ da citare
blog/discover-the-unique-approach-to-learning-italian-with-alessio.html,en,Discover the Unique Approach to Learning Italian with Alessio | thuisitaliaans,78,138,0,,,0,BlogPosting+BreadcrumbList+ImageObject+ListItem+Organization,,27,1,10,0,0,title lungo; h1 assente; noindex; canonical assente; pagina sottile; niente tabelle/liste/FAQ da citare
blog/discovering-the-italian-language-beyond-just-an-app.html,en,Discovering the Italian Language: Beyond Just an App | thuisitaliaans,69,133,1,Discovering the Italian Language: Beyond Just an App,/blog/can-you-learn-italian-on-duolingo,0,BlogPosting+BreadcrumbList+ImageObject+ListItem+Organization,,751,13,17,0,0,title lungo; noindex; canonical relativo; niente tabelle/liste/FAQ da citare
blog/dive-into-interactive-italian-learning.html,en,Dive into Interactive Italian Learning | thuisitaliaans,55,149,0,,,0,BlogPosting+BreadcrumbList+ImageObject+ListItem+Organization,,30,1,10,0,0,h1 assente; noindex; canonical assente; pagina sottile; niente tabelle/liste/FAQ da citare
blog/dove-vanno-gli-italiani-in-vacanza.html,it,Dove vanno gli italiani in vacanza? | thuisitaliaans,52,145,1,Dove vanno gli italiani in vacanza?,https://thuisitaliaans.com/blog/dove-vanno-gli-italiani-in-vacanza,0,BlogPosting+BreadcrumbList+ImageObject+ListItem+Organization,,800,14,16,0,2,
blog/duolingo-of-een-echte-docent.html,nl,Duolingo of een echte docent? Wat werkt wanneer | thuisitaliaans,64,121,1,Duolingo of een echte docent? Wat werkt wanneer,https://thuisitaliaans.com/blog/duolingo-of-een-echte-docent,0,BlogPosting+BreadcrumbList+ImageObject+ListItem+Organization,,970,12,22,0,0,niente tabelle/liste/FAQ da citare
blog/duolingo-vs-individual-classes.html,en,Duolingo vs. Individual Classes | thuisitaliaans,48,135,1,Duolingo vs. Individual Classes,/blog/can-you-learn-italian-on-duolingo,0,BlogPosting+BreadcrumbList+ImageObject+ListItem+Organization,,582,13,17,0,1,noindex; canonical relativo
blog/e-il-mio-cavallo-di-battaglia.html,it,È il mio cavallo di battaglia | thuisitaliaans,46,148,1,È il mio cavallo di battaglia,https://thuisitaliaans.com/blog/e-il-mio-cavallo-di-battaglia,0,BlogPosting+BreadcrumbList+ImageObject+ListItem+Organization,,602,13,16,0,2,
blog/easy-hacks-for-mastering-italian-language.html,en,Easy Hacks for Mastering Italian Language | thuisitaliaans,58,149,1,Easy Hacks for Mastering Italian Language,/blog/10-tips-for-learning-italian,0,BlogPosting+BreadcrumbList+ImageObject+ListItem+Organization,,520,13,17,0,0,noindex; canonical relativo; niente tabelle/liste/FAQ da citare
blog/elevate-your-italian-learning-with-expert-led-online-courses.html,en,Elevate Your Italian Learning with Expert-Led Online Courses | thuisitaliaans,77,137,0,,,0,BlogPosting+BreadcrumbList+ImageObject+ListItem+Organization,,57,1,10,0,0,title lungo; h1 assente; noindex; canonical assente; pagina sottile; niente tabelle/liste/FAQ da citare
blog/elke-dag-tien-minuten-italiaans.html,nl,Elke dag tien minuten Italiaans | thuisitaliaans,48,137,1,Elke dag tien minuten Italiaans: een routine die wél werkt,https://thuisitaliaans.com/blog/elke-dag-tien-minuten-italiaans,0,BlogPosting+BreadcrumbList+ImageObject+ListItem+Organization,,927,12,20,0,1,
blog/embrace-the-richness-of-italian-culture.html,en,Embrace the Richness of Italian Culture | thuisitaliaans,56,138,0,,,0,BlogPosting+BreadcrumbList+ImageObject+ListItem+Organization,,67,1,10,0,0,h1 assente; noindex; canonical assente; pagina sottile; niente tabelle/liste/FAQ da citare
blog/engaging-personalized-italian-language-courses.html,en,"Engaging, Personalized Italian Language Courses | thuisitaliaans",64,149,0,,,0,BlogPosting+BreadcrumbList+ImageObject+ListItem+Organization,,32,1,10,0,0,h1 assente; noindex; canonical assente; pagina sottile; niente tabelle/liste/FAQ da citare
blog/enhance-your-italian-learning-effective-strategies.html,en,Enhance Your Italian Learning: Effective Strategies | thuisitaliaans,68,148,1,Enhance Your Italian Learning: Effective Strategies,/blog/10-tips-for-learning-italian,0,BlogPosting+BreadcrumbList+ImageObject+ListItem+Organization,,638,13,17,0,0,title lungo; noindex; canonical relativo; niente tabelle/liste/FAQ da citare
blog/enhance-your-italian-listening-skills.html,en,Enhance Your Italian Listening Skills | thuisitaliaans,54,144,0,,,0,BlogPosting+BreadcrumbList+ImageObject+ListItem+Organization,,31,1,10,0,0,h1 assente; noindex; canonical assente; pagina sottile; niente tabelle/liste/FAQ da citare
blog/enhance-your-italian-with-conversational-classes.html,en,Enhance Your Italian with Conversational Classes | thuisitaliaans,65,138,0,,,0,BlogPosting+BreadcrumbList+ImageObject+ListItem+Organization,,72,1,10,0,0,h1 assente; noindex; canonical assente; pagina sottile; niente tabelle/liste/FAQ da citare
blog/enhance-your-italian-with-our-expert-led-online-courses.html,en,Enhance Your Italian with Our Expert-Led Online Courses | thuisitaliaans,72,138,0,,,0,BlogPosting+BreadcrumbList+ImageObject+ListItem+Organization,,28,1,10,0,0,title lungo; h1 assente; noindex; canonical assente; pagina sottile; niente tabelle/liste/FAQ da citare
blog/essere-a-cavallo-significato.html,it,Essere a cavallo | thuisitaliaans,33,147,1,Essere a cavallo,https://thuisitaliaans.com/blog/essere-a-cavallo-significato,0,BlogPosting+BreadcrumbList+ImageObject+ListItem+Organization,,651,14,16,0,2,
blog/essere-al-verde-significato.html,it,Essere al verde | thuisitaliaans,32,149,1,Essere al verde,https://thuisitaliaans.com/blog/essere-al-verde-significato,0,BlogPosting+BreadcrumbList+ImageObject+ListItem+Organization,,479,13,16,0,0,niente tabelle/liste/FAQ da citare
blog/essere-in-alto-mare-significato.html,it,Essere in alto mare | thuisitaliaans,36,150,1,Essere in alto mare,https://thuisitaliaans.com/blog/essere-in-alto-mare-significato,0,BlogPosting+BreadcrumbList+ImageObject+ListItem+Organization,,638,13,16,0,2,
blog/expertly-crafted-italian-courses-with-alessio.html,en,Expertly Crafted Italian Courses with Alessio | thuisitaliaans,62,135,0,,,0,BlogPosting+BreadcrumbList+ImageObject+ListItem+Organization,,71,1,10,0,0,h1 assente; noindex; canonical assente; pagina sottile; niente tabelle/liste/FAQ da citare
blog/explore-personalized-online-italian-classes-tailored-to-you.html,en,Explore Personalized Online Italian Classes Tailored to You | thuisitaliaans,76,149,0,,,0,BlogPosting+BreadcrumbList+ImageObject+ListItem+Organization,,71,1,10,0,0,title lungo; h1 assente; noindex; canonical assente; pagina sottile; niente tabelle/liste/FAQ da citare
blog/export-italiano.html,it,Esportazioni italiane | thuisitaliaans,38,147,1,Esportazioni italiane,https://thuisitaliaans.com/blog/export-italiano,0,BlogPosting+BreadcrumbList+ImageObject+ListItem+Organization,,654,15,16,0,2,
blog/extensive-reading-italian.html,en,Extensive Reading: Learn Italian with Easy Books | thuisitaliaans,65,142,1,Extensive Reading: Learn Italian with Easy Books,https://thuisitaliaans.com/blog/extensive-reading-italian,0,BlogPosting+BreadcrumbList+ImageObject+ListItem+Organization,,801,12,24,0,1,img senza width/height ×1
blog/fare-i-conti-senza-loste.html,it,Fare i conti senza l’oste | thuisitaliaans,42,147,1,Fare i conti senza l’oste,https://thuisitaliaans.com/blog/fare-i-conti-senza-loste,0,BlogPosting+BreadcrumbList+ImageObject+ListItem+Organization,,547,13,16,0,2,
blog/fast-italian-language-skills.html,en,Fast Italian Language Skills | thuisitaliaans,45,148,1,Fast Italian Language Skills,/blog/10-tips-for-learning-italian,0,BlogPosting+BreadcrumbList+ImageObject+ListItem+Organization,,578,13,17,0,0,noindex; canonical relativo; niente tabelle/liste/FAQ da citare
blog/firenze.html,it,Firenze | thuisitaliaans,24,143,1,Firenze,https://thuisitaliaans.com/blog/firenze,0,BlogPosting+BreadcrumbList+ImageObject+ListItem+Organization,,873,14,16,0,2,
blog/fluency-practice-italian.html,en,Fluency Practice: The Missing Part of Italian Study | thuisitaliaans,68,131,1,Fluency Practice: The Missing Part of Italian Study,https://thuisitaliaans.com/blog/fluency-practice-italian,0,BlogPosting+BreadcrumbList+ImageObject+ListItem+Organization,,705,12,21,0,1,title lungo; img senza width/height ×1
blog/focused-language-learning.html,en,Focused Language Learning | thuisitaliaans,42,146,1,Focused Language Learning,/blog/10-tips-for-learning-italian,0,BlogPosting+BreadcrumbList+ImageObject+ListItem+Organization,,910,13,17,0,0,noindex; canonical relativo; niente tabelle/liste/FAQ da citare
blog/formale-o-informale.html,it,Formale o informale? | thuisitaliaans,37,149,1,Formale o informale?,https://thuisitaliaans.com/blog/formale-o-informale,0,BlogPosting+BreadcrumbList+ImageObject+ListItem+Organization,,709,14,16,0,2,
blog/four-strands-method-italian.html,en,The Four Strands Method for Learning Italian | thuisitaliaans,61,148,1,The Four Strands Method for Learning Italian,https://thuisitaliaans.com/blog/four-strands-method-italian,0,BlogPosting+BreadcrumbList+ImageObject+ListItem+Organization,,873,12,24,0,1,img senza width/height ×1
blog/gestalt-language-learning-theory.html,en,Gestalt Language Learning Theory | thuisitaliaans,49,149,1,Gestalt Language Learning Theory,https://thuisitaliaans.com/blog/gestalt-language-learning-theory,0,BlogPosting+BreadcrumbList+ImageObject+ListItem+Organization,,795,14,16,0,0,niente tabelle/liste/FAQ da citare
blog/giuseppe-garibaldi-leroe-dei-due-mondi.html,it,Giuseppe Garibaldi: L'eroe dei due mondi | thuisitaliaans,57,149,1,Giuseppe Garibaldi: L&#x27;eroe dei due mondi,https://thuisitaliaans.com/blog/giuseppe-garibaldi-leroe-dei-due-mondi,0,BlogPosting+BreadcrumbList+ImageObject+ListItem+Organization,,661,14,16,0,2,
blog/gli-stereotipi-sugli-italiani.html,it,Gli stereotipi sugli italiani | thuisitaliaans,46,149,1,Gli stereotipi sugli italiani,https://thuisitaliaans.com/blog/gli-stereotipi-sugli-italiani,0,BlogPosting+BreadcrumbList+ImageObject+ListItem+Organization,,795,14,16,0,2,
blog/graded-readers-vs-dual-language.html,en,Graded readers or dual-language editions? An honest comparison | thuisitaliaans,79,143,1,Graded readers or dual-language editions? An honest comparison,https://thuisitaliaans.com/blog/graded-readers-vs-dual-language,0,BlogPosting+BreadcrumbList+ImageObject+ListItem+Organization,,669,12,17,0,0,title lungo; img senza width/height ×1; niente tabelle/liste/FAQ da citare
blog/grammar-in-context-italian.html,en,Italian Grammar in Context: The Noticing Hypothesis | thuisitaliaans,68,146,1,Italian Grammar in Context: The Noticing Hypothesis,https://thuisitaliaans.com/blog/grammar-in-context-italian,0,BlogPosting+BreadcrumbList+ImageObject+ListItem+Organization,,752,12,22,0,0,title lungo; img senza width/height ×1; niente tabelle/liste/FAQ da citare
blog/gratis-italiaanse-oefeningen-gebruiken.html,nl,700 gratis Italiaanse oefeningen: hoe je ze in de goede volgorde gebruikt | thuisitaliaans,90,135,1,700 gratis Italiaanse oefeningen: hoe je ze in de goede volgorde gebru,https://thuisitaliaans.com/blog/gratis-italiaanse-oefeningen-gebruiken,0,BlogPosting+BreadcrumbList+ImageObject+ListItem+Organization,,639,12,20,0,1,title lungo; img senza width/height ×1
blog/hoeveel-reistijd-is-een-goede-docent-waard.html,nl,Hoeveel reistijd is een goede docent waard? | thuisitaliaans,60,108,1,Hoeveel reistijd is een goede docent waard?,https://thuisitaliaans.com/blog/hoeveel-reistijd-is-een-goede-docent-waard,0,BlogPosting+BreadcrumbList+ImageObject+ListItem+Organization,,676,12,28,0,0,niente tabelle/liste/FAQ da citare
blog/hoeveel-tijd-kost-het-om-italiaans-te-leren.html,nl,Hoeveel tijd kost het om Italiaans te leren? | thuisitaliaans,61,141,1,Hoeveel tijd kost het om Italiaans te leren?,https://thuisitaliaans.com/blog/hoeveel-tijd-kost-het-om-italiaans-te-leren,0,BlogPosting+BreadcrumbList+ImageObject+ListItem+Organization,,1049,12,22,0,1,
blog/how-difficult-is-to-learn-italian.html,en,How difficult is to learn Italian? | thuisitaliaans,51,149,1,How difficult is to learn Italian?,/blog/is-italian-difficult-to-learn-no,0,BlogPosting+BreadcrumbList+ImageObject+ListItem+Organization,,551,13,17,0,0,noindex; canonical relativo; niente tabelle/liste/FAQ da citare
blog/how-long-does-it-take-to-learn-italian.html,en,How Long Does It Take to Learn Italian? | thuisitaliaans,56,142,1,How Long Does It Take to Learn Italian?,https://thuisitaliaans.com/blog/how-long-does-it-take-to-learn-italian,0,BlogPosting+BreadcrumbList+ImageObject+ListItem+Organization,,857,13,16,0,0,niente tabelle/liste/FAQ da citare
blog/how-many-words-italian.html,en,How Many Italian Words Do You Need? The Real Numbers | thuisitaliaans,69,143,1,How Many Italian Words Do You Need? The Real Numbers,https://thuisitaliaans.com/blog/how-many-words-italian,0,BlogPosting+BreadcrumbList+ImageObject+ListItem+Organization,,697,12,22,0,0,title lungo; img senza width/height ×1; niente tabelle/liste/FAQ da citare
blog/how-to-choose-the-best-online-italian-course-for-beginners.html,en,How to Choose the Best Online Italian Course for Beginners | thuisitaliaans,75,145,1,How to Choose the Best Online Italian Course for Beginners,https://thuisitaliaans.com/blog/how-to-choose-the-best-online-italian-course-for-beginners,0,BlogPosting+BreadcrumbList+ImageObject+ListItem+Organization,,1450,14,16,0,0,title lungo; niente tabelle/liste/FAQ da citare
blog/how-to-prepare-italian-b1-exam.html,en,How to Prepare for the Italian B1 Exam: A Teacher&#x27;s Plan | thuisitaliaans,78,139,1,How to Prepare for the Italian B1 Exam: A Teacher&#x27;s Plan,https://thuisitaliaans.com/blog/how-to-prepare-italian-b1-exam,0,BlogPosting+BreadcrumbList+ImageObject+ListItem+Organization,,704,12,25,0,0,title lungo; img senza width/height ×1; niente tabelle/liste/FAQ da citare
blog/i-borghi-italiani.html,it,I Borghi Italiani | thuisitaliaans,34,148,1,I Borghi Italiani,https://thuisitaliaans.com/blog/i-borghi-italiani,0,BlogPosting+BreadcrumbList+ImageObject+ListItem+Organization,,724,14,16,0,2,
blog/i-brand-italiani.html,it,I brand italiani | thuisitaliaans,33,147,1,I brand italiani,https://thuisitaliaans.com/blog/i-brand-italiani,0,BlogPosting+BreadcrumbList+ImageObject+ListItem+Organization,,647,14,16,0,2,
blog/i-dialetti-italiani.html,it,I dialetti Italiani | thuisitaliaans,36,144,1,I dialetti Italiani,https://thuisitaliaans.com/blog/i-dialetti-italiani,0,BlogPosting+BreadcrumbList+ImageObject+ListItem+Organization,,774,14,16,0,2,
blog/i-gesti-degli-italiani.html,it,I gesti degli italiani | thuisitaliaans,39,143,1,I gesti degli italiani,https://thuisitaliaans.com/blog/i-gesti-degli-italiani,0,BlogPosting+BreadcrumbList+ImageObject+ListItem+Organization,,773,14,16,0,2,
blog/i-gesti-famosi-degli-italiani.html,it,I Gesti Famosi degli Italiani | thuisitaliaans,46,148,1,I Gesti Famosi degli Italiani,https://thuisitaliaans.com/blog/i-gesti-famosi-degli-italiani,0,BlogPosting+BreadcrumbList+ImageObject+ListItem+Organization,,705,14,16,0,2,
blog/i-passatempi-degli-italiani.html,it,I passatempi degli italiani | thuisitaliaans,44,147,1,I passatempi degli italiani,https://thuisitaliaans.com/blog/i-passatempi-degli-italiani,0,BlogPosting+BreadcrumbList+ImageObject+ListItem+Organization,,773,14,16,0,2,
blog/il-bar-in-italia.html,it,Il Bar in Italia | thuisitaliaans,33,150,1,Il Bar in Italia,https://thuisitaliaans.com/blog/il-bar-in-italia,0,BlogPosting+BreadcrumbList+ImageObject+ListItem+Organization,,752,14,16,0,2,
blog/il-boom-dellitaliano-la-quarta-lingua-piu-studiata-al-mondo.html,it,Il boom dell'italiano: la quarta lingua più studiata al mondo! | thuisitaliaans,79,150,1,Il boom dell&#x27;italiano: la quarta lingua più studiata al mondo!,https://thuisitaliaans.com/blog/il-boom-dellitaliano-la-quarta-lingua-piu-studiata-al-mondo,0,BlogPosting+BreadcrumbList+ImageObject+ListItem+Organization,,717,14,16,0,2,title lungo
blog/il-carnevale-di-ivrea.html,it,Il carnevale di Ivrea | thuisitaliaans,38,148,1,Il carnevale di Ivrea,https://thuisitaliaans.com/blog/il-carnevale-di-ivrea,0,BlogPosting+BreadcrumbList+ImageObject+ListItem+Organization,,698,14,16,0,2,
blog/il-carnevale-di-venezia.html,it,Il Carnevale di Venezia | thuisitaliaans,40,143,1,Il Carnevale di Venezia,https://thuisitaliaans.com/blog/il-carnevale-di-venezia,0,BlogPosting+BreadcrumbList+ImageObject+ListItem+Organization,,851,14,16,0,2,
blog/il-clima-italiano-sole-mare-e-montagne.html,it,"Il Clima Italiano: Sole, Mare e Montagne | thuisitaliaans",57,150,1,"Il Clima Italiano: Sole, Mare e Montagne",https://thuisitaliaans.com/blog/il-clima-italiano-sole-mare-e-montagne,0,BlogPosting+BreadcrumbList+ImageObject+ListItem+Organization,,783,14,16,0,2,
blog/il-collio-per-go2025-quando-la-cultura-unisce-i-confini.html,it,Il Collio per GO!2025: quando la cultura unisce i confini | thuisitaliaans,74,83,1,Il Collio per GO!2025: quando la cultura unisce i confini,https://thuisitaliaans.com/blog/il-collio-per-go2025-quando-la-cultura-unisce-i-confini,0,BlogPosting+BreadcrumbList+ImageObject+ListItem+Organization,,749,12,16,0,2,title lungo
blog/il-compleanno-italiano.html,it,Il compleanno italiano | thuisitaliaans,39,146,1,Il compleanno italiano,https://thuisitaliaans.com/blog/il-compleanno-italiano,0,BlogPosting+BreadcrumbList+ImageObject+ListItem+Organization,,689,14,16,0,2,
blog/il-gioco-non-vale-la-candela.html,it,Il gioco non vale la candela | thuisitaliaans,45,148,1,Il gioco non vale la candela,https://thuisitaliaans.com/blog/il-gioco-non-vale-la-candela,0,BlogPosting+BreadcrumbList+ImageObject+ListItem+Organization,,642,13,16,0,2,
blog/il-granchio-blu.html,it,Il Granchio Blu | thuisitaliaans,32,140,1,Il Granchio Blu,https://thuisitaliaans.com/blog/il-granchio-blu,0,BlogPosting+BreadcrumbList+ImageObject+ListItem+Organization,,925,14,16,0,2,
blog/il-matrimonio-italiano.html,it,Il matrimonio italiano | thuisitaliaans,39,144,1,Il matrimonio italiano,https://thuisitaliaans.com/blog/il-matrimonio-italiano,0,BlogPosting+BreadcrumbList+ImageObject+ListItem+Organization,,748,14,16,0,2,
blog/il-padrino-unimpronta-indelebile.html,it,Il Padrino: un'impronta indelebile | thuisitaliaans,51,147,1,Il Padrino: un&#x27;impronta indelebile,https://thuisitaliaans.com/blog/il-padrino-unimpronta-indelebile,0,BlogPosting+BreadcrumbList+ImageObject+ListItem+Organization,,892,14,16,0,2,
blog/il-patrimonio-culturale-dellitalia.html,it,Il patrimonio culturale dell'Italia | thuisitaliaans,52,145,1,Il patrimonio culturale dell&#x27;Italia,https://thuisitaliaans.com/blog/il-patrimonio-culturale-dellitalia,0,BlogPosting+BreadcrumbList+ImageObject+ListItem+Organization,,746,14,16,0,2,
blog/il-rinascimento-italiano.html,it,Il Rinascimento Italiano | thuisitaliaans,41,146,1,Il Rinascimento Italiano,https://thuisitaliaans.com/blog/il-rinascimento-italiano,0,BlogPosting+BreadcrumbList+ImageObject+ListItem+Organization,,580,14,16,0,2,
blog/il-sistema-politico-italiano.html,it,Il sistema politico italiano | thuisitaliaans,45,147,1,Il sistema politico italiano,https://thuisitaliaans.com/blog/il-sistema-politico-italiano,0,BlogPosting+BreadcrumbList+ImageObject+ListItem+Organization,,955,14,16,0,2,
blog/immerse-yourself-in-italian-culture-with-customized-language-classes.html,en,Immerse Yourself in Italian Culture with Customized Language Classes | thuisitaliaans,85,147,0,,,0,BlogPosting+BreadcrumbList+ImageObject+ListItem+Organization,,70,1,10,0,0,title lungo; h1 assente; noindex; canonical assente; pagina sottile; niente tabelle/liste/FAQ da citare
blog/impara-litaliano-ovunque-lezioni-online-e-in-presenza-ad-amsterdam.html,it,Impara l’italiano ovunque: lezioni online e in presenza ad Amsterdam | thuisitaliaans,85,146,0,,,3,BlogPosting+BreadcrumbList+ImageObject+ListItem+Organization,,60,1,10,0,0,title lungo; h1 assente; noindex; canonical assente; pagina sottile; niente tabelle/liste/FAQ da citare
blog/in-bocca-al-lupo.html,it,In bocca al lupo | thuisitaliaans,33,142,1,In bocca al lupo,https://thuisitaliaans.com/blog/in-bocca-al-lupo,0,BlogPosting+BreadcrumbList+ImageObject+ListItem+Organization,,644,14,16,0,2,
blog/index.html,it,Blog · Articoli per imparare l'italiano | thuisitaliaans,56,193,1,Articoli per imparare l'italiano,https://thuisitaliaans.com/blog/,0,Blog+BreadcrumbList+ImageObject+ListItem+Organization+WebPag,,6734,203,216,0,0,description lunga; img senza width/height ×9; niente tabelle/liste/FAQ da citare
blog/interactive-learning-methods.html,en,Interactive Learning Methods | thuisitaliaans,45,144,1,Interactive Learning Methods,/blog/10-tips-for-learning-italian,0,BlogPosting+BreadcrumbList+ImageObject+ListItem+Organization,,543,13,17,0,0,noindex; canonical relativo; niente tabelle/liste/FAQ da citare
blog/interleaving-practice-italian.html,en,Interleaving: Why Mixed Italian Practice Works Better | thuisitaliaans,70,141,1,Interleaving: Why Mixed Italian Practice Works Better,https://thuisitaliaans.com/blog/interleaving-practice-italian,0,BlogPosting+BreadcrumbList+ImageObject+ListItem+Organization,,702,12,22,0,1,title lungo; img senza width/height ×1
blog/is-italian-difficult-to-learn-no.html,en,Is Italian Difficult to Learn? No! | thuisitaliaans,51,146,1,Is Italian Difficult to Learn? No!,https://thuisitaliaans.com/blog/is-italian-difficult-to-learn-no,0,BlogPosting+BreadcrumbList+ImageObject+ListItem+Organization,,729,13,16,0,0,niente tabelle/liste/FAQ da citare
blog/italia-e-paesi-bassi-arte-cultura-e-dialogo-oltre-i-confini.html,it,"Italia e Paesi Bassi: arte, cultura e dialogo oltre i confini | thuisitaliaans",78,88,1,"Italia e Paesi Bassi: arte, cultura e dialogo oltre i confini",https://thuisitaliaans.com/blog/italia-e-paesi-bassi-arte-cultura-e-dialogo-oltre-i-confini,0,BlogPosting+BreadcrumbList+ImageObject+ListItem+Organization,,757,12,16,0,2,title lungo
blog/italiaans-app-na-a2.html,nl,Waarom je Italiaanse app na A2 stopt met werken | thuisitaliaans,64,115,1,Waarom je Italiaanse app na A2 stopt met werken,https://thuisitaliaans.com/blog/italiaans-app-na-a2,0,BlogPosting+BreadcrumbList+ImageObject+ListItem+Organization,,732,12,18,0,1,img senza width/height ×1
blog/italiaans-b1-staatsburgerschap.html,nl,Italiaans B1 voor het Italiaanse staatsburgerschap: wat je moet weten | thuisitaliaans,86,179,1,Italiaans B1 voor het Italiaanse staatsburgerschap: wat je moet weten,https://thuisitaliaans.com/blog/italiaans-b1-staatsburgerschap,0,Answer+BlogPosting+BreadcrumbList+FAQPage+ImageObject+ListIt,si,1139,12,20,0,0,title lungo; description lunga; FAQPage senza domande visibili; niente tabelle/liste/FAQ da citare
blog/italiaans-leren-in-amsterdam-alle-opties.html,nl,Italiaans leren in Amsterdam: alle opties op een rij | thuisitaliaans,69,114,1,Italiaans leren in Amsterdam: alle opties op een rij,https://thuisitaliaans.com/blog/italiaans-leren-in-amsterdam-alle-opties,0,BlogPosting+BreadcrumbList+ImageObject+ListItem+Organization,,835,12,27,0,1,title lungo
blog/italiaans-leren-in-amsterdam-privelessen-groepslessen-en-online-cursussen.html,nl,"Italiaans leren in Amsterdam: privélessen, groepslessen en online cursussen | thuisitaliaans",92,149,0,,,0,BlogPosting+BreadcrumbList+ImageObject+ListItem+Organization,,77,1,10,0,0,title lungo; h1 assente; noindex; canonical assente; pagina sottile; niente tabelle/liste/FAQ da citare
blog/italiaans-leren-in-ede-en-omgeving.html,nl,"Italiaans leren in Ede, Wageningen en omgeving: alle opties | thuisitaliaans",76,165,1,"Italiaans leren in Ede, Wageningen en omgeving: alle opties",https://thuisitaliaans.com/blog/italiaans-leren-in-ede-en-omgeving,0,BlogPosting+BreadcrumbList+ImageObject+ListItem+Organization,,1058,12,32,0,1,title lungo
blog/italiaans-leren-in-het-gooi-en-hilversum.html,nl,Italiaans leren in 't Gooi: waarom hier bijna niemand 's avonds les wil | thuisitaliaans,88,121,1,Italiaans leren in 't Gooi: waarom hier bijna niemand 's avonds les wi,https://thuisitaliaans.com/blog/italiaans-leren-in-het-gooi-en-hilversum,0,BlogPosting+BreadcrumbList+ImageObject+ListItem+Organization,,672,12,28,0,0,title lungo; niente tabelle/liste/FAQ da citare
blog/italiaans-leren-in-utrecht-alle-opties.html,nl,Italiaans leren in Utrecht en omgeving: alle opties | thuisitaliaans,68,128,1,Italiaans leren in Utrecht en omgeving: alle opties,https://thuisitaliaans.com/blog/italiaans-leren-in-utrecht-alle-opties,0,BlogPosting+BreadcrumbList+ImageObject+ListItem+Organization,,598,12,28,0,1,title lungo
blog/italiaans-leren-na-je-50e.html,nl,Italiaans leren na je 50e: wat er verandert en wat niet | thuisitaliaans,72,160,1,Italiaans leren na je 50e: wat er verandert en wat niet,https://thuisitaliaans.com/blog/italiaans-leren-na-je-50e,0,BlogPosting+BreadcrumbList+ImageObject+ListItem+Organization,,1238,12,22,0,1,title lungo
blog/italiaans-voor-je-huis-in-italie.html,nl,Italiaans voor je huis in Italië: de woorden die je bij de notaris en de aannemer nodig hebt | thuisitaliaans,109,162,1,Italiaans voor je huis in Italië: de woorden die je bij de notaris en ,https://thuisitaliaans.com/blog/italiaans-voor-je-huis-in-italie,0,BlogPosting+BreadcrumbList+ImageObject+ListItem+Organization,,1057,12,18,0,1,title lungo
blog/italiaans-voor-je-italiaanse-schoonfamilie.html,nl,Italiaans leren voor je Italiaanse schoonfamilie | thuisitaliaans,65,170,1,Italiaans leren voor je Italiaanse schoonfamilie,https://thuisitaliaans.com/blog/italiaans-voor-je-italiaanse-schoonfamilie,0,BlogPosting+BreadcrumbList+ImageObject+ListItem+Organization,,1117,12,19,0,1,description lunga
blog/italiaans-voor-op-vakantie.html,nl,Italiaans voor op vakantie | thuisitaliaans,43,154,1,Italiaans voor op vakantie: de zinnen die je écht gebruikt,https://thuisitaliaans.com/blog/italiaans-voor-op-vakantie,0,BlogPosting+BreadcrumbList+ImageObject+ListItem+Organization,,966,12,21,0,1,
blog/italiaanse-boeken-lezen-op-jouw-niveau.html,nl,Italiaanse boeken lezen op jouw niveau | thuisitaliaans,55,142,1,Italiaanse boeken lezen op jouw niveau: zo kies je het juiste boek,https://thuisitaliaans.com/blog/italiaanse-boeken-lezen-op-jouw-niveau,0,BlogPosting+BreadcrumbList+ImageObject+ListItem+Organization,,848,12,27,0,1,
blog/italiaanse-klassiekers-lezen-als-je-nog-leert.html,nl,Italiaanse klassiekers lezen als je nog leert | thuisitaliaans,62,136,1,Italiaanse klassiekers lezen terwijl je de taal nog leert,https://thuisitaliaans.com/blog/italiaanse-klassiekers-lezen-als-je-nog-leert,0,BlogPosting+BreadcrumbList+ImageObject+ListItem+Organization,,841,12,27,0,0,niente tabelle/liste/FAQ da citare
blog/italiaanse-les-avond-of-overdag.html,nl,Italiaanse les 's avonds of overdag? Wat het echt uitmaakt | thuisitaliaans,75,120,1,Italiaanse les 's avonds of overdag? Wat het echt uitmaakt,https://thuisitaliaans.com/blog/italiaanse-les-avond-of-overdag,0,BlogPosting+BreadcrumbList+ImageObject+ListItem+Organization,,649,12,22,0,1,title lungo
blog/italiaanse-les-voor-ouder-en-kind.html,nl,Samen met je kind Italiaans leren: werkt dat? | thuisitaliaans,62,111,1,Samen met je kind Italiaans leren: werkt dat?,https://thuisitaliaans.com/blog/italiaanse-les-voor-ouder-en-kind,0,BlogPosting+BreadcrumbList+ImageObject+ListItem+Organization,,703,12,25,0,0,niente tabelle/liste/FAQ da citare
blog/italiaanse-lidwoorden-uitgelegd.html,nl,Italiaanse lidwoorden uitgelegd | thuisitaliaans,48,148,1,"Italiaanse lidwoorden: il, lo, la, i, gli, le uitgelegd",https://thuisitaliaans.com/blog/italiaanse-lidwoorden-uitgelegd,0,BlogPosting+BreadcrumbList+ImageObject+ListItem+Organization,,879,12,19,0,2,
blog/italiaanse-literatuur-in-het-origineel.html,nl,Italiaanse literatuur in het origineel lezen: waar begin je | thuisitaliaans,76,153,1,Italiaanse literatuur in het origineel lezen: waar begin je,https://thuisitaliaans.com/blog/italiaanse-literatuur-in-het-origineel,0,BlogPosting+BreadcrumbList+ImageObject+ListItem+Organization,,644,12,17,0,0,title lungo; img senza width/height ×1; niente tabelle/liste/FAQ da citare
blog/italiaanse-uitspraak-voor-nederlanders.html,nl,Italiaanse uitspraak voor Nederlanders: de 7 lastigste klanken | thuisitaliaans,79,121,1,Italiaanse uitspraak voor Nederlanders: de 7 lastigste klanken,https://thuisitaliaans.com/blog/italiaanse-uitspraak-voor-nederlanders,0,BlogPosting+BreadcrumbList+ImageObject+ListItem+Organization,,1291,12,19,0,1,title lungo
blog/italiaanse-woordenschat-uitbreiden.html,nl,Italiaanse woordenschat uitbreiden | thuisitaliaans,51,136,1,Je Italiaanse woordenschat uitbreiden: 5 methodes vergeleken,https://thuisitaliaans.com/blog/italiaanse-woordenschat-uitbreiden,0,BlogPosting+BreadcrumbList+ImageObject+ListItem+Organization,,920,12,21,0,1,
blog/italian-b1-citizenship-exam-guide.html,en,The B1 Italian Citizenship Exam: A Complete Guide | thuisitaliaans,66,148,1,The B1 Italian Citizenship Exam: A Complete Guide,https://thuisitaliaans.com/blog/italian-b1-citizenship-exam-guide,0,BlogPosting+BreadcrumbList+ImageObject+ListItem+Organization,,910,12,31,0,0,title lungo; img senza width/height ×1; niente tabelle/liste/FAQ da citare
blog/italian-b1-exam-mistakes.html,en,Seven Mistakes That Fail Italian B1 Candidates | thuisitaliaans,63,143,1,Seven Mistakes That Fail Italian B1 Candidates,https://thuisitaliaans.com/blog/italian-b1-exam-mistakes,0,BlogPosting+BreadcrumbList+ImageObject+ListItem+Organization,,614,12,25,0,0,img senza width/height ×1; niente tabelle/liste/FAQ da citare
blog/italian-b1-listening-practice.html,en,Italian B1 Listening: Training for the Hardest Section | thuisitaliaans,71,145,1,Italian B1 Listening: Training for the Hardest Section,https://thuisitaliaans.com/blog/italian-b1-listening-practice,0,BlogPosting+BreadcrumbList+ImageObject+ListItem+Organization,,705,12,21,0,0,title lungo; img senza width/height ×1; niente tabelle/liste/FAQ da citare
blog/italian-b1-practice-tests.html,en,Italian B1 Practice Tests: Why Mock Exams Matter | thuisitaliaans,65,141,1,Italian B1 Practice Tests: Why Mock Exams Matter,https://thuisitaliaans.com/blog/italian-b1-practice-tests,0,BlogPosting+BreadcrumbList+ImageObject+ListItem+Organization,,698,12,22,0,0,img senza width/height ×1; niente tabelle/liste/FAQ da citare
blog/italian-b1-writing-exam.html,en,Italian B1 Writing: What Examiners Expect | thuisitaliaans,58,148,1,Italian B1 Writing: What Examiners Expect,https://thuisitaliaans.com/blog/italian-b1-writing-exam,0,BlogPosting+BreadcrumbList+ImageObject+ListItem+Organization,,686,12,21,0,0,img senza width/height ×1; niente tabelle/liste/FAQ da citare
blog/italian-book-club-how-to-run-one.html,en,Running an Italian book club when nobody is fluent yet | thuisitaliaans,71,157,1,Running an Italian book club when nobody is fluent yet,https://thuisitaliaans.com/blog/italian-book-club-how-to-run-one,0,BlogPosting+BreadcrumbList+ImageObject+ListItem+Organization,,673,12,16,0,0,title lungo; img senza width/height ×1; niente tabelle/liste/FAQ da citare
blog/italian-citizenship-by-marriage-b1.html,en,Italian Citizenship by Marriage: The B1 Language Rule | thuisitaliaans,70,144,1,Italian Citizenship by Marriage: The B1 Language Rule,https://thuisitaliaans.com/blog/italian-citizenship-by-marriage-b1,0,BlogPosting+BreadcrumbList+ImageObject+ListItem+Organization,,688,12,26,0,0,title lungo; img senza width/height ×1; niente tabelle/liste/FAQ da citare
blog/italian-class-technology-gdpr.html,en,Phones in the Italian Classroom: A GDPR-Proof Language Lab | thuisitaliaans,75,139,1,Phones in the Italian Classroom: A GDPR-Proof Language Lab,https://thuisitaliaans.com/blog/italian-class-technology-gdpr,0,BlogPosting+BreadcrumbList+ImageObject+ListItem+Organization,,747,12,22,0,1,title lungo; img senza width/height ×1
blog/italian-classes-from-home.html,en,Italian Classes from Home | thuisitaliaans,42,138,0,,,0,BlogPosting+BreadcrumbList+ImageObject+ListItem+Organization,,27,1,10,0,0,h1 assente; noindex; canonical assente; pagina sottile; niente tabelle/liste/FAQ da citare
blog/italian-classes-near-you-and-online.html,en,Italian Classes Near You and Online | thuisitaliaans,52,147,0,,,0,BlogPosting+BreadcrumbList+ImageObject+ListItem+Organization,,77,1,10,0,0,h1 assente; noindex; canonical assente; pagina sottile; niente tabelle/liste/FAQ da citare
blog/italian-courses-for-kids-play-learn-and-grow-with-tailored-italian-lessons.html,en,"Italian Courses for Kids: Play, Learn, and Grow with Tailored Italian Lessons | thuisitaliaans",94,145,0,,,0,BlogPosting+BreadcrumbList+ImageObject+ListItem+Organization,,75,1,10,0,0,title lungo; h1 assente; noindex; canonical assente; pagina sottile; niente tabelle/liste/FAQ da citare
blog/italian-cultural-immersion-tips-in-individual-classes.html,en,Italian Cultural Immersion Tips in Individual Classes | thuisitaliaans,70,149,1,Italian Cultural Immersion Tips in Individual Classes,/blog/recreating-real-life-immersion,0,BlogPosting+BreadcrumbList+ImageObject+ListItem+Organization,,701,13,17,0,0,title lungo; noindex; canonical relativo; niente tabelle/liste/FAQ da citare
blog/italian-culture-courses.html,en,Italian Culture Courses | thuisitaliaans,40,144,0,,,0,BlogPosting+BreadcrumbList+ImageObject+ListItem+Organization,,57,1,10,0,0,h1 assente; noindex; canonical assente; pagina sottile; niente tabelle/liste/FAQ da citare
blog/italian-for-specific-professions-tailored-courses-for-healthcare-law-and-hospitality-and-more.html,en,"Italian for Specific Professions: Tailored Courses for Healthcare, Law, and Hospitality and more | thuisitaliaans",113,149,0,,,0,BlogPosting+BreadcrumbList+ImageObject+ListItem+Organization,,30,1,10,0,0,title lungo; h1 assente; noindex; canonical assente; pagina sottile; niente tabelle/liste/FAQ da citare
blog/italian-for-travel-your-ultimate-guide.html,en,Italian for Travel: Your Ultimate Guide | thuisitaliaans,56,144,0,,,0,BlogPosting+BreadcrumbList+ImageObject+ListItem+Organization,,42,1,10,0,0,h1 assente; noindex; canonical assente; pagina sottile; niente tabelle/liste/FAQ da citare
blog/italian-gestures-more-than-just-words.html,en,Italian Gestures: More Than Just Words | thuisitaliaans,55,147,1,Italian Gestures: More Than Just Words,https://thuisitaliaans.com/blog/italian-gestures-more-than-just-words,0,BlogPosting+BreadcrumbList+ImageObject+ListItem+Organization,,1016,13,16,0,0,niente tabelle/liste/FAQ da citare
blog/italian-graded-readers-by-level.html,en,Italian graded readers: which classic at which level | thuisitaliaans,69,133,1,Italian graded readers: which classic at which level,https://thuisitaliaans.com/blog/italian-graded-readers-by-level,0,BlogPosting+BreadcrumbList+ImageObject+ListItem+Organization,,866,12,17,0,1,title lungo; img senza width/height ×1
blog/italian-language-immersion-dive-deep-with-online-italian-lessons.html,en,Italian Language Immersion: Dive Deep with Online Italian Lessons | thuisitaliaans,82,150,0,,,0,BlogPosting+BreadcrumbList+ImageObject+ListItem+Organization,,58,1,10,0,0,title lungo; h1 assente; noindex; canonical assente; pagina sottile; niente tabelle/liste/FAQ da citare
blog/italian-language-learning-shortcuts.html,en,Italian Language Learning Shortcuts | thuisitaliaans,52,149,1,Italian Language Learning Shortcuts,/blog/10-tips-for-learning-italian,0,BlogPosting+BreadcrumbList+ImageObject+ListItem+Organization,,538,13,17,0,0,noindex; canonical relativo; niente tabelle/liste/FAQ da citare
blog/italian-motor-week.html,it,Italian motor week | thuisitaliaans,35,148,1,Italian motor week,https://thuisitaliaans.com/blog/italian-motor-week,0,BlogPosting+BreadcrumbList+ImageObject+ListItem+Organization,,783,14,16,0,2,
blog/italian-private-classes-discover-the-advantages-of-personalized-learning.html,en,Italian Private Classes: Discover the Advantages of Personalized Learning | thuisitaliaans,90,145,0,,,0,BlogPosting+BreadcrumbList+ImageObject+ListItem+Organization,,30,1,10,0,0,title lungo; h1 assente; noindex; canonical assente; pagina sottile; niente tabelle/liste/FAQ da citare
blog/italian-private-classes-vs-group-classes-pros-and-cons.html,en,Italian Private Classes vs. Group Classes: Pros and Cons | thuisitaliaans,73,147,1,Italian Private Classes vs. Group Classes: Pros and Cons,/blog/the-effectiveness-of-learning-with-a-private-tutor-a-deep-dive-into-one-on-one-education,0,BlogPosting+BreadcrumbList+ImageObject+ListItem+Organization,,585,13,17,0,0,title lungo; noindex; canonical relativo; niente tabelle/liste/FAQ da citare
blog/italian-study-advices-for-all-levels.html,en,Italian Study Advices for All Levels | thuisitaliaans,53,144,1,Italian Study Advices for All Levels,/blog/10-tips-for-learning-italian,0,BlogPosting+BreadcrumbList+ImageObject+ListItem+Organization,,841,13,17,0,0,noindex; canonical relativo; niente tabelle/liste/FAQ da citare
blog/la-capitale-della-cultura.html,it,La Capitale della Cultura | thuisitaliaans,42,149,1,La Capitale della Cultura,https://thuisitaliaans.com/blog/la-capitale-della-cultura,0,BlogPosting+BreadcrumbList+ImageObject+ListItem+Organization,,731,14,16,0,2,
blog/la-cultura-in-italia.html,it,La cultura in Italia | thuisitaliaans,37,149,1,La cultura in Italia,https://thuisitaliaans.com/blog/la-cultura-in-italia,0,BlogPosting+BreadcrumbList+ImageObject+ListItem+Organization,,884,14,16,0,2,
blog/la-dolce-vita.html,it,La Dolce Vita | thuisitaliaans,30,145,1,La Dolce Vita,https://thuisitaliaans.com/blog/la-dolce-vita,0,BlogPosting+BreadcrumbList+ImageObject+ListItem+Organization,,705,14,16,0,2,
blog/la-festa-della-mamma.html,it,La festa della mamma | thuisitaliaans,37,144,1,La festa della mamma,https://thuisitaliaans.com/blog/la-festa-della-mamma,0,BlogPosting+BreadcrumbList+ImageObject+ListItem+Organization,,748,15,16,0,2,
blog/la-gestualita-italiana-un-linguaggio-senza-parole.html,it,La Gestualità Italiana: Un Linguaggio Senza Parole? | thuisitaliaans,68,148,1,La Gestualità Italiana: Un Linguaggio Senza Parole?,https://thuisitaliaans.com/blog/la-gestualita-italiana-un-linguaggio-senza-parole,0,BlogPosting+BreadcrumbList+ImageObject+ListItem+Organization,,594,14,16,0,2,title lungo
blog/la-grammatica-universale-di-chomsky.html,it,La grammatica universale di Chomsky | thuisitaliaans,52,145,1,La grammatica universale di Chomsky,https://thuisitaliaans.com/blog/la-grammatica-universale-di-chomsky,0,BlogPosting+BreadcrumbList+ImageObject+ListItem+Organization,,1370,13,16,0,1,
blog/la-moda-italiana-un-viaggio-nelleleganza.html,it,La moda italiana: un viaggio nell'eleganza | thuisitaliaans,59,148,1,La moda italiana: un viaggio nell&#x27;eleganza,https://thuisitaliaans.com/blog/la-moda-italiana-un-viaggio-nelleleganza,0,BlogPosting+BreadcrumbList+ImageObject+ListItem+Organization,,705,14,16,0,2,
blog/la-moka.html,it,La Moka | thuisitaliaans,24,150,1,La Moka,https://thuisitaliaans.com/blog/la-moka,0,BlogPosting+BreadcrumbList+ImageObject+ListItem+Organization,,799,14,16,0,2,
blog/la-nuova-famiglia-italiana.html,it,La nuova famiglia italiana | thuisitaliaans,43,148,1,La nuova famiglia italiana,https://thuisitaliaans.com/blog/la-nuova-famiglia-italiana,0,BlogPosting+BreadcrumbList+ImageObject+ListItem+Organization,,931,14,16,0,2,
blog/la-pasta-italiana.html,it,La pasta italiana | thuisitaliaans,34,141,1,La pasta italiana,https://thuisitaliaans.com/blog/la-pasta-italiana,0,BlogPosting+BreadcrumbList+ImageObject+ListItem+Organization,,921,14,16,0,2,
blog/la-salute-si-cura-insieme-prevenzione-e-incontri-gratuiti-ad-aci-bonaccorsi.html,it,La salute si cura insieme: prevenzione e incontri gratuiti ad Aci Bonaccorsi | thuisitaliaans,93,98,1,La salute si cura insieme: prevenzione e incontri gratuiti ad Aci Bona,https://thuisitaliaans.com/blog/la-salute-si-cura-insieme-prevenzione-e-incontri-gratuiti-ad-aci-bonaccorsi,0,BlogPosting+BreadcrumbList+ImageObject+ListItem+Organization,,756,13,16,0,2,title lungo
blog/la-torre-di-pisa.html,it,La Torre di Pisa | thuisitaliaans,33,147,1,La Torre di Pisa,https://thuisitaliaans.com/blog/la-torre-di-pisa,0,BlogPosting+BreadcrumbList+ImageObject+ListItem+Organization,,693,14,16,0,2,
blog/la-varieta-linguistica.html,it,La Varietà Linguistica | thuisitaliaans,39,146,1,La Varietà Linguistica,https://thuisitaliaans.com/blog/la-varieta-linguistica,0,BlogPosting+BreadcrumbList+ImageObject+ListItem+Organization,,1093,13,16,0,1,
blog/la-vespa.html,it,La Vespa | thuisitaliaans,25,145,1,La Vespa,https://thuisitaliaans.com/blog/la-vespa,0,BlogPosting+BreadcrumbList+ImageObject+ListItem+Organization,,714,15,16,0,2,
blog/langue-e-parole-de-saussure.html,it,"Langue e Parole, De Saussure | thuisitaliaans",45,141,1,"Langue e Parole, De Saussure",https://thuisitaliaans.com/blog/langue-e-parole-de-saussure,0,BlogPosting+BreadcrumbList+ImageObject+ListItem+Organization,,1307,14,16,0,1,
blog/le-100-torri-di-bologna.html,it,Le 100 torri di Bologna | thuisitaliaans,40,148,1,Le 100 torri di Bologna,https://thuisitaliaans.com/blog/le-100-torri-di-bologna,0,BlogPosting+BreadcrumbList+ImageObject+ListItem+Organization,,723,16,16,0,2,
blog/le-dolomiti.html,it,Le Dolomiti | thuisitaliaans,28,143,1,Le Dolomiti,https://thuisitaliaans.com/blog/le-dolomiti,0,BlogPosting+BreadcrumbList+ImageObject+ListItem+Organization,,708,15,16,0,2,
blog/le-funzioni-del-linguaggio.html,it,Le funzioni del linguaggio | thuisitaliaans,43,146,1,Le funzioni del linguaggio,https://thuisitaliaans.com/blog/le-funzioni-del-linguaggio,0,BlogPosting+BreadcrumbList+ImageObject+ListItem+Organization,,1338,13,16,0,0,niente tabelle/liste/FAQ da citare
blog/le-teorie-di-stephen-d-krashen.html,it,Le Teorie di Stephen D. Krashen | thuisitaliaans,48,140,1,Le Teorie di Stephen D. Krashen,https://thuisitaliaans.com/blog/le-teorie-di-stephen-d-krashen,0,BlogPosting+BreadcrumbList+ImageObject+ListItem+Organization,,1560,13,16,0,1,
blog/learn-italian-20-minutes-a-day.html,en,Learn Italian in 20 Minutes a Day: What Research Says | thuisitaliaans,70,145,1,Learn Italian in 20 Minutes a Day: What Research Says,https://thuisitaliaans.com/blog/learn-italian-20-minutes-a-day,0,BlogPosting+BreadcrumbList+ImageObject+ListItem+Organization,,667,12,26,0,1,title lungo; img senza width/height ×1
blog/learn-italian-as-a-kid-with-me.html,en,Learn Italian as a Kid with me! | thuisitaliaans,48,135,0,,,0,BlogPosting+BreadcrumbList+ImageObject+ListItem+Organization,,63,1,10,0,0,h1 assente; noindex; canonical assente; pagina sottile; niente tabelle/liste/FAQ da citare
blog/learn-italian-comprehensive-guide-to-fast-and-effective-learning.html,en,Learn Italian: Comprehensive Guide to Fast and Effective Learning | thuisitaliaans,82,150,0,,,0,BlogPosting+BreadcrumbList+ImageObject+ListItem+Organization,,30,1,10,0,0,title lungo; h1 assente; noindex; canonical assente; pagina sottile; niente tabelle/liste/FAQ da citare
blog/learn-italian-fast-for-beginners.html,en,Learn Italian Fast for Beginners | thuisitaliaans,49,144,1,Learn Italian Fast for Beginners,/blog/10-tips-for-learning-italian,0,BlogPosting+BreadcrumbList+ImageObject+ListItem+Organization,,510,13,17,0,0,noindex; canonical relativo; niente tabelle/liste/FAQ da citare
blog/learn-italian-for-daily-use.html,en,Learn Italian for Daily Use | thuisitaliaans,44,141,0,,,0,BlogPosting+BreadcrumbList+ImageObject+ListItem+Organization,,32,1,10,0,0,h1 assente; noindex; canonical assente; pagina sottile; niente tabelle/liste/FAQ da citare
blog/learn-italian-for-holiday.html,en,Learn Italian for holiday | thuisitaliaans,42,137,1,Learn Italian for holiday,https://thuisitaliaans.com/blog/learn-italian-for-holiday,0,BlogPosting+BreadcrumbList+ImageObject+ListItem+Organization,,727,13,16,0,0,niente tabelle/liste/FAQ da citare
blog/learn-italian-from-home-choosing-the-right-online-teacher.html,en,thuisitaliaans: Choosing the Right Online Teacher | thuisitaliaans,66,142,1,thuisitaliaans: Choosing the Right Online Teacher,/blog/how-to-choose-the-best-online-italian-course-for-beginners,0,BlogPosting+BreadcrumbList+ImageObject+ListItem+Organization,,728,13,17,0,1,title lungo; noindex; canonical relativo
blog/learn-italian-online-with-alessio.html,en,Learn Italian Online with Alessio | thuisitaliaans,50,138,0,,,0,BlogPosting+BreadcrumbList+ImageObject+ListItem+Organization,,77,1,10,0,0,h1 assente; noindex; canonical assente; pagina sottile; niente tabelle/liste/FAQ da citare
blog/learn-italian-online-with-confidence-and-alessio.html,en,"Learn Italian Online with Confidence and, with Alessio! | thuisitaliaans",72,139,0,,,0,BlogPosting+BreadcrumbList+ImageObject+ListItem+Organization,,68,1,10,0,0,title lungo; h1 assente; noindex; canonical assente; pagina sottile; niente tabelle/liste/FAQ da citare
blog/learn-italian-quickly-innovative-language-learning-hacks.html,en,Learn Italian Quickly: Innovative Language Learning Hacks | thuisitaliaans,74,143,1,Learn Italian Quickly: Innovative Language Learning Hacks,/blog/10-tips-for-learning-italian,0,BlogPosting+BreadcrumbList+ImageObject+ListItem+Organization,,681,13,17,0,0,title lungo; noindex; canonical relativo; niente tabelle/liste/FAQ da citare
blog/learn-italian-strategies-for-busy-professionals.html,en,Learn Italian Strategies for Busy Professionals | thuisitaliaans,64,140,1,Learn Italian Strategies for Busy Professionals,https://thuisitaliaans.com/blog/learn-italian-strategies-for-busy-professionals,0,BlogPosting+BreadcrumbList+ImageObject+ListItem+Organization,,613,13,16,0,1,
blog/learn-italian-with-our-self-study-materials.html,en,Learn Italian with Our Self-Study Materials | thuisitaliaans,60,142,0,,,0,BlogPosting+BreadcrumbList+ImageObject+ListItem+Organization,,30,1,10,0,0,h1 assente; noindex; canonical assente; pagina sottile; niente tabelle/liste/FAQ da citare
blog/learn-the-italian-basics-a-beginners-guide.html,en,Learn the Italian Basics: A Beginner's Guide | thuisitaliaans,61,148,1,Learn the Italian Basics: A Beginner&#x27;s Guide,https://thuisitaliaans.com/blog/learn-the-italian-basics-a-beginners-guide,0,BlogPosting+BreadcrumbList+ImageObject+ListItem+Organization,,1656,13,16,0,0,niente tabelle/liste/FAQ da citare
blog/learn-the-italian-basics-a-complete-guide.html,en,Learn the Italian Basics: A Complete Guide | thuisitaliaans,59,148,1,Learn the Italian Basics: A Complete Guide,/blog/learn-the-italian-basics-a-beginners-guide,0,BlogPosting+BreadcrumbList+ImageObject+ListItem+Organization,,1173,13,17,0,1,noindex; canonical relativo
blog/learning-italian-courses-and-tips-for-every-learner.html,en,Learning Italian: Courses and Tips for Every Learner | thuisitaliaans,69,148,0,,,0,BlogPosting+BreadcrumbList+ImageObject+ListItem+Organization,,72,1,10,0,0,title lungo; h1 assente; noindex; canonical assente; pagina sottile; niente tabelle/liste/FAQ da citare
blog/learning-italian-from-mistakes.html,en,Error-Driven Learning: Let Your Mistakes Teach You Italian | thuisitaliaans,75,140,1,Error-Driven Learning: Let Your Mistakes Teach You Italian,https://thuisitaliaans.com/blog/learning-italian-from-mistakes,0,BlogPosting+BreadcrumbList+ImageObject+ListItem+Organization,,712,12,24,0,1,title lungo; img senza width/height ×1
blog/learning-italian-is-hard-try-this.html,en,Learning Italian is hard? Try this! | thuisitaliaans,52,149,1,Learning Italian is hard? Try this!,/blog/is-italian-difficult-to-learn-no,0,BlogPosting+BreadcrumbList+ImageObject+ListItem+Organization,,712,13,17,0,1,noindex; canonical relativo
blog/learning-italian-like-a-spy.html,en,Learning Italian Like a Spy | thuisitaliaans,44,146,1,Learning Italian Like a Spy,https://thuisitaliaans.com/blog/learning-italian-like-a-spy,0,BlogPosting+BreadcrumbList+ImageObject+ListItem+Organization,,732,13,16,0,0,niente tabelle/liste/FAQ da citare
blog/learning-italian-online-for-business-with-alessio.html,en,Learning Italian Online for Business with Alessio | thuisitaliaans,66,145,0,,,0,BlogPosting+BreadcrumbList+ImageObject+ListItem+Organization,,74,1,10,0,0,title lungo; h1 assente; noindex; canonical assente; pagina sottile; niente tabelle/liste/FAQ da citare
blog/learning-italian-online-for-free.html,en,Learning Italian Online for Free | thuisitaliaans,49,150,1,Learning Italian Online for Free,/blog/can-you-learn-italian-on-duolingo,0,BlogPosting+BreadcrumbList+ImageObject+ListItem+Organization,,787,13,17,0,0,noindex; canonical relativo; niente tabelle/liste/FAQ da citare
blog/learning-italian-tips-and-tricks.html,en,Learning Italian: Tips and Tricks | thuisitaliaans,50,144,1,Learning Italian: Tips and Tricks,/blog/10-tips-for-learning-italian,0,BlogPosting+BreadcrumbList+ImageObject+ListItem+Organization,,815,13,17,0,0,noindex; canonical relativo; niente tabelle/liste/FAQ da citare
blog/learning-italian-without-english.html,en,Learning Italian without going through English first | thuisitaliaans,69,145,1,Learning Italian without going through English first,https://thuisitaliaans.com/blog/learning-italian-without-english,0,BlogPosting+BreadcrumbList+ImageObject+ListItem+Organization,,756,12,16,0,0,title lungo; img senza width/height ×1; niente tabelle/liste/FAQ da citare
blog/leer-italiaans-in-amsterdam-of-online-5-redenen-waarom-privelessen-werken.html,nl,Leer Italiaans in Amsterdam of Online: 5 Redenen Waarom Privélessen Werken | thuisitaliaans,91,148,1,Leer Italiaans in Amsterdam of Online: 5 Redenen Waarom Privélessen We,/waarom-thuis-italiaans,0,BlogPosting+BreadcrumbList+ImageObject+ListItem+Organization,,465,13,17,0,0,title lungo; noindex; canonical relativo; niente tabelle/liste/FAQ da citare
blog/leer-overal-italiaans-online-lessen-en-fysieke-lessen-in-amsterdam.html,nl,Leer overal Italiaans: online lessen en fysieke lessen in Amsterdam | thuisitaliaans,84,140,0,,,3,BlogPosting+BreadcrumbList+ImageObject+ListItem+Organization,,52,1,10,0,0,title lungo; h1 assente; noindex; canonical assente; pagina sottile; niente tabelle/liste/FAQ da citare
blog/levoluzione-dellestate-italiana.html,it,L'Evoluzione dell'Estate Italiana | thuisitaliaans,50,147,1,L&#x27;Evoluzione dell&#x27;Estate Italiana,https://thuisitaliaans.com/blog/levoluzione-dellestate-italiana,0,BlogPosting+BreadcrumbList+ImageObject+ListItem+Organization,,647,14,16,0,2,
blog/lindustria-cinematografica-italiana.html,it,L'industria cinematografica italiana | thuisitaliaans,53,149,1,L&#x27;industria cinematografica italiana,https://thuisitaliaans.com/blog/lindustria-cinematografica-italiana,0,BlogPosting+BreadcrumbList+ImageObject+ListItem+Organization,,640,14,16,0,2,
blog/linfluenza-dellimpero-romano.html,it,L'influenza dell'Impero Romano | thuisitaliaans,47,143,1,L&#x27;influenza dell&#x27;Impero Romano,https://thuisitaliaans.com/blog/linfluenza-dellimpero-romano,0,BlogPosting+BreadcrumbList+ImageObject+ListItem+Organization,,750,14,16,0,2,
blog/litalia-nello-spazio.html,it,L'Italia nello spazio | thuisitaliaans,38,143,1,L&#x27;Italia nello spazio,https://thuisitaliaans.com/blog/litalia-nello-spazio,0,BlogPosting+BreadcrumbList+ImageObject+ListItem+Organization,,793,14,16,0,2,
blog/mai-una-gioia.html,it,Mai una gioia | thuisitaliaans,30,145,1,Mai una gioia,https://thuisitaliaans.com/blog/mai-una-gioia,0,BlogPosting+BreadcrumbList+ImageObject+ListItem+Organization,,640,15,16,0,2,
blog/mamma-mia.html,it,Mamma mia! | thuisitaliaans,27,141,1,Mamma mia!,https://thuisitaliaans.com/blog/mamma-mia,0,BlogPosting+BreadcrumbList+ImageObject+ListItem+Organization,,805,15,16,0,2,
blog/mandare-a-quel-paese.html,it,Mandare a quel paese | thuisitaliaans,37,148,1,Mandare a quel paese,https://thuisitaliaans.com/blog/mandare-a-quel-paese,0,BlogPosting+BreadcrumbList+ImageObject+ListItem+Organization,,596,13,16,0,2,
blog/mandare-in-fumo.html,it,Mandare in fumo | thuisitaliaans,32,149,1,Mandare in fumo,https://thuisitaliaans.com/blog/mandare-in-fumo,0,BlogPosting+BreadcrumbList+ImageObject+ListItem+Organization,,568,13,16,0,2,
blog/mangia-prega-ama-tra-italia-india-e-indonesia.html,it,"Mangia, Prega, Ama: tra Italia, India e Indonesia | thuisitaliaans",66,143,1,"Mangia, Prega, Ama: tra Italia, India e Indonesia",https://thuisitaliaans.com/blog/mangia-prega-ama-tra-italia-india-e-indonesia,0,BlogPosting+BreadcrumbList+ImageObject+ListItem+Organization,,778,14,16,0,2,title lungo
blog/master-italian-for-business-with-alessio.html,en,Master Italian for Business with Alessio | thuisitaliaans,57,147,0,,,0,BlogPosting+BreadcrumbList+ImageObject+ListItem+Organization,,30,1,10,0,0,h1 assente; noindex; canonical assente; pagina sottile; niente tabelle/liste/FAQ da citare
blog/master-italian-pronunciation-with-expert-guidance.html,en,Master Italian Pronunciation with Expert Guidance | thuisitaliaans,66,150,0,,,0,BlogPosting+BreadcrumbList+ImageObject+ListItem+Organization,,49,1,10,0,0,title lungo; h1 assente; noindex; canonical assente; pagina sottile; niente tabelle/liste/FAQ da citare
blog/master-italian-quickly-language-learning-hacks.html,en,Master Italian Quickly: Language Learning Hacks | thuisitaliaans,64,140,1,Master Italian Quickly: Language Learning Hacks,/blog/10-tips-for-learning-italian,0,BlogPosting+BreadcrumbList+ImageObject+ListItem+Organization,,645,13,17,0,1,noindex; canonical relativo
blog/master-italian-with-tailored-language-courses.html,en,Master Italian with Tailored Language Courses | thuisitaliaans,62,149,0,,,0,BlogPosting+BreadcrumbList+ImageObject+ListItem+Organization,,30,1,10,0,0,h1 assente; noindex; canonical assente; pagina sottile; niente tabelle/liste/FAQ da citare
blog/mastering-italian-gestures-with-italian-classes.html,en,Mastering Italian Gestures with Italian Classes | thuisitaliaans,64,139,0,,,0,BlogPosting+BreadcrumbList+ImageObject+ListItem+Organization,,69,1,10,0,0,h1 assente; noindex; canonical assente; pagina sottile; niente tabelle/liste/FAQ da citare
blog/mastering-italian-online.html,en,Mastering Italian Online with Alessio | thuisitaliaans,54,140,0,,,0,BlogPosting+BreadcrumbList+ImageObject+ListItem+Organization,,70,1,10,0,0,h1 assente; noindex; canonical assente; pagina sottile; niente tabelle/liste/FAQ da citare
blog/mastering-the-italian-language.html,en,Mastering the Italian Language | thuisitaliaans,47,148,0,,,0,BlogPosting+BreadcrumbList+ImageObject+ListItem+Organization,,57,1,10,0,0,h1 assente; noindex; canonical assente; pagina sottile; niente tabelle/liste/FAQ da citare
blog/maurizio-cattelan-tra-arte-e-provocazione.html,it,Maurizio Cattelan: tra arte e provocazione | thuisitaliaans,59,150,1,Maurizio Cattelan: tra arte e provocazione,https://thuisitaliaans.com/blog/maurizio-cattelan-tra-arte-e-provocazione,0,BlogPosting+BreadcrumbList+ImageObject+ListItem+Organization,,871,14,16,0,2,
blog/moda-sostenibile-italiana.html,it,Moda sostenibile italiana | thuisitaliaans,42,145,1,Moda sostenibile italiana,https://thuisitaliaans.com/blog/moda-sostenibile-italiana,0,BlogPosting+BreadcrumbList+ImageObject+ListItem+Organization,,871,14,16,0,2,
blog/navigating-italian-language-learning-home-vs-abroad.html,en,Navigating Italian Language Learning: From Italy vs. Abroad | thuisitaliaans,76,149,1,Navigating Italian Language Learning: From Italy vs. Abroad,https://thuisitaliaans.com/blog/navigating-italian-language-learning-home-vs-abroad,0,BlogPosting+BreadcrumbList+ImageObject+ListItem+Organization,,1328,15,18,0,0,title lungo; img senza width/height ×4; niente tabelle/liste/FAQ da citare
blog/navigating-italian-learning-courses.html,en,Navigating Italian Learning Courses | thuisitaliaans,52,145,1,Italian Classes Near Me,,0,BlogPosting+BreadcrumbList+ImageObject+ListItem+Organization,,33,14,20,0,0,noindex; canonical assente; pagina sottile; niente tabelle/liste/FAQ da citare
blog/near-by-me-italian-classes.html,en,Italian Classes Near Me | thuisitaliaans,40,149,1,Italian Classes Near Me,/why-thuis-italiaans,0,BlogPosting+BreadcrumbList+ImageObject+ListItem+Organization,,731,13,17,0,0,noindex; canonical relativo; niente tabelle/liste/FAQ da citare
blog/online-italiaanse-les-of-op-locatie.html,nl,Online Italiaanse les of op locatie? Wat het echt uitmaakt | thuisitaliaans,75,142,1,Online Italiaanse les of op locatie? Wat het echt uitmaakt,https://thuisitaliaans.com/blog/online-italiaanse-les-of-op-locatie,0,BlogPosting+BreadcrumbList+ImageObject+ListItem+Organization,,949,12,20,0,0,title lungo; niente tabelle/liste/FAQ da citare
blog/online-italian-courses-with-alessio.html,en,Online Italian Courses With Alessio | thuisitaliaans,52,141,0,,,0,BlogPosting+BreadcrumbList+ImageObject+ListItem+Organization,,29,1,10,0,0,h1 assente; noindex; canonical assente; pagina sottile; niente tabelle/liste/FAQ da citare
blog/output-hypothesis-speaking-italian.html,en,The Output Hypothesis: Start Speaking Italian Early | thuisitaliaans,68,150,1,The Output Hypothesis: Start Speaking Italian Early,https://thuisitaliaans.com/blog/output-hypothesis-speaking-italian,0,BlogPosting+BreadcrumbList+ImageObject+ListItem+Organization,,771,12,22,0,1,title lungo; img senza width/height ×1
blog/pagare-alla-romana.html,it,Pagare alla romana | thuisitaliaans,35,148,1,Pagare alla romana,https://thuisitaliaans.com/blog/pagare-alla-romana,0,BlogPosting+BreadcrumbList+ImageObject+ListItem+Organization,,571,13,16,0,2,
blog/perche-il-cibo-italiano-e-tanto-amato.html,it,Perché il cibo italiano è tanto amato? | thuisitaliaans,55,150,1,Perché il cibo italiano è tanto amato?,https://thuisitaliaans.com/blog/perche-il-cibo-italiano-e-tanto-amato,0,BlogPosting+BreadcrumbList+ImageObject+ListItem+Organization,,663,14,16,0,2,
blog/personalized-italian-classes-tailored-just-for-you.html,en,Personalized Italian Classes Tailored Just for You | thuisitaliaans,67,149,0,,,0,BlogPosting+BreadcrumbList+ImageObject+ListItem+Organization,,49,1,10,0,0,title lungo; h1 assente; noindex; canonical assente; pagina sottile; niente tabelle/liste/FAQ da citare
blog/personalized-italian-language-learning-customized-courses-for-all-levels.html,en,Personalized Italian Language Learning: Customized Courses for All Levels | thuisitaliaans,90,148,0,,,0,BlogPosting+BreadcrumbList+ImageObject+ListItem+Organization,,30,1,10,0,0,title lungo; h1 assente; noindex; canonical assente; pagina sottile; niente tabelle/liste/FAQ da citare
blog/pietro-torna-indietro.html,it,Pietro torna indietro | thuisitaliaans,38,147,1,Pietro torna indietro,https://thuisitaliaans.com/blog/pietro-torna-indietro,0,BlogPosting+BreadcrumbList+ImageObject+ListItem+Organization,,590,13,16,0,2,
blog/piove-sul-bagnato.html,it,Piove sul bagnato | thuisitaliaans,34,149,1,Piove sul bagnato,https://thuisitaliaans.com/blog/piove-sul-bagnato,0,BlogPosting+BreadcrumbList+ImageObject+ListItem+Organization,,571,14,16,0,2,
blog/pizza-romana-napoletana.html,it,Pizza Romana & Napoletana | thuisitaliaans,42,150,1,Pizza Romana &amp; Napoletana,https://thuisitaliaans.com/blog/pizza-romana-napoletana,0,BlogPosting+BreadcrumbList+ImageObject+ListItem+Organization,,821,15,16,0,2,
blog/practical-tips-for-studying-italian.html,en,Practical Tips for Studying Italian | thuisitaliaans,52,144,1,Practical Tips for Studying Italian,/blog/10-tips-for-learning-italian,0,BlogPosting+BreadcrumbList+ImageObject+ListItem+Organization,,745,13,17,0,0,noindex; canonical relativo; niente tabelle/liste/FAQ da citare
blog/pre-learning-vocabulary-italian.html,en,Pre-Learning Vocabulary: Meet Italian Words Before the Text | thuisitaliaans,76,145,1,Pre-Learning Vocabulary: Meet Italian Words Before the Text,https://thuisitaliaans.com/blog/pre-learning-vocabulary-italian,0,BlogPosting+BreadcrumbList+ImageObject+ListItem+Organization,,650,12,23,0,1,title lungo; img senza width/height ×1
blog/private-italian-classes-unlock-your-italian-language-potential-with-a-personalized-approach.html,en,Private Italian Classes: Unlock Your Italian Language Potential with a Personalized Approach | thuisitaliaans,109,146,0,,,0,BlogPosting+BreadcrumbList+ImageObject+ListItem+Organization,,30,1,10,0,0,title lungo; h1 assente; noindex; canonical assente; pagina sottile; niente tabelle/liste/FAQ da citare
blog/private-italian-course-exclusive-tailored-education-for-every-learner.html,en,"Private Italian Course: Exclusive, Tailored Education for Every Learner | thuisitaliaans",88,150,0,,,0,BlogPosting+BreadcrumbList+ImageObject+ListItem+Organization,,30,1,10,0,0,title lungo; h1 assente; noindex; canonical assente; pagina sottile; niente tabelle/liste/FAQ da citare
blog/private-italian-lessons-master-the-language-with-customized-one-on-one-instruction.html,en,Private Italian Lessons: Master the Language with Customized One-on-One Instruction | thuisitaliaans,100,147,0,,,0,BlogPosting+BreadcrumbList+ImageObject+ListItem+Organization,,59,1,10,0,0,title lungo; h1 assente; noindex; canonical assente; pagina sottile; niente tabelle/liste/FAQ da citare
blog/priveles-of-groepsles-italiaans.html,nl,Privéles of groepsles Italiaans? Een eerlijke vergelijking | thuisitaliaans,75,136,1,Privéles of groepsles Italiaans? Een eerlijke vergelijking,https://thuisitaliaans.com/blog/priveles-of-groepsles-italiaans,0,BlogPosting+BreadcrumbList+ImageObject+ListItem+Organization,,999,12,22,0,0,title lungo; niente tabelle/liste/FAQ da citare
blog/quando-laccoglienza-salva-i-paesi.html,it,Quando l’accoglienza salva i paesi | thuisitaliaans,51,85,1,Quando l’accoglienza salva i paesi,https://thuisitaliaans.com/blog/quando-laccoglienza-salva-i-paesi,0,BlogPosting+BreadcrumbList+ImageObject+ListItem+Organization,,784,12,16,0,2,
blog/quanto-e-importante-il-calcio-italiano.html,it,Quanto è importante il calcio italiano? | thuisitaliaans,56,139,1,Quanto è importante il calcio italiano?,https://thuisitaliaans.com/blog/quanto-e-importante-il-calcio-italiano,0,BlogPosting+BreadcrumbList+ImageObject+ListItem+Organization,,921,15,16,0,2,
blog/reading-aloud-shadowing-italian.html,en,Shadowing and Reading Aloud: Italian Speaking Practice | thuisitaliaans,71,143,1,Shadowing and Reading Aloud: Italian Speaking Practice,https://thuisitaliaans.com/blog/reading-aloud-shadowing-italian,0,BlogPosting+BreadcrumbList+ImageObject+ListItem+Organization,,739,12,21,0,0,title lungo; img senza width/height ×1; niente tabelle/liste/FAQ da citare
blog/reading-i-promessi-sposi-in-italian.html,en,Reading I Promessi Sposi in Italian: a realistic plan | thuisitaliaans,70,126,1,Reading I Promessi Sposi in Italian: a realistic plan,https://thuisitaliaans.com/blog/reading-i-promessi-sposi-in-italian,0,BlogPosting+BreadcrumbList+ImageObject+ListItem+Organization,,698,12,18,0,0,title lungo; img senza width/height ×1; niente tabelle/liste/FAQ da citare
blog/recreating-real-life-immersion.html,en,Recreating Real-Life Immersion | thuisitaliaans,47,146,1,Recreating Real-Life Immersion,https://thuisitaliaans.com/blog/recreating-real-life-immersion,0,BlogPosting+BreadcrumbList+ImageObject+ListItem+Organization,,778,13,16,0,0,niente tabelle/liste/FAQ da citare
blog/retrieval-practice-italian.html,en,The Testing Effect: Quiz Yourself in Italian | thuisitaliaans,61,141,1,The Testing Effect: Quiz Yourself in Italian,https://thuisitaliaans.com/blog/retrieval-practice-italian,0,BlogPosting+BreadcrumbList+ImageObject+ListItem+Organization,,676,12,24,0,1,img senza width/height ×1
blog/rita-levi-montalcini.html,it,Rita Levi Montalcini | thuisitaliaans,37,149,1,Rita Levi Montalcini,https://thuisitaliaans.com/blog/rita-levi-montalcini,0,BlogPosting+BreadcrumbList+ImageObject+ListItem+Organization,,719,14,16,0,2,
blog/roma-magia-e-storia-tra-i-sette-colli.html,it,Roma: Magia e Storia tra i Sette Colli | thuisitaliaans,55,146,1,Roma: Magia e Storia tra i Sette Colli,https://thuisitaliaans.com/blog/roma-magia-e-storia-tra-i-sette-colli,0,BlogPosting+BreadcrumbList+ImageObject+ListItem+Organization,,760,14,16,0,2,
blog/salutarsi-col-bacio.html,it,Salutarsi col bacio | thuisitaliaans,36,150,1,Salutarsi col bacio,https://thuisitaliaans.com/blog/salutarsi-col-bacio,0,BlogPosting+BreadcrumbList+ImageObject+ListItem+Organization,,769,15,16,0,2,
blog/samen-italiaans-leren-met-je-partner.html,nl,Samen Italiaans leren met je partner: wanneer het werkt en wanneer niet | thuisitaliaans,88,128,1,Samen Italiaans leren met je partner: wanneer het werkt en wanneer nie,https://thuisitaliaans.com/blog/samen-italiaans-leren-met-je-partner,0,BlogPosting+BreadcrumbList+ImageObject+ListItem+Organization,,741,12,22,0,0,title lungo; niente tabelle/liste/FAQ da citare
blog/sanremo-il-festival-della-canzone-italiana.html,it,Sanremo: Il festival della canzone italiana | thuisitaliaans,60,150,1,Sanremo: Il festival della canzone italiana,https://thuisitaliaans.com/blog/sanremo-il-festival-della-canzone-italiana,0,BlogPosting+BreadcrumbList+ImageObject+ListItem+Organization,,652,14,16,0,2,
blog/science-of-learning-italian.html,en,The Science of Learning Italian: 9 Methods That Work | thuisitaliaans,69,145,1,The Science of Learning Italian: 9 Methods That Work,https://thuisitaliaans.com/blog/science-of-learning-italian,0,BlogPosting+BreadcrumbList+ImageObject+ListItem+Organization,,1231,12,40,0,0,title lungo; img senza width/height ×1; niente tabelle/liste/FAQ da citare
blog/scopri-lorigine-del-tiramisu.html,it,Scopri l'origine del Tiramisù | thuisitaliaans,46,144,1,Scopri l&#x27;origine del Tiramisù,https://thuisitaliaans.com/blog/scopri-lorigine-del-tiramisu,0,BlogPosting+BreadcrumbList+ImageObject+ListItem+Organization,,769,14,16,0,2,
blog/scrittori-italiani-famosi-nel-mondo.html,it,Scrittori italiani famosi nel mondo | thuisitaliaans,52,148,1,Scrittori italiani famosi nel mondo,https://thuisitaliaans.com/blog/scrittori-italiani-famosi-nel-mondo,0,BlogPosting+BreadcrumbList+ImageObject+ListItem+Organization,,650,14,16,0,2,
blog/self-assessment-italian-can-do.html,en,Can-Do Statements: Honest Self-Assessment for Italian | thuisitaliaans,70,143,1,Can-Do Statements: Honest Self-Assessment for Italian,https://thuisitaliaans.com/blog/self-assessment-italian-can-do,0,BlogPosting+BreadcrumbList+ImageObject+ListItem+Organization,,729,12,23,0,1,title lungo; img senza width/height ×1
blog/sindaci-piccoli-idee-grandi.html,it,"Sindaci piccoli, idee grandi | thuisitaliaans",45,81,1,"Sindaci piccoli, idee grandi",https://thuisitaliaans.com/blog/sindaci-piccoli-idee-grandi,0,BlogPosting+BreadcrumbList+ImageObject+ListItem+Organization,,750,12,16,0,2,
blog/spaced-repetition-italian.html,en,"Spaced Repetition for Italian: Review Later, Not More | thuisitaliaans",70,131,1,"Spaced Repetition for Italian: Review Later, Not More",https://thuisitaliaans.com/blog/spaced-repetition-italian,0,BlogPosting+BreadcrumbList+ImageObject+ListItem+Organization,,737,12,23,0,1,title lungo; img senza width/height ×1
blog/speak-italian-like-a-local-with-alessio.html,en,Speak Italian Like a Local with Alessio | thuisitaliaans,56,146,0,,,0,BlogPosting+BreadcrumbList+ImageObject+ListItem+Organization,,31,1,10,0,0,h1 assente; noindex; canonical assente; pagina sottile; niente tabelle/liste/FAQ da citare
blog/stare-con-le-mani-in-mano.html,it,Stare con le mani in mano | thuisitaliaans,42,144,1,Stare con le mani in mano,https://thuisitaliaans.com/blog/stare-con-le-mani-in-mano,0,BlogPosting+BreadcrumbList+ImageObject+ListItem+Organization,,628,13,16,0,2,
blog/staying-motivated.html,en,Staying Motivated | thuisitaliaans,34,145,1,Staying Motivated,https://thuisitaliaans.com/blog/staying-motivated,0,BlogPosting+BreadcrumbList+ImageObject+ListItem+Organization,,1360,13,16,0,0,niente tabelle/liste/FAQ da citare
blog/subiaco-capitale-del-libro-2025.html,it,"Subiaco, Capitale del Libro 2025 | thuisitaliaans",49,93,1,"Subiaco, Capitale del Libro 2025",https://thuisitaliaans.com/blog/subiaco-capitale-del-libro-2025,0,BlogPosting+BreadcrumbList+ImageObject+ListItem+Organization,,839,12,16,0,2,
blog/sviluppo-della-sensibilita-interculturale-di-bennett.html,it,Sviluppo della Sensibilità Interculturale di Bennett | thuisitaliaans,69,135,1,Sviluppo della Sensibilità Interculturale di Bennett,https://thuisitaliaans.com/blog/sviluppo-della-sensibilita-interculturale-di-bennett,0,BlogPosting+BreadcrumbList+ImageObject+ListItem+Organization,,1051,14,16,0,1,title lungo
blog/tailored-italian-courses-and-innovative-methodology.html,en,Tailored Italian Courses and Innovative Methodology | thuisitaliaans,68,138,0,,,0,BlogPosting+BreadcrumbList+ImageObject+ListItem+Organization,,58,1,10,0,0,title lungo; h1 assente; noindex; canonical assente; pagina sottile; niente tabelle/liste/FAQ da citare
blog/the-effectiveness-of-learning-with-a-private-tutor-a-deep-dive-into-one-on-one-education.html,en,The Effectiveness of Learning with a Private Tutor | thuisitaliaans,67,150,1,The Effectiveness of Learning with a Private Tutor,https://thuisitaliaans.com/blog/the-effectiveness-of-learning-with-a-private-tutor-a-deep-dive-into-one-on-one-education,0,BlogPosting+BreadcrumbList+ImageObject+ListItem+Organization,,969,13,16,0,0,title lungo; niente tabelle/liste/FAQ da citare
blog/the-power-of-mime-expressions-and-gestures.html,en,"The Power of Mime, Expressions, and Gestures | thuisitaliaans",61,146,1,"The Power of Mime, Expressions, and Gestures",/blog/italian-gestures-more-than-just-words,0,BlogPosting+BreadcrumbList+ImageObject+ListItem+Organization,,620,13,17,0,0,noindex; canonical relativo; niente tabelle/liste/FAQ da citare
blog/the-power-of-one-on-one-italian-learning.html,en,The Power of One-on-One Italian Learning | thuisitaliaans,57,136,0,,,0,BlogPosting+BreadcrumbList+ImageObject+ListItem+Organization,,28,1,10,0,0,h1 assente; noindex; canonical assente; pagina sottile; niente tabelle/liste/FAQ da citare
blog/the-secrets-to-effective-language-learning.html,en,The Secrets to Effective Language Learning | thuisitaliaans,59,142,1,The Secrets to Effective Language Learning,/blog/10-tips-for-learning-italian,0,BlogPosting+BreadcrumbList+ImageObject+ListItem+Organization,,965,13,17,0,0,noindex; canonical relativo; niente tabelle/liste/FAQ da citare
blog/tiramisu-world-cup.html,it,Tiramisù World Cup | thuisitaliaans,35,145,1,Tiramisù World Cup,https://thuisitaliaans.com/blog/tiramisu-world-cup,0,BlogPosting+BreadcrumbList+ImageObject+ListItem+Organization,,897,14,16,0,2,
blog/tizio-caio-e-sempronio.html,it,"Tizio, Caio e Sempronio | thuisitaliaans",40,142,1,"Tizio, Caio e Sempronio",https://thuisitaliaans.com/blog/tizio-caio-e-sempronio,0,BlogPosting+BreadcrumbList+ImageObject+ListItem+Organization,,565,13,16,0,2,
blog/top-tips-to-study-and-learn-italian-quickly.html,en,Top Tips to Study and Learn Italian Quickly | thuisitaliaans,60,140,1,Top Tips to Study and Learn Italian Quickly,/blog/10-tips-for-learning-italian,0,BlogPosting+BreadcrumbList+ImageObject+ListItem+Organization,,709,13,17,0,1,noindex; canonical relativo
blog/transform-your-italian-learning-experience.html,en,Transform Your Italian Learning Experience | thuisitaliaans,59,146,0,,,0,BlogPosting+BreadcrumbList+ImageObject+ListItem+Organization,,30,1,10,0,0,h1 assente; noindex; canonical assente; pagina sottile; niente tabelle/liste/FAQ da citare
blog/tweetalig-opvoeden-met-italiaans.html,nl,Tweetalig opvoeden met Italiaans | thuisitaliaans,49,168,1,"Tweetalig opvoeden met Italiaans: hoe begin je, en wat werkt echt",https://thuisitaliaans.com/blog/tweetalig-opvoeden-met-italiaans,0,BlogPosting+BreadcrumbList+ImageObject+ListItem+Organization,,1014,12,20,0,0,description lunga; niente tabelle/liste/FAQ da citare
blog/un-salto-nel-buio-significato.html,it,Saltare nel buio | thuisitaliaans,33,150,1,Saltare nel buio,https://thuisitaliaans.com/blog/un-salto-nel-buio-significato,0,BlogPosting+BreadcrumbList+ImageObject+ListItem+Organization,,605,13,16,0,2,
blog/universita-di-bologna-la-piu-antica-deuropa.html,it,Università di Bologna: la più antica d'Europa | thuisitaliaans,62,145,1,Università di Bologna: la più antica d&#x27;Europa,https://thuisitaliaans.com/blog/universita-di-bologna-la-piu-antica-deuropa,0,BlogPosting+BreadcrumbList+ImageObject+ListItem+Organization,,724,14,16,0,2,
blog/unlocking-italian-fluency-custom-courses-for-you.html,en,Unlocking Italian Fluency: Custom Courses for You | thuisitaliaans,66,143,0,,,0,BlogPosting+BreadcrumbList+ImageObject+ListItem+Organization,,73,1,10,0,0,title lungo; h1 assente; noindex; canonical assente; pagina sottile; niente tabelle/liste/FAQ da citare
blog/valse-vrienden-italiaans-nederlands.html,nl,Valse vrienden: Italiaanse woorden die niet betekenen wat je denkt | thuisitaliaans,83,158,1,Valse vrienden: Italiaanse woorden die niet betekenen wat je denkt,https://thuisitaliaans.com/blog/valse-vrienden-italiaans-nederlands,0,BlogPosting+BreadcrumbList+ImageObject+ListItem+Organization,,892,12,19,0,0,title lungo; niente tabelle/liste/FAQ da citare
blog/veelgestelde-vragen-over-italiaans-leren-in-amsterdam-en-online.html,nl,Veelgestelde vragen over Italiaans leren in Amsterdam en online | thuisitaliaans,80,150,1,Veelgestelde vragen over Italiaans leren in Amsterdam en online,https://thuisitaliaans.com/blog/veelgestelde-vragen-over-italiaans-leren-in-amsterdam-en-online,0,BlogPosting+BreadcrumbList+ImageObject+ListItem+Organization,,568,13,16,0,0,title lungo; niente tabelle/liste/FAQ da citare
blog/viganella-il-paese-senza-sole.html,it,Viganella: il paese senza sole | thuisitaliaans,47,146,1,Viganella: il paese senza sole,https://thuisitaliaans.com/blog/viganella-il-paese-senza-sole,0,BlogPosting+BreadcrumbList+ImageObject+ListItem+Organization,,560,15,16,0,2,
blog/visitare-venezia-nel-2024.html,it,Visitare Venezia nel 2024 | thuisitaliaans,42,149,1,Visitare Venezia nel 2024,https://thuisitaliaans.com/blog/visitare-venezia-nel-2024,0,BlogPosting+BreadcrumbList+ImageObject+ListItem+Organization,,1051,15,16,0,2,
blog/vivere-bene-in-pensione-le-migliori-citta-italiane.html,it,Vivere bene in pensione: le migliori città italiane | thuisitaliaans,68,90,1,Vivere bene in pensione: le migliori città italiane,https://thuisitaliaans.com/blog/vivere-bene-in-pensione-le-migliori-citta-italiane,0,BlogPosting+BreadcrumbList+ImageObject+ListItem+Organization,,913,12,16,0,2,title lungo
blog/vivere-meglio-nel-2025.html,it,Vivere meglio nel 2025 | thuisitaliaans,39,76,1,Vivere meglio nel 2025,https://thuisitaliaans.com/blog/vivere-meglio-nel-2025,0,BlogPosting+BreadcrumbList+ImageObject+ListItem+Organization,,742,12,16,0,2,
blog/vuotare-il-sacco-significato.html,it,Vuotare il sacco | thuisitaliaans,33,139,1,Vuotare il sacco,https://thuisitaliaans.com/blog/vuotare-il-sacco-significato,0,BlogPosting+BreadcrumbList+ImageObject+ListItem+Organization,,667,13,16,0,2,
blog/waarom-prive-en-kleine-groepslessen-de-beste-manier-zijn-om-italiaans-te-leren-in-nederlands.html,nl,Waarom Privé en Kleine Groepslessen de Beste Manier Zijn om Italiaans te Leren in Nederlands | thuisitaliaans,109,141,1,Waarom Privé en Kleine Groepslessen de Beste Manier Zijn om Italiaans ,/waarom-thuis-italiaans,0,BlogPosting+BreadcrumbList+ImageObject+ListItem+Organization,,626,13,17,0,1,title lungo; noindex; canonical relativo
blog/wat-kost-een-italiaanse-les-in-nederland.html,nl,Wat kost een Italiaanse les in Nederland? | thuisitaliaans,58,163,1,Wat kost een Italiaanse les in Nederland?,https://thuisitaliaans.com/blog/wat-kost-een-italiaanse-les-in-nederland,0,BlogPosting+BreadcrumbList+ImageObject+ListItem+Organization,,1264,12,23,0,0,niente tabelle/liste/FAQ da citare
blog/welk-italiaans-niveau-heb-ik.html,nl,Welk Italiaans niveau heb ik? A1 tot C2 uitgelegd | thuisitaliaans,66,152,1,Welk Italiaans niveau heb ik? A1 tot C2 uitgelegd,https://thuisitaliaans.com/blog/welk-italiaans-niveau-heb-ik,0,BlogPosting+BreadcrumbList+ImageObject+ListItem+Organization,,1094,12,24,0,1,title lungo
blog/when-did-celebrities-learn-italian.html,en,When Did Celebrities Learn Italian? | thuisitaliaans,52,146,1,When Did Celebrities Learn Italian?,https://thuisitaliaans.com/blog/when-did-celebrities-learn-italian,0,BlogPosting+BreadcrumbList+ImageObject+ListItem+Organization,,759,13,16,0,0,niente tabelle/liste/FAQ da citare
blog/which-b1-certificate-italian-citizenship.html,en,"CILS, CELI, PLIDA or Cert.it: Which B1 Certificate to Choose | thuisitaliaans",77,147,1,"CILS, CELI, PLIDA or Cert.it: Which B1 Certificate to Choose",https://thuisitaliaans.com/blog/which-b1-certificate-italian-citizenship,0,BlogPosting+BreadcrumbList+ImageObject+ListItem+Organization,,701,12,21,0,0,title lungo; img senza width/height ×1; niente tabelle/liste/FAQ da citare
blog/your-guide-to-learning-online.html,en,Your Guide to Learning Online | thuisitaliaans,46,149,1,Your Guide to Learning Online,/blog/how-to-choose-the-best-online-italian-course-for-beginners,0,BlogPosting+BreadcrumbList+ImageObject+ListItem+Organization,,932,13,17,0,0,noindex; canonical relativo; niente tabelle/liste/FAQ da citare
blog/zakelijk-italiaans-voor-nederlandse-professionals.html,nl,Zakelijk Italiaans voor professionals | thuisitaliaans,54,129,1,Zakelijk Italiaans: wat Nederlandse professionals echt nodig hebben,https://thuisitaliaans.com/blog/zakelijk-italiaans-voor-nederlandse-professionals,0,BlogPosting+BreadcrumbList+ImageObject+ListItem+Organization,,961,12,19,0,1,
blog/zelf-een-groepje-samenstellen-italiaanse-les.html,nl,Zelf een groepje samenstellen voor Italiaanse les: zo regel je het | thuisitaliaans,83,110,1,Zelf een groepje samenstellen voor Italiaanse les: zo regel je het,https://thuisitaliaans.com/blog/zelf-een-groepje-samenstellen-italiaanse-les,0,BlogPosting+BreadcrumbList+ImageObject+ListItem+Organization,,843,12,23,0,0,title lungo; niente tabelle/liste/FAQ da citare
boeken-privacy.html,nl,Privacy &amp; juridische informatie · Boeken | thuisitaliaans,61,111,1,Privacy &amp; juridische informatie &middot; Boeken,https://thuisitaliaans.com/boeken-privacy,3,WebPage,,154,0,4,0,0,noindex; hreflang senza x-default; og:locale assente; pagina sottile; niente tabelle/liste/FAQ da citare
boeken.html,nl,Italiaans leren met boeken: leesboeken A1–C1 | thuisitaliaans,61,150,1,"Italiaanse boeken om Italiaans te leren, niveau voor niveau",https://thuisitaliaans.com/boeken,4,Answer+Book+BreadcrumbList+CollectionPage+FAQPage+ListItem+O,si,1132,26,50,0,1,
boeken/canne-al-vento.html,nl,Canne al vento – Italiaans leesboek niveau B1 | Deledda,55,156,1,Canne al vento: Italiaans boek voor halfgevorderden (B1),https://thuisitaliaans.com/boeken/canne-al-vento,4,Answer+Book+BreadcrumbList+EducationalAudience+FAQPage+ListI,si,1372,7,29,0,2,
boeken/cuore.html,nl,Cuore – Italiaans leesboek niveau A1 | De Amicis,48,150,1,Cuore: Italiaans boek voor beginners (A1),https://thuisitaliaans.com/boeken/cuore,4,Answer+Book+BreadcrumbList+EducationalAudience+FAQPage+ListI,si,1411,7,29,0,2,
boeken/demetrio-pianelli.html,nl,Demetrio Pianelli – Italiaans leesboek niveau A2 | De Marchi,60,145,1,Demetrio Pianelli: Italiaans boek voor beginners (A2),https://thuisitaliaans.com/boeken/demetrio-pianelli,4,Answer+Book+BreadcrumbList+EducationalAudience+FAQPage+ListI,si,1474,7,29,0,2,
boeken/don-giovanni-in-sicilia.html,nl,Don Giovanni in Sicilia – Italiaans leesboek niveau A2 | Brancati,65,153,1,Don Giovanni in Sicilia: Italiaans boek voor beginners (A2),https://thuisitaliaans.com/boeken/don-giovanni-in-sicilia,4,Answer+Book+BreadcrumbList+EducationalAudience+FAQPage+ListI,si,841,5,29,0,2,
boeken/eva.html,nl,Eva – Italiaans leesboek niveau A1 | Verga,42,145,1,Eva: Italiaans boek voor beginners (A1),https://thuisitaliaans.com/boeken/eva,4,Answer+Book+BreadcrumbList+EducationalAudience+FAQPage+ListI,si,1416,7,29,0,2,
boeken/giacinta.html,nl,Giacinta – Italiaans leesboek niveau A1 | Capuana,49,149,1,Giacinta: Italiaans boek voor beginners (A1),https://thuisitaliaans.com/boeken/giacinta,4,Answer+Book+BreadcrumbList+EducationalAudience+FAQPage+ListI,si,1418,7,29,0,2,
boeken/gian-burrasca.html,nl,Il giornalino di Gian Burrasca – Italiaans leesboek niveau A1 | Vamba,69,147,1,Il giornalino di Gian Burrasca: Italiaans boek voor beginners (A1),https://thuisitaliaans.com/boeken/gian-burrasca,4,Answer+Book+BreadcrumbList+EducationalAudience+FAQPage+ListI,si,1474,7,29,0,2,title lungo
boeken/i-promessi-sposi.html,nl,I promessi sposi – Italiaans leesboek niveau B2 | Manzoni,57,146,1,I promessi sposi: Italiaans boek voor halfgevorderden (B2),https://thuisitaliaans.com/boeken/i-promessi-sposi,4,Answer+Book+BreadcrumbList+EducationalAudience+FAQPage+ListI,si,1498,7,29,0,2,
boeken/i-vicere.html,nl,I Viceré – Italiaans leesboek niveau C1 | De Roberto,52,155,1,I Viceré: Italiaans boek voor gevorderden (C1),https://thuisitaliaans.com/boeken/i-vicere,4,Answer+Book+BreadcrumbList+EducationalAudience+FAQPage+ListI,si,1429,7,29,0,2,
boeken/il-corsaro-nero.html,nl,Il corsaro nero – Italiaans leesboek niveau A2 | Salgari,56,157,1,Il corsaro nero: Italiaans boek voor beginners (A2),https://thuisitaliaans.com/boeken/il-corsaro-nero,4,Answer+Book+BreadcrumbList+EducationalAudience+FAQPage+ListI,si,1413,7,29,0,2,
boeken/il-fu-mattia-pascal.html,nl,Il fu Mattia Pascal – Italiaans leesboek niveau B1 | Pirandello,63,147,1,Il fu Mattia Pascal: Italiaans boek voor halfgevorderden (B1),https://thuisitaliaans.com/boeken/il-fu-mattia-pascal,4,Answer+Book+BreadcrumbList+EducationalAudience+FAQPage+ListI,si,1433,7,29,0,2,
boeken/il-milione.html,nl,Il Milione – Italiaans leesboek niveau B2 | Marco Polo,54,148,1,Il Milione: Italiaans boek voor halfgevorderden (B2),https://thuisitaliaans.com/boeken/il-milione,4,Answer+Book+BreadcrumbList+EducationalAudience+FAQPage+ListI,si,1367,7,29,0,2,
boeken/il-paese-di-cuccagna.html,nl,Il paese di Cuccagna – Italiaans leesboek niveau B1 | Serao,59,145,1,Il paese di Cuccagna: Italiaans boek voor halfgevorderden (B1),https://thuisitaliaans.com/boeken/il-paese-di-cuccagna,4,Answer+Book+BreadcrumbList+EducationalAudience+FAQPage+ListI,si,1463,7,29,0,2,
boeken/il-piacere.html,nl,Il piacere – Italiaans leesboek niveau C1 | D'Annunzio,54,162,1,Il piacere: Italiaans boek voor gevorderden (C1),https://thuisitaliaans.com/boeken/il-piacere,4,Answer+Book+BreadcrumbList+EducationalAudience+FAQPage+ListI,si,1461,7,29,0,2,
boeken/il-servitore-di-due-padroni.html,nl,Il servitore di due padroni – Italiaans leesboek niveau B1 | Goldoni,68,152,1,Il servitore di due padroni: Italiaans boek voor halfgevorderden (B1),https://thuisitaliaans.com/boeken/il-servitore-di-due-padroni,4,Answer+Book+BreadcrumbList+EducationalAudience+FAQPage+ListI,si,1471,7,29,0,2,title lungo
boeken/la-citta-del-sole.html,nl,La città del Sole – Italiaans leesboek niveau B2 | Campanella,61,147,1,La città del Sole: Italiaans boek voor halfgevorderden (B2),https://thuisitaliaans.com/boeken/la-citta-del-sole,4,Answer+Book+BreadcrumbList+EducationalAudience+FAQPage+ListI,si,1461,7,29,0,2,
boeken/la-coscienza-di-zeno.html,nl,La coscienza di Zeno – Italiaans leesboek niveau A2 | Svevo,59,143,1,La coscienza di Zeno: Italiaans boek voor beginners (A2),https://thuisitaliaans.com/boeken/la-coscienza-di-zeno,4,Answer+Book+BreadcrumbList+EducationalAudience+FAQPage+ListI,si,1465,7,29,0,2,
boeken/la-giovinezza-di-cesare.html,nl,La giovinezza di Cesare – Italiaans leesboek niveau B2 | Rovani,63,150,1,La giovinezza di Cesare: Italiaans boek voor halfgevorderden (B2),https://thuisitaliaans.com/boeken/la-giovinezza-di-cesare,4,Answer+Book+BreadcrumbList+EducationalAudience+FAQPage+ListI,si,1450,7,29,0,2,
boeken/la-vita-nuova.html,nl,La Vita Nuova – Italiaans leesboek niveau B2 | Dante,52,156,1,La Vita Nuova: Italiaans boek voor halfgevorderden (B2),https://thuisitaliaans.com/boeken/la-vita-nuova,4,Answer+Book+BreadcrumbList+EducationalAudience+FAQPage+ListI,si,1446,7,29,0,2,
boeken/le-terre-del-sacramento.html,nl,Le terre del Sacramento – Italiaans leesboek niveau A1 | Jovine,63,151,1,Le terre del Sacramento: Italiaans boek voor beginners (A1),https://thuisitaliaans.com/boeken/le-terre-del-sacramento,4,Answer+Book+BreadcrumbList+EducationalAudience+FAQPage+ListI,si,828,5,29,0,2,
boeken/lettere-di-viaggio.html,nl,Lettere di viaggio – Italiaans leesboek niveau A2 | Colombo e Vespucci,70,148,1,Lettere di viaggio: Italiaans boek voor beginners (A2),https://thuisitaliaans.com/boeken/lettere-di-viaggio,4,Answer+Book+BreadcrumbList+EducationalAudience+FAQPage+ListI,si,1467,7,29,0,2,title lungo
boeken/orlando-furioso.html,nl,Orlando furioso – Italiaans leesboek niveau B1 | Ariosto,56,143,1,Orlando furioso: Italiaans boek voor halfgevorderden (B1),https://thuisitaliaans.com/boeken/orlando-furioso,4,Answer+Book+BreadcrumbList+EducationalAudience+FAQPage+ListI,si,1561,7,29,0,2,
boeken/orlando-innamorato.html,nl,L&#x27;Orlando innamorato – Italiaans leesboek niveau A2 | Boiardo,66,157,1,L&#x27;Orlando innamorato: Italiaans boek voor beginners (A2),https://thuisitaliaans.com/boeken/orlando-innamorato,4,Answer+Book+BreadcrumbList+EducationalAudience+FAQPage+ListI,si,1436,7,29,0,2,title lungo
boeken/piccolo-mondo-antico.html,nl,Piccolo mondo antico – Italiaans leesboek niveau C1 | Fogazzaro,63,149,1,Piccolo mondo antico: Italiaans boek voor gevorderden (C1),https://thuisitaliaans.com/boeken/piccolo-mondo-antico,4,Answer+Book+BreadcrumbList+EducationalAudience+FAQPage+ListI,si,1471,7,29,0,2,
boeken/pinocchio.html,nl,Le avventure di Pinocchio – Italiaans leesboek niveau A2 | Collodi,66,150,1,Le avventure di Pinocchio: Italiaans boek voor beginners (A2),https://thuisitaliaans.com/boeken/pinocchio,4,Answer+Book+BreadcrumbList+EducationalAudience+FAQPage+ListI,si,1484,7,29,0,2,title lungo
boeken/sidereus-nuncius.html,nl,Il Sidereus Nuncius – Italiaans leesboek niveau B2 | Galileo,60,146,1,Il Sidereus Nuncius: Italiaans boek voor halfgevorderden (B2),https://thuisitaliaans.com/boeken/sidereus-nuncius,4,Answer+Book+BreadcrumbList+EducationalAudience+FAQPage+ListI,si,1402,7,29,0,2,
books-privacy.html,en,Privacy &amp; Legal Notes · Books | thuisitaliaans,50,95,1,Privacy &amp; Legal Notes &middot; Books,https://thuisitaliaans.com/books-privacy,3,WebPage,,161,0,4,0,0,noindex; hreflang senza x-default; og:locale assente; pagina sottile; niente tabelle/liste/FAQ da citare
books.html,en,Italian Graded Readers: Books to Learn Italian A1–C1,52,152,1,Italian graded readers: learn Italian through the classics,https://thuisitaliaans.com/books,4,Answer+Book+BreadcrumbList+CollectionPage+FAQPage+ListItem+O,si,1153,26,51,0,1,
books/canne-al-vento.html,en,Canne al vento — Italian Graded Reader B1 | Deledda,51,145,1,Canne al vento: an Italian graded reader at level B1,https://thuisitaliaans.com/books/canne-al-vento,4,Answer+Book+BreadcrumbList+EducationalAudience+FAQPage+ListI,si,1352,7,25,0,2,
books/cuore.html,en,Cuore — Italian Graded Reader A1 | De Amicis,44,143,1,Cuore: an Italian graded reader at level A1,https://thuisitaliaans.com/books/cuore,4,Answer+Book+BreadcrumbList+EducationalAudience+FAQPage+ListI,si,1397,7,25,0,2,
books/demetrio-pianelli.html,en,Demetrio Pianelli — Graded Reader A2 | De Marchi,48,146,1,Demetrio Pianelli: an Italian graded reader at level A2,https://thuisitaliaans.com/books/demetrio-pianelli,4,Answer+Book+BreadcrumbList+EducationalAudience+FAQPage+ListI,si,1450,7,25,0,2,
books/don-giovanni-in-sicilia.html,en,Don Giovanni in Sicilia — Graded Reader A2 | Brancati,53,144,1,Don Giovanni in Sicilia: an Italian graded reader at level A2,https://thuisitaliaans.com/books/don-giovanni-in-sicilia,4,Answer+Book+BreadcrumbList+EducationalAudience+FAQPage+ListI,si,838,5,25,0,2,
books/eva.html,en,Eva — Italian Graded Reader A1 | Giovanni Verga,47,146,1,Eva: an Italian graded reader at level A1,https://thuisitaliaans.com/books/eva,4,Answer+Book+BreadcrumbList+EducationalAudience+FAQPage+ListI,si,1397,7,25,0,2,
books/giacinta.html,en,Giacinta — Italian Graded Reader A1 | Capuana,45,152,1,Giacinta: an Italian graded reader at level A1,https://thuisitaliaans.com/books/giacinta,4,Answer+Book+BreadcrumbList+EducationalAudience+FAQPage+ListI,si,1386,7,25,0,2,
books/gian-burrasca.html,en,Gian Burrasca — Italian Graded Reader A1 | Vamba,48,150,1,Gian Burrasca: an Italian graded reader at level A1,https://thuisitaliaans.com/books/gian-burrasca,4,Answer+Book+BreadcrumbList+EducationalAudience+FAQPage+ListI,si,1451,7,25,0,2,
books/i-promessi-sposi.html,en,I promessi sposi — Graded Reader B2 | Manzoni,45,143,1,I promessi sposi: an Italian graded reader at level B2,https://thuisitaliaans.com/books/i-promessi-sposi,4,Answer+Book+BreadcrumbList+EducationalAudience+FAQPage+ListI,si,1483,7,25,0,2,
books/i-vicere.html,en,I Viceré — Italian Graded Reader C1 | De Roberto,48,148,1,I Viceré: an Italian graded reader at level C1,https://thuisitaliaans.com/books/i-vicere,4,Answer+Book+BreadcrumbList+EducationalAudience+FAQPage+ListI,si,1405,7,25,0,2,
books/il-corsaro-nero.html,en,Il corsaro nero — Italian Graded Reader A2 | Salgari,52,139,1,Il corsaro nero: an Italian graded reader at level A2,https://thuisitaliaans.com/books/il-corsaro-nero,4,Answer+Book+BreadcrumbList+EducationalAudience+FAQPage+ListI,si,1400,7,25,0,2,
books/il-fu-mattia-pascal.html,en,Il fu Mattia Pascal — Graded Reader B1 | Pirandello,51,149,1,Il fu Mattia Pascal: an Italian graded reader at level B1,https://thuisitaliaans.com/books/il-fu-mattia-pascal,4,Answer+Book+BreadcrumbList+EducationalAudience+FAQPage+ListI,si,1420,7,25,0,2,
books/il-milione.html,en,Il Milione — Italian Graded Reader B2 | Marco Polo,50,144,1,Il Milione: an Italian graded reader at level B2,https://thuisitaliaans.com/books/il-milione,4,Answer+Book+BreadcrumbList+EducationalAudience+FAQPage+ListI,si,1369,7,25,0,2,
books/il-paese-di-cuccagna.html,en,Il paese di Cuccagna — Graded Reader B1 | Serao,47,141,1,Il paese di Cuccagna: an Italian graded reader at level B1,https://thuisitaliaans.com/books/il-paese-di-cuccagna,4,Answer+Book+BreadcrumbList+EducationalAudience+FAQPage+ListI,si,1457,7,25,0,2,
books/il-piacere.html,en,Il piacere — Italian Graded Reader C1 | D'Annunzio,50,148,1,Il piacere: an Italian graded reader at level C1,https://thuisitaliaans.com/books/il-piacere,4,Answer+Book+BreadcrumbList+EducationalAudience+FAQPage+ListI,si,1440,7,25,0,2,
books/il-servitore-di-due-padroni.html,en,Il servitore di due padroni — Graded Reader B1 | Goldoni,56,139,1,Il servitore di due padroni: an Italian graded reader at level B1,https://thuisitaliaans.com/books/il-servitore-di-due-padroni,4,Answer+Book+BreadcrumbList+EducationalAudience+FAQPage+ListI,si,1455,7,25,0,2,
books/la-citta-del-sole.html,en,La città del Sole — Graded Reader B2 | Campanella,49,130,1,La città del Sole: an Italian graded reader at level B2,https://thuisitaliaans.com/books/la-citta-del-sole,4,Answer+Book+BreadcrumbList+EducationalAudience+FAQPage+ListI,si,1453,7,25,0,2,
books/la-coscienza-di-zeno.html,en,La coscienza di Zeno — Graded Reader A2 | Svevo,47,144,1,La coscienza di Zeno: an Italian graded reader at level A2,https://thuisitaliaans.com/books/la-coscienza-di-zeno,4,Answer+Book+BreadcrumbList+EducationalAudience+FAQPage+ListI,si,1442,7,25,0,2,
books/la-giovinezza-di-cesare.html,en,La giovinezza di Cesare — Graded Reader B2 | Rovani,51,134,1,La giovinezza di Cesare: an Italian graded reader at level B2,https://thuisitaliaans.com/books/la-giovinezza-di-cesare,4,Answer+Book+BreadcrumbList+EducationalAudience+FAQPage+ListI,si,1446,7,25,0,2,
books/la-vita-nuova.html,en,La Vita Nuova — Italian Graded Reader B2 | Dante,48,132,1,La Vita Nuova: an Italian graded reader at level B2,https://thuisitaliaans.com/books/la-vita-nuova,4,Answer+Book+BreadcrumbList+EducationalAudience+FAQPage+ListI,si,1440,7,25,0,2,
books/le-terre-del-sacramento.html,en,Le terre del Sacramento — Graded Reader A1 | Jovine,51,144,1,Le terre del Sacramento: an Italian graded reader at level A1,https://thuisitaliaans.com/books/le-terre-del-sacramento,4,Answer+Book+BreadcrumbList+EducationalAudience+FAQPage+ListI,si,820,5,25,0,2,
books/lettere-di-viaggio.html,en,"Lettere di viaggio — Graded Reader A2 | Colombo, Vespucci",57,135,1,Lettere di viaggio: an Italian graded reader at level A2,https://thuisitaliaans.com/books/lettere-di-viaggio,4,Answer+Book+BreadcrumbList+EducationalAudience+FAQPage+ListI,si,1467,7,25,0,2,
books/orlando-furioso.html,en,Orlando furioso — Italian Graded Reader B1 | Ariosto,52,135,1,Orlando furioso: an Italian graded reader at level B1,https://thuisitaliaans.com/books/orlando-furioso,4,Answer+Book+BreadcrumbList+EducationalAudience+FAQPage+ListI,si,1544,7,25,0,2,
books/orlando-innamorato.html,en,Orlando innamorato — Graded Reader A2 | Boiardo,47,139,1,Orlando innamorato: an Italian graded reader at level A2,https://thuisitaliaans.com/books/orlando-innamorato,4,Answer+Book+BreadcrumbList+EducationalAudience+FAQPage+ListI,si,1431,7,25,0,2,
books/piccolo-mondo-antico.html,en,Piccolo mondo antico — Graded Reader C1 | Fogazzaro,51,141,1,Piccolo mondo antico: an Italian graded reader at level C1,https://thuisitaliaans.com/books/piccolo-mondo-antico,4,Answer+Book+BreadcrumbList+EducationalAudience+FAQPage+ListI,si,1448,7,25,0,2,
books/pinocchio.html,en,Pinocchio — Italian Graded Reader A2 | Collodi,46,142,1,Pinocchio: an Italian graded reader at level A2,https://thuisitaliaans.com/books/pinocchio,4,Answer+Book+BreadcrumbList+EducationalAudience+FAQPage+ListI,si,1470,7,25,0,2,
books/sidereus-nuncius.html,en,Sidereus Nuncius — Graded Reader B2 | Galileo,45,143,1,Sidereus Nuncius: an Italian graded reader at level B2,https://thuisitaliaans.com/books/sidereus-nuncius,4,Answer+Book+BreadcrumbList+EducationalAudience+FAQPage+ListI,si,1389,7,25,0,2,
en/business-italian.html,en,Business Italian — tailored lessons for professionals | thuisitaliaans,70,137,1,Business Italian,https://thuisitaliaans.com/en/business-italian,4,Answer+BreadcrumbList+City+FAQPage+ListItem+Offer+Place+Ques,si,403,2,43,0,2,title lungo
en/index.html,en,Italian lessons with a native teacher | thuisitaliaans,54,129,1,Speak Italian with confidence.,https://thuisitaliaans.com/en/,4,Course+CourseInstance+ItemList+ListItem+Offer+Person+Service,,2390,2,54,0,1,
en/italian-conversation-lessons.html,en,Italian conversation lessons — learn to speak fluently | thuisitaliaans,71,136,1,Italian conversation lessons,https://thuisitaliaans.com/en/italian-conversation-lessons,4,Answer+BreadcrumbList+City+FAQPage+ListItem+Offer+Place+Ques,si,469,2,43,0,2,title lungo
en/italian-exam-preparation.html,en,"Italian certification: CILS, CELI and PLIDA exam preparation | thuisitaliaans",77,130,1,"CILS, CELI and PLIDA exam preparation",https://thuisitaliaans.com/en/italian-exam-preparation,4,Answer+BreadcrumbList+City+FAQPage+ListItem+Offer+Place+Ques,si,515,2,43,0,2,title lungo
en/italian-for-beginners.html,en,Learn Italian for beginners — from scratch with a teacher | thuisitaliaans,74,142,1,Italian for beginners,https://thuisitaliaans.com/en/italian-for-beginners,4,Answer+BreadcrumbList+City+FAQPage+ListItem+Offer+Place+Ques,si,521,2,43,0,2,title lungo
en/italian-for-children.html,en,Italian for children — learning through play | thuisitaliaans,61,141,1,Italian for children,https://thuisitaliaans.com/en/italian-for-children,4,Answer+BreadcrumbList+City+FAQPage+ListItem+Offer+Place+Ques,si,442,2,43,0,2,
en/italian-lessons-amsterdam.html,en,Italian lessons in Amsterdam — one-to-one with a native teacher | thuisitaliaans,80,139,1,Italian lessons in Amsterdam,https://thuisitaliaans.com/en/italian-lessons-amsterdam,4,Answer+BreadcrumbList+City+FAQPage+ListItem+Offer+Place+Ques,si,506,2,43,0,2,title lungo
en/italian-lessons-ede-utrecht.html,en,"Italian lessons in Ede, Utrecht and Amersfoort | thuisitaliaans",63,143,1,"Italian lessons in Ede, Utrecht and Amersfoort",https://thuisitaliaans.com/en/italian-lessons-ede-utrecht,4,Answer+BreadcrumbList+City+FAQPage+ListItem+Offer+Place+Ques,si,466,2,43,0,2,
en/italian-lessons-online.html,en,Online Italian lessons with a native teacher | thuisitaliaans,61,139,1,Online Italian lessons,https://thuisitaliaans.com/en/italian-lessons-online,4,Answer+BreadcrumbList+City+FAQPage+ListItem+Offer+Place+Ques,si,431,2,43,0,2,
en/pricing.html,en,Italian lesson pricing | thuisitaliaans,39,119,1,Pricing,https://thuisitaliaans.com/en/pricing,4,Answer+FAQPage+Offer+Question+Service+UnitPriceSpecification,si,542,2,43,0,2,
esercizi/abbina-emoji-animali.html,it,Abbina parola-emoji: gli animali | Esercizi Thuis Italiaans,59,87,1,Abbina parola-emoji: gli animali,https://thuisitaliaans.com/esercizi/abbina-emoji-animali,0,BreadcrumbList+EducationalAudience+ImageObject+LearningResou,,375,6,21,0,1,
esercizi/abbina-mestieri.html,it,Abbina i mestieri | Esercizi Thuis Italiaans,44,90,1,Abbina i mestieri,https://thuisitaliaans.com/esercizi/abbina-mestieri,0,BreadcrumbList+EducationalAudience+ImageObject+LearningResou,,436,6,21,0,1,
esercizi/accogliere-un-ospite-a-casa.html,it,Accogliere un ospite a casa | Esercizi Thuis Italiaans,54,144,1,Accogliere un ospite a casa,https://thuisitaliaans.com/esercizi/accogliere-un-ospite-a-casa,0,BreadcrumbList+EducationalAudience+ImageObject+LearningResou,,337,6,21,0,1,
esercizi/aggettivi-che-cambiano-posizione-e-significato.html,it,Aggettivi che cambiano posizione e significato | Esercizi Thuis Italiaans,73,73,1,Aggettivi che cambiano posizione e significato,https://thuisitaliaans.com/esercizi/aggettivi-che-cambiano-posizione-e-significato,0,BreadcrumbList+EducationalAudience+ImageObject+LearningResou,,356,6,21,0,1,title lungo
esercizi/aggettivi-con-essere-e-stare.html,it,Aggettivi con essere e stare | Esercizi Thuis Italiaans,55,138,1,Aggettivi con essere e stare,https://thuisitaliaans.com/esercizi/aggettivi-con-essere-e-stare,0,BreadcrumbList+EducationalAudience+ImageObject+LearningResou,,329,6,21,0,1,
esercizi/aggettivi-del-carattere.html,it,Aggettivi del carattere | Esercizi Thuis Italiaans,50,71,1,Aggettivi del carattere,https://thuisitaliaans.com/esercizi/aggettivi-del-carattere,0,BreadcrumbList+EducationalAudience+ImageObject+LearningResou,,326,6,21,0,1,
esercizi/aggettivi-e-pronomi-indefiniti.html,it,Aggettivi e pronomi indefiniti | Esercizi Thuis Italiaans,57,132,1,Aggettivi e pronomi indefiniti,https://thuisitaliaans.com/esercizi/aggettivi-e-pronomi-indefiniti,0,BreadcrumbList+EducationalAudience+ImageObject+LearningResou,,354,6,21,0,1,
esercizi/aggettivi-e-pronomi-possessivi.html,it,Aggettivi e pronomi possessivi | Esercizi Thuis Italiaans,57,122,1,Aggettivi e pronomi possessivi,https://thuisitaliaans.com/esercizi/aggettivi-e-pronomi-possessivi,0,BreadcrumbList+EducationalAudience+ImageObject+LearningResou,,376,6,21,0,1,
esercizi/aggettivi-fisici.html,it,Aggettivi fisici | Esercizi Thuis Italiaans,43,73,1,Aggettivi fisici,https://thuisitaliaans.com/esercizi/aggettivi-fisici,0,BreadcrumbList+EducationalAudience+ImageObject+LearningResou,,321,6,21,0,1,
esercizi/aggettivi-in-bile.html,it,Aggettivi in -bile | Esercizi Thuis Italiaans,45,129,1,Aggettivi in -bile,https://thuisitaliaans.com/esercizi/aggettivi-in-bile,0,BreadcrumbList+EducationalAudience+ImageObject+LearningResou,,346,6,21,0,1,
esercizi/aggettivo-positivo-o-negativo-del-carattere.html,it,Aggettivo positivo o negativo del carattere | Esercizi Thuis Italiaans,70,136,1,Aggettivo positivo o negativo del carattere,https://thuisitaliaans.com/esercizi/aggettivo-positivo-o-negativo-del-carattere,0,BreadcrumbList+EducationalAudience+ImageObject+LearningResou,,334,6,21,0,1,title lungo
esercizi/aggettivo-qualificativo-o-indefinito.html,it,Aggettivo qualificativo o indefinito | Esercizi Thuis Italiaans,63,129,1,Aggettivo qualificativo o indefinito,https://thuisitaliaans.com/esercizi/aggettivo-qualificativo-o-indefinito,0,BreadcrumbList+EducationalAudience+ImageObject+LearningResou,,317,6,21,0,1,
esercizi/al-bar-il-primo-caffe-della-giornata.html,it,Al bar: il primo caffè della giornata | Esercizi Thuis Italiaans,64,137,1,Al bar: il primo caffè della giornata,https://thuisitaliaans.com/esercizi/al-bar-il-primo-caffe-della-giornata,0,BreadcrumbList+EducationalAudience+ImageObject+LearningResou,,343,6,21,0,1,
esercizi/al-mare-attrezzatura.html,it,Al mare: attrezzatura | Esercizi Thuis Italiaans,48,121,1,Al mare: attrezzatura,https://thuisitaliaans.com/esercizi/al-mare-attrezzatura,0,BreadcrumbList+EducationalAudience+ImageObject+LearningResou,,374,6,21,0,1,
esercizi/al-ristorante-il-menu.html,it,Al ristorante: il menu | Esercizi Thuis Italiaans,49,127,1,Al ristorante: il menu,https://thuisitaliaans.com/esercizi/al-ristorante-il-menu,0,BreadcrumbList+EducationalAudience+ImageObject+LearningResou,,362,6,21,0,1,
esercizi/al-supermercato.html,it,Al supermercato | Esercizi Thuis Italiaans,42,133,1,Al supermercato,https://thuisitaliaans.com/esercizi/al-supermercato,0,BreadcrumbList+EducationalAudience+ImageObject+LearningResou,,324,6,21,0,1,
esercizi/anagramma-meteo.html,it,Anagrammi: il meteo | Esercizi Thuis Italiaans,46,75,1,Anagrammi: il meteo,https://thuisitaliaans.com/esercizi/anagramma-meteo,0,BreadcrumbList+EducationalAudience+ImageObject+LearningResou,,372,6,21,0,1,
esercizi/anagrammi-connettivi-avanzati.html,it,Anagrammi: connettivi avanzati | Esercizi Thuis Italiaans,57,72,1,Anagrammi: connettivi avanzati,https://thuisitaliaans.com/esercizi/anagrammi-connettivi-avanzati,0,BreadcrumbList+EducationalAudience+ImageObject+LearningResou,,327,6,21,0,1,
esercizi/anagrammi-elettrodomestici.html,it,Anagrammi: elettrodomestici | Esercizi Thuis Italiaans,54,144,1,Anagrammi: elettrodomestici,https://thuisitaliaans.com/esercizi/anagrammi-elettrodomestici,0,BreadcrumbList+EducationalAudience+ImageObject+LearningResou,,316,6,21,0,1,
esercizi/anagrammi-generi-cinematografici.html,it,Anagrammi: generi cinematografici | Esercizi Thuis Italiaans,60,143,1,Anagrammi: generi cinematografici,https://thuisitaliaans.com/esercizi/anagrammi-generi-cinematografici,0,BreadcrumbList+EducationalAudience+ImageObject+LearningResou,,325,6,21,0,1,
esercizi/anagrammi-i-giorni-della-settimana.html,it,Anagrammi: i giorni della settimana | Esercizi Thuis Italiaans,62,145,1,Anagrammi: i giorni della settimana,https://thuisitaliaans.com/esercizi/anagrammi-i-giorni-della-settimana,0,BreadcrumbList+EducationalAudience+ImageObject+LearningResou,,342,6,21,0,1,
esercizi/anagrammi-i-pronomi-personali.html,it,Anagrammi: i pronomi personali | Esercizi Thuis Italiaans,57,140,1,Anagrammi: i pronomi personali,https://thuisitaliaans.com/esercizi/anagrammi-i-pronomi-personali,0,BreadcrumbList+EducationalAudience+ImageObject+LearningResou,,329,6,21,0,1,
esercizi/anagrammi-i-trasporti.html,it,Anagrammi: i trasporti | Esercizi Thuis Italiaans,49,141,1,Anagrammi: i trasporti,https://thuisitaliaans.com/esercizi/anagrammi-i-trasporti,0,BreadcrumbList+EducationalAudience+ImageObject+LearningResou,,336,6,21,0,1,
esercizi/anagrammi-in-vacanza.html,it,Anagrammi: in vacanza | Esercizi Thuis Italiaans,48,70,1,Anagrammi: in vacanza,https://thuisitaliaans.com/esercizi/anagrammi-in-vacanza,0,BreadcrumbList+EducationalAudience+ImageObject+LearningResou,,331,6,21,0,1,
esercizi/anagrammi-le-espressioni-del-viso.html,it,Anagrammi: le espressioni del viso | Esercizi Thuis Italiaans,61,76,1,Anagrammi: le espressioni del viso,https://thuisitaliaans.com/esercizi/anagrammi-le-espressioni-del-viso,0,BreadcrumbList+EducationalAudience+ImageObject+LearningResou,,343,6,21,0,1,
esercizi/anagrammi-le-materie-scolastiche.html,it,Anagrammi: le materie scolastiche | Esercizi Thuis Italiaans,60,143,1,Anagrammi: le materie scolastiche,https://thuisitaliaans.com/esercizi/anagrammi-le-materie-scolastiche,0,BreadcrumbList+EducationalAudience+ImageObject+LearningResou,,339,6,21,0,1,
esercizi/anagrammi-preposizioni-articolate.html,it,Anagrammi: preposizioni articolate | Esercizi Thuis Italiaans,61,144,1,Anagrammi: preposizioni articolate,https://thuisitaliaans.com/esercizi/anagrammi-preposizioni-articolate,0,BreadcrumbList+EducationalAudience+ImageObject+LearningResou,,315,6,21,0,1,
esercizi/anche-se-vs-sebbene.html,it,Anche se vs. sebbene | Esercizi Thuis Italiaans,47,133,1,Anche se vs. sebbene,https://thuisitaliaans.com/esercizi/anche-se-vs-sebbene,0,BreadcrumbList+EducationalAudience+ImageObject+LearningResou,,336,6,21,0,1,
esercizi/animali-domestici-o-selvatici.html,it,Animali domestici o selvatici | Esercizi Thuis Italiaans,56,122,1,Animali domestici o selvatici,https://thuisitaliaans.com/esercizi/animali-domestici-o-selvatici,0,BreadcrumbList+EducationalAudience+ImageObject+LearningResou,,326,6,21,0,1,
esercizi/annunci-di-lavoro-e-cv.html,it,Annunci di lavoro e CV | Esercizi Thuis Italiaans,49,139,1,Annunci di lavoro e CV,https://thuisitaliaans.com/esercizi/annunci-di-lavoro-e-cv,0,BreadcrumbList+EducationalAudience+ImageObject+LearningResou,,391,6,21,0,1,
esercizi/apparecchiare-la-tavola.html,it,Apparecchiare la tavola | Esercizi Thuis Italiaans,50,144,1,Apparecchiare la tavola,https://thuisitaliaans.com/esercizi/apparecchiare-la-tavola,0,BreadcrumbList+EducationalAudience+ImageObject+LearningResou,,318,6,21,0,1,
esercizi/architettura-e-citta.html,it,Architettura e città | Esercizi Thuis Italiaans,47,144,1,Architettura e città,https://thuisitaliaans.com/esercizi/architettura-e-citta,0,BreadcrumbList+EducationalAudience+ImageObject+LearningResou,,335,6,21,0,2,
esercizi/arte-teatro-e-design.html,it,"Arte, teatro e design | Esercizi Thuis Italiaans",48,134,1,"Arte, teatro e design",https://thuisitaliaans.com/esercizi/arte-teatro-e-design,0,BreadcrumbList+EducationalAudience+ImageObject+LearningResou,,338,6,21,0,2,
esercizi/articoli-determinativi-e-indeterminativi.html,it,Articoli determinativi e indeterminativi | Esercizi Thuis Italiaans,67,76,1,Articoli determinativi e indeterminativi,https://thuisitaliaans.com/esercizi/articoli-determinativi-e-indeterminativi,0,BreadcrumbList+EducationalAudience+ImageObject+LearningResou,,379,6,21,0,1,title lungo
esercizi/ausiliare-essere-o-avere-3.html,it,Ausiliare essere o avere (3) | Esercizi Thuis Italiaans,55,70,1,Ausiliare essere o avere (3),https://thuisitaliaans.com/esercizi/ausiliare-essere-o-avere-3,0,BreadcrumbList+EducationalAudience+ImageObject+LearningResou,,332,6,21,0,1,
esercizi/ausiliare-essere-o-avere.html,it,Ausiliare essere o avere | Esercizi Thuis Italiaans,51,143,1,Ausiliare essere o avere,https://thuisitaliaans.com/esercizi/ausiliare-essere-o-avere,0,BreadcrumbList+EducationalAudience+ImageObject+LearningResou,,350,6,21,0,1,
esercizi/avverbi-di-frequenza.html,it,Avverbi di frequenza | Esercizi Thuis Italiaans,47,132,1,Avverbi di frequenza,https://thuisitaliaans.com/esercizi/avverbi-di-frequenza,0,BreadcrumbList+EducationalAudience+ImageObject+LearningResou,,369,6,21,0,1,
esercizi/battaglia-delle-preposizioni.html,it,Battaglia delle preposizioni | Esercizi Thuis Italiaans,55,145,1,Battaglia delle preposizioni,https://thuisitaliaans.com/esercizi/battaglia-delle-preposizioni,0,BreadcrumbList+EducationalAudience+ImageObject+LearningResou,,365,6,21,0,1,
esercizi/battaglia-navale-condizionale-semplice.html,it,Battaglia navale: condizionale semplice | Esercizi Thuis Italiaans,66,141,1,Battaglia navale: condizionale semplice,https://thuisitaliaans.com/esercizi/battaglia-navale-condizionale-semplice,0,BreadcrumbList+EducationalAudience+ImageObject+LearningResou,,343,6,21,0,1,title lungo
esercizi/battaglia-navale-espressioni-di-opinione.html,it,Battaglia navale: espressioni di opinione | Esercizi Thuis Italiaans,68,77,1,Battaglia navale: espressioni di opinione,https://thuisitaliaans.com/esercizi/battaglia-navale-espressioni-di-opinione,0,BreadcrumbList+EducationalAudience+ImageObject+LearningResou,,371,6,21,0,1,title lungo
esercizi/battaglia-navale-i-connettivi-testuali-avanzati.html,it,Battaglia navale: i connettivi testuali avanzati | Esercizi Thuis Italiaans,75,75,1,Battaglia navale: i connettivi testuali avanzati,https://thuisitaliaans.com/esercizi/battaglia-navale-i-connettivi-testuali-avanzati,0,BreadcrumbList+EducationalAudience+ImageObject+LearningResou,,380,6,21,0,1,title lungo
esercizi/battaglia-navale-i-pronomi-diretti.html,it,Battaglia navale: i pronomi diretti | Esercizi Thuis Italiaans,62,135,1,Battaglia navale: i pronomi diretti,https://thuisitaliaans.com/esercizi/battaglia-navale-i-pronomi-diretti,0,BreadcrumbList+EducationalAudience+ImageObject+LearningResou,,370,6,21,0,1,
esercizi/battaglia-navale-il-congiuntivo-passato.html,it,Battaglia navale: il congiuntivo passato | Esercizi Thuis Italiaans,67,139,1,Battaglia navale: il congiuntivo passato,https://thuisitaliaans.com/esercizi/battaglia-navale-il-congiuntivo-passato,0,BreadcrumbList+EducationalAudience+ImageObject+LearningResou,,353,6,21,0,1,title lungo
esercizi/battaglia-navale-il-menu-del-ristorante.html,it,Battaglia navale: il menu del ristorante | Esercizi Thuis Italiaans,67,142,1,Battaglia navale: il menu del ristorante,https://thuisitaliaans.com/esercizi/battaglia-navale-il-menu-del-ristorante,0,BreadcrumbList+EducationalAudience+ImageObject+LearningResou,,394,6,21,0,1,title lungo
esercizi/battaglia-navale-il-periodo-ipotetico-completo.html,it,Battaglia navale: il periodo ipotetico completo | Esercizi Thuis Italiaans,74,72,1,Battaglia navale: il periodo ipotetico completo,https://thuisitaliaans.com/esercizi/battaglia-navale-il-periodo-ipotetico-completo,0,BreadcrumbList+EducationalAudience+ImageObject+LearningResou,,378,6,21,0,1,title lungo
esercizi/battaglia-navale-mezzi-di-trasporto.html,it,Battaglia navale: mezzi di trasporto | Esercizi Thuis Italiaans,63,138,1,Battaglia navale: mezzi di trasporto,https://thuisitaliaans.com/esercizi/battaglia-navale-mezzi-di-trasporto,0,BreadcrumbList+EducationalAudience+ImageObject+LearningResou,,379,6,21,0,1,
esercizi/battaglia-navale-modi-di-dire.html,it,Battaglia navale linguistica | Esercizi Thuis Italiaans,55,96,1,Battaglia navale linguistica,https://thuisitaliaans.com/esercizi/battaglia-navale-modi-di-dire,0,BreadcrumbList+EducationalAudience+ImageObject+LearningResou,,388,6,21,0,1,
esercizi/battaglia-navale-periodo-ipotetico.html,it,Battaglia navale: periodo ipotetico | Esercizi Thuis Italiaans,62,137,1,Battaglia navale: periodo ipotetico,https://thuisitaliaans.com/esercizi/battaglia-navale-periodo-ipotetico,0,BreadcrumbList+EducationalAudience+ImageObject+LearningResou,,351,6,21,0,1,
esercizi/battaglia-navale-pronomi-combinati.html,it,Battaglia navale: pronomi combinati | Esercizi Thuis Italiaans,62,137,1,Battaglia navale: pronomi combinati,https://thuisitaliaans.com/esercizi/battaglia-navale-pronomi-combinati,0,BreadcrumbList+EducationalAudience+ImageObject+LearningResou,,380,6,21,0,1,
esercizi/bello-e-buono-davanti-al-nome.html,it,Bello e buono davanti al nome | Esercizi Thuis Italiaans,56,135,1,Bello e buono davanti al nome,https://thuisitaliaans.com/esercizi/bello-e-buono-davanti-al-nome,0,BreadcrumbList+EducationalAudience+ImageObject+LearningResou,,357,6,21,0,1,
esercizi/bevanda-alcolica-o-analcolica.html,it,Bevanda alcolica o analcolica | Esercizi Thuis Italiaans,56,123,1,Bevanda alcolica o analcolica,https://thuisitaliaans.com/esercizi/bevanda-alcolica-o-analcolica,0,BreadcrumbList+EducationalAudience+ImageObject+LearningResou,,333,6,21,0,1,
esercizi/bevande-calde-o-fredde.html,it,Bevande calde o fredde | Esercizi Thuis Italiaans,49,114,1,Bevande calde o fredde,https://thuisitaliaans.com/esercizi/bevande-calde-o-fredde,0,BreadcrumbList+EducationalAudience+ImageObject+LearningResou,,332,6,21,0,1,
esercizi/bevande-e-dolci.html,it,Bevande e dolci | Esercizi Thuis Italiaans,42,145,1,Bevande e dolci,https://thuisitaliaans.com/esercizi/bevande-e-dolci,0,BreadcrumbList+EducationalAudience+ImageObject+LearningResou,,339,6,21,0,1,
esercizi/bevande-italiane.html,it,Bevande italiane | Esercizi Thuis Italiaans,43,77,1,Bevande italiane,https://thuisitaliaans.com/esercizi/bevande-italiane,0,BreadcrumbList+EducationalAudience+ImageObject+LearningResou,,350,6,21,0,1,
esercizi/buono-cattivo-e-le-loro-forme-irregolari.html,it,"Buono, cattivo e le loro forme irregolari | Esercizi Thuis Italiaans",68,136,1,"Buono, cattivo e le loro forme irregolari",https://thuisitaliaans.com/esercizi/buono-cattivo-e-le-loro-forme-irregolari,0,BreadcrumbList+EducationalAudience+ImageObject+LearningResou,,343,6,21,0,1,title lungo
esercizi/c-e-ci-sono.html,it,"C'è, ci sono | Esercizi Thuis Italiaans",39,135,1,"C'è, ci sono",https://thuisitaliaans.com/esercizi/c-e-ci-sono,0,BreadcrumbList+EducationalAudience+ImageObject+LearningResou,,394,6,21,0,1,
esercizi/cambiare-un-biglietto-del-treno.html,it,Cambiare un biglietto del treno | Esercizi Thuis Italiaans,58,78,1,Cambiare un biglietto del treno,https://thuisitaliaans.com/esercizi/cambiare-un-biglietto-del-treno,0,BreadcrumbList+EducationalAudience+ImageObject+LearningResou,,331,6,21,0,1,
esercizi/categorizza-genere.html,it,Maschile o femminile? | Esercizi Thuis Italiaans,48,145,1,Maschile o femminile?,https://thuisitaliaans.com/esercizi/categorizza-genere,0,BreadcrumbList+EducationalAudience+ImageObject+LearningResou,,378,6,21,0,1,
esercizi/che-ora-e-l-orologio.html,it,Che ora è? L'orologio | Esercizi Thuis Italiaans,48,133,1,Che ora è? L'orologio,https://thuisitaliaans.com/esercizi/che-ora-e-l-orologio,0,BreadcrumbList+EducationalAudience+ImageObject+LearningResou,,344,6,21,0,1,
esercizi/chiamare-un-idraulico.html,it,Chiamare un idraulico | Esercizi Thuis Italiaans,48,72,1,Chiamare un idraulico,https://thuisitaliaans.com/esercizi/chiamare-un-idraulico,0,BreadcrumbList+EducationalAudience+ImageObject+LearningResou,,324,6,21,0,1,
esercizi/chiedere-di-ripetere-una-spiegazione.html,it,Chiedere di ripetere una spiegazione | Esercizi Thuis Italiaans,63,129,1,Chiedere di ripetere una spiegazione,https://thuisitaliaans.com/esercizi/chiedere-di-ripetere-una-spiegazione,0,BreadcrumbList+EducationalAudience+ImageObject+LearningResou,,331,6,21,0,1,
esercizi/chiedere-e-dare-indicazioni.html,it,Chiedere e dare indicazioni | Esercizi Thuis Italiaans,54,146,1,Chiedere e dare indicazioni,https://thuisitaliaans.com/esercizi/chiedere-e-dare-indicazioni,0,BreadcrumbList+EducationalAudience+ImageObject+LearningResou,,336,6,21,0,1,
esercizi/chiedere-il-conto-al-ristorante.html,it,Chiedere il conto al ristorante | Esercizi Thuis Italiaans,58,141,1,Chiedere il conto al ristorante,https://thuisitaliaans.com/esercizi/chiedere-il-conto-al-ristorante,0,BreadcrumbList+EducationalAudience+ImageObject+LearningResou,,340,6,21,0,1,
esercizi/chiedere-il-menu-al-ristorante.html,it,Chiedere il menu al ristorante | Esercizi Thuis Italiaans,57,140,1,Chiedere il menu al ristorante,https://thuisitaliaans.com/esercizi/chiedere-il-menu-al-ristorante,0,BreadcrumbList+EducationalAudience+ImageObject+LearningResou,,335,6,21,0,1,
esercizi/chiedere-informazioni-in-stazione.html,it,Chiedere informazioni in stazione | Esercizi Thuis Italiaans,60,135,1,Chiedere informazioni in stazione,https://thuisitaliaans.com/esercizi/chiedere-informazioni-in-stazione,0,BreadcrumbList+EducationalAudience+ImageObject+LearningResou,,340,6,21,0,1,
esercizi/chiedere-l-ora.html,it,Chiedere l'ora | Esercizi Thuis Italiaans,41,144,1,Chiedere l'ora,https://thuisitaliaans.com/esercizi/chiedere-l-ora,0,BreadcrumbList+EducationalAudience+ImageObject+LearningResou,,337,6,21,0,1,
esercizi/chiedere-scusa.html,it,Chiedere scusa | Esercizi Thuis Italiaans,41,138,1,Chiedere scusa,https://thuisitaliaans.com/esercizi/chiedere-scusa,0,BreadcrumbList+EducationalAudience+ImageObject+LearningResou,,314,6,21,0,1,
esercizi/chiedere-una-lettera-di-raccomandazione.html,it,Chiedere una lettera di raccomandazione | Esercizi Thuis Italiaans,66,75,1,Chiedere una lettera di raccomandazione,https://thuisitaliaans.com/esercizi/chiedere-una-lettera-di-raccomandazione,0,BreadcrumbList+EducationalAudience+ImageObject+LearningResou,,325,6,21,0,1,title lungo
esercizi/ci-e-ne-insieme-nella-stessa-frase.html,it,Ci e ne insieme nella stessa frase | Esercizi Thuis Italiaans,61,146,1,Ci e ne insieme nella stessa frase,https://thuisitaliaans.com/esercizi/ci-e-ne-insieme-nella-stessa-frase,0,BreadcrumbList+EducationalAudience+ImageObject+LearningResou,,358,6,21,0,1,
esercizi/ci-o-ne.html,it,Ci o ne | Esercizi Thuis Italiaans,34,135,1,Ci o ne,https://thuisitaliaans.com/esercizi/ci-o-ne,0,BreadcrumbList+EducationalAudience+ImageObject+LearningResou,,388,6,21,0,1,
esercizi/ci-sono-voluti-ci-vuole.html,it,"Ci sono voluti, ci vuole | Esercizi Thuis Italiaans",51,137,1,"Ci sono voluti, ci vuole",https://thuisitaliaans.com/esercizi/ci-sono-voluti-ci-vuole,0,BreadcrumbList+EducationalAudience+ImageObject+LearningResou,,376,6,21,0,1,
esercizi/ci-vuole-ci-vogliono.html,it,"Ci vuole, ci vogliono | Esercizi Thuis Italiaans",48,144,1,"Ci vuole, ci vogliono",https://thuisitaliaans.com/esercizi/ci-vuole-ci-vogliono,0,BreadcrumbList+EducationalAudience+ImageObject+LearningResou,,394,6,21,0,1,
esercizi/cibi-solidi-o-liquidi.html,it,Cibi solidi o liquidi | Esercizi Thuis Italiaans,48,118,1,Cibi solidi o liquidi,https://thuisitaliaans.com/esercizi/cibi-solidi-o-liquidi,0,BreadcrumbList+EducationalAudience+ImageObject+LearningResou,,320,6,21,0,1,
esercizi/cinema-e-musica-italiana.html,it,Cinema e musica italiana | Esercizi Thuis Italiaans,51,145,1,Cinema e musica italiana,https://thuisitaliaans.com/esercizi/cinema-e-musica-italiana,0,BreadcrumbList+EducationalAudience+ImageObject+LearningResou,,345,6,21,0,1,
esercizi/clima-e-geografia.html,it,Clima e geografia | Esercizi Thuis Italiaans,44,133,1,Clima e geografia,https://thuisitaliaans.com/esercizi/clima-e-geografia,0,BreadcrumbList+EducationalAudience+ImageObject+LearningResou,,326,6,21,0,1,
esercizi/cloze-banca-preposizioni.html,it,Completa con la banca di parole | Esercizi Thuis Italiaans,58,84,1,Completa con la banca di parole,https://thuisitaliaans.com/esercizi/cloze-banca-preposizioni,0,BreadcrumbList+EducationalAudience+ImageObject+LearningResou,,371,6,21,0,1,
esercizi/cloze-menu-tendina.html,it,Cloze con menu a tendina | Esercizi Thuis Italiaans,51,146,1,Completa scegliendo dal menu,https://thuisitaliaans.com/esercizi/cloze-menu-tendina,0,BreadcrumbList+EducationalAudience+ImageObject+LearningResou,,405,6,21,0,1,
esercizi/cloze-parentesi-futuro.html,it,Cloze con suggerimento tra parentesi | Esercizi Thuis Italiaans,63,138,1,Completa con il verbo tra parentesi,https://thuisitaliaans.com/esercizi/cloze-parentesi-futuro,0,BreadcrumbList+EducationalAudience+ImageObject+LearningResou,,355,6,21,0,1,
esercizi/cloze-senza-indizio.html,it,Cloze senza indizi | Esercizi Thuis Italiaans,45,127,1,Completa senza indizi,https://thuisitaliaans.com/esercizi/cloze-senza-indizio,0,BreadcrumbList+EducationalAudience+ImageObject+LearningResou,,366,6,21,0,1,
esercizi/colazione-o-cena.html,it,Colazione o cena | Esercizi Thuis Italiaans,43,81,1,Colazione o cena,https://thuisitaliaans.com/esercizi/colazione-o-cena,0,BreadcrumbList+EducationalAudience+ImageObject+LearningResou,,328,6,21,0,1,
esercizi/colori-del-cibo.html,it,Colori del cibo | Esercizi Thuis Italiaans,42,143,1,Colori del cibo,https://thuisitaliaans.com/esercizi/colori-del-cibo,0,BreadcrumbList+EducationalAudience+ImageObject+LearningResou,,326,6,21,0,1,
esercizi/comparativi-irregolari-migliore-peggiore.html,it,"Comparativi irregolari: migliore, peggiore | Esercizi Thuis Italiaans",69,134,1,"Comparativi irregolari: migliore, peggiore",https://thuisitaliaans.com/esercizi/comparativi-irregolari-migliore-peggiore,0,BreadcrumbList+EducationalAudience+ImageObject+LearningResou,,350,6,21,0,1,title lungo
esercizi/comparativi.html,it,Comparativi | Esercizi Thuis Italiaans,38,129,1,Comparativi,https://thuisitaliaans.com/esercizi/comparativi,0,BreadcrumbList+EducationalAudience+ImageObject+LearningResou,,351,6,21,0,1,
esercizi/comprare-un-biglietto-dell-autobus.html,it,Comprare un biglietto dell'autobus | Esercizi Thuis Italiaans,61,145,1,Comprare un biglietto dell'autobus,https://thuisitaliaans.com/esercizi/comprare-un-biglietto-dell-autobus,0,BreadcrumbList+EducationalAudience+ImageObject+LearningResou,,342,6,21,0,1,
esercizi/condizionale-composto.html,it,Condizionale composto | Esercizi Thuis Italiaans,48,143,1,Condizionale composto,https://thuisitaliaans.com/esercizi/condizionale-composto,0,BreadcrumbList+EducationalAudience+ImageObject+LearningResou,,354,6,21,0,1,
esercizi/condizionale-per-richieste-cortesi.html,it,Condizionale per richieste cortesi | Esercizi Thuis Italiaans,61,142,1,Condizionale per richieste cortesi,https://thuisitaliaans.com/esercizi/condizionale-per-richieste-cortesi,0,BreadcrumbList+EducationalAudience+ImageObject+LearningResou,,343,6,21,0,1,
esercizi/condizionale-semplice.html,it,Condizionale semplice | Esercizi Thuis Italiaans,48,77,1,Condizionale semplice,https://thuisitaliaans.com/esercizi/condizionale-semplice,0,BreadcrumbList+EducationalAudience+ImageObject+LearningResou,,386,6,21,0,1,
esercizi/congiuntivo-o-condizionale.html,it,Congiuntivo o condizionale | Esercizi Thuis Italiaans,53,78,1,Congiuntivo o condizionale,https://thuisitaliaans.com/esercizi/congiuntivo-o-condizionale,0,BreadcrumbList+EducationalAudience+ImageObject+LearningResou,,352,6,21,0,1,
esercizi/congiuntivo-o-indicativo-2.html,it,Congiuntivo o indicativo (2) | Esercizi Thuis Italiaans,55,133,1,Congiuntivo o indicativo (2),https://thuisitaliaans.com/esercizi/congiuntivo-o-indicativo-2,0,BreadcrumbList+EducationalAudience+ImageObject+LearningResou,,340,6,21,0,1,
esercizi/congiuntivo-o-indicativo.html,it,Congiuntivo o indicativo | Esercizi Thuis Italiaans,51,76,1,Congiuntivo o indicativo,https://thuisitaliaans.com/esercizi/congiuntivo-o-indicativo,0,BreadcrumbList+EducationalAudience+ImageObject+LearningResou,,345,6,21,0,1,
esercizi/congiuntivo-presente-o-imperfetto.html,it,Congiuntivo presente o imperfetto | Esercizi Thuis Italiaans,60,136,1,Congiuntivo presente o imperfetto,https://thuisitaliaans.com/esercizi/congiuntivo-presente-o-imperfetto,0,BreadcrumbList+EducationalAudience+ImageObject+LearningResou,,357,6,21,0,1,
esercizi/congiuntivo-presente.html,it,Congiuntivo presente | Esercizi Thuis Italiaans,47,79,1,Congiuntivo presente,https://thuisitaliaans.com/esercizi/congiuntivo-presente,0,BreadcrumbList+EducationalAudience+ImageObject+LearningResou,,393,6,21,0,1,
esercizi/congiunzioni-temporali.html,it,Congiunzioni temporali | Esercizi Thuis Italiaans,49,134,1,Congiunzioni temporali,https://thuisitaliaans.com/esercizi/congiunzioni-temporali,0,BreadcrumbList+EducationalAudience+ImageObject+LearningResou,,360,6,21,0,1,
esercizi/connettivi-avanzati.html,it,Connettivi avanzati | Esercizi Thuis Italiaans,46,72,1,Connettivi avanzati,https://thuisitaliaans.com/esercizi/connettivi-avanzati,0,BreadcrumbList+EducationalAudience+ImageObject+LearningResou,,343,6,21,0,1,
esercizi/connettivi-con-cosicche-e-nonostante.html,it,Connettivi con cosicché e nonostante | Esercizi Thuis Italiaans,63,136,1,Connettivi con cosicché e nonostante,https://thuisitaliaans.com/esercizi/connettivi-con-cosicche-e-nonostante,0,BreadcrumbList+EducationalAudience+ImageObject+LearningResou,,347,6,21,0,1,
esercizi/connettivi-di-aggiunta-e-contrasto.html,it,Connettivi di aggiunta e contrasto | Esercizi Thuis Italiaans,61,146,1,Connettivi di aggiunta e contrasto,https://thuisitaliaans.com/esercizi/connettivi-di-aggiunta-e-contrasto,0,BreadcrumbList+EducationalAudience+ImageObject+LearningResou,,356,6,21,0,1,
esercizi/connettivi-di-causa-ed-effetto.html,it,Connettivi di causa ed effetto | Esercizi Thuis Italiaans,57,141,1,Connettivi di causa ed effetto,https://thuisitaliaans.com/esercizi/connettivi-di-causa-ed-effetto,0,BreadcrumbList+EducationalAudience+ImageObject+LearningResou,,390,6,21,0,1,
esercizi/connettivi-di-causa-o-conseguenza.html,it,Connettivi di causa o conseguenza | Esercizi Thuis Italiaans,60,141,1,Connettivi di causa o conseguenza,https://thuisitaliaans.com/esercizi/connettivi-di-causa-o-conseguenza,0,BreadcrumbList+EducationalAudience+ImageObject+LearningResou,,329,6,21,0,1,
esercizi/connettivi-di-scopo-affinche-perche-congiuntivo.html,it,"Connettivi di scopo (affinché, perché + congiuntivo) | Esercizi Thuis Italiaans",79,71,1,"Connettivi di scopo (affinché, perché + congiuntivo)",https://thuisitaliaans.com/esercizi/connettivi-di-scopo-affinche-perche-congiuntivo,0,BreadcrumbList+EducationalAudience+ImageObject+LearningResou,,354,6,21,0,1,title lungo
esercizi/connettivi-logici-complessi.html,it,Connettivi logici complessi | Esercizi Thuis Italiaans,54,100,1,Connettivi logici complessi,https://thuisitaliaans.com/esercizi/connettivi-logici-complessi,0,BreadcrumbList+EducationalAudience+ImageObject+LearningResou,,359,6,21,0,1,
esercizi/connettivi-testuali.html,it,Connettivi testuali | Esercizi Thuis Italiaans,46,76,1,Connettivi testuali,https://thuisitaliaans.com/esercizi/connettivi-testuali,0,BreadcrumbList+EducationalAudience+ImageObject+LearningResou,,339,6,21,0,1,
esercizi/connettivo-di-aggiunta-o-di-contrasto.html,it,Connettivo di aggiunta o di contrasto | Esercizi Thuis Italiaans,64,142,1,Connettivo di aggiunta o di contrasto,https://thuisitaliaans.com/esercizi/connettivo-di-aggiunta-o-di-contrasto,0,BreadcrumbList+EducationalAudience+ImageObject+LearningResou,,324,6,21,0,1,
esercizi/consumi-pubblicita-e-marketing.html,it,"Consumi, pubblicità e marketing | Esercizi Thuis Italiaans",58,146,1,"Consumi, pubblicità e marketing",https://thuisitaliaans.com/esercizi/consumi-pubblicita-e-marketing,0,BreadcrumbList+EducationalAudience+ImageObject+LearningResou,,358,6,21,0,1,
esercizi/contrari-comuni.html,it,Contrari comuni | Esercizi Thuis Italiaans,42,116,1,Contrari comuni,https://thuisitaliaans.com/esercizi/contrari-comuni,0,BreadcrumbList+EducationalAudience+ImageObject+LearningResou,,330,6,21,0,1,
esercizi/convincere-qualcuno-con-argomenti.html,it,Convincere qualcuno con argomenti | Esercizi Thuis Italiaans,60,144,1,Convincere qualcuno con argomenti,https://thuisitaliaans.com/esercizi/convincere-qualcuno-con-argomenti,0,BreadcrumbList+EducationalAudience+ImageObject+LearningResou,,323,6,21,0,1,
esercizi/coppie-minime-doppie.html,it,Coppie minime: quale hai sentito? | Esercizi Thuis Italiaans,60,116,1,Coppie minime: quale hai sentito?,https://thuisitaliaans.com/esercizi/coppie-minime-doppie,0,BreadcrumbList+EducationalAudience+ImageObject+LearningResou,,290,6,21,0,0,pagina sottile; niente tabelle/liste/FAQ da citare
esercizi/costrutti-concessivi-ed-eccettuativi.html,it,Costrutti concessivi ed eccettuativi | Esercizi Thuis Italiaans,63,71,1,Costrutti concessivi ed eccettuativi,https://thuisitaliaans.com/esercizi/costrutti-concessivi-ed-eccettuativi,0,BreadcrumbList+EducationalAudience+ImageObject+LearningResou,,353,6,21,0,1,
esercizi/crucipuzzle-cibo.html,it,Crucipuzzle: il cibo italiano | Esercizi Thuis Italiaans,56,143,1,Crucipuzzle: il cibo italiano,https://thuisitaliaans.com/esercizi/crucipuzzle-cibo,0,BreadcrumbList+EducationalAudience+ImageObject+LearningResou,,389,6,21,0,2,
esercizi/crucipuzzle-i-colori.html,it,Crucipuzzle: i colori | Esercizi Thuis Italiaans,48,124,1,Crucipuzzle: i colori,https://thuisitaliaans.com/esercizi/crucipuzzle-i-colori,0,BreadcrumbList+EducationalAudience+ImageObject+LearningResou,,333,6,21,0,2,
esercizi/crucipuzzle-i-mobili.html,it,Crucipuzzle: i mobili | Esercizi Thuis Italiaans,48,124,1,Crucipuzzle: i mobili,https://thuisitaliaans.com/esercizi/crucipuzzle-i-mobili,0,BreadcrumbList+EducationalAudience+ImageObject+LearningResou,,340,6,21,0,2,
esercizi/crucipuzzle-i-numeri.html,it,Crucipuzzle: i numeri | Esercizi Thuis Italiaans,48,135,1,Crucipuzzle: i numeri,https://thuisitaliaans.com/esercizi/crucipuzzle-i-numeri,0,BreadcrumbList+EducationalAudience+ImageObject+LearningResou,,331,6,21,0,2,
esercizi/crucipuzzle-i-social-network.html,it,Crucipuzzle: i social network | Esercizi Thuis Italiaans,56,135,1,Crucipuzzle: i social network,https://thuisitaliaans.com/esercizi/crucipuzzle-i-social-network,0,BreadcrumbList+EducationalAudience+ImageObject+LearningResou,,333,6,21,0,2,
esercizi/crucipuzzle-il-carattere.html,it,Crucipuzzle: il carattere | Esercizi Thuis Italiaans,52,134,1,Crucipuzzle: il carattere,https://thuisitaliaans.com/esercizi/crucipuzzle-il-carattere,0,BreadcrumbList+EducationalAudience+ImageObject+LearningResou,,325,6,21,0,2,
esercizi/crucipuzzle-il-congiuntivo-presente-2.html,it,Crucipuzzle: il congiuntivo presente (2) | Esercizi Thuis Italiaans,67,140,1,Crucipuzzle: il congiuntivo presente (2),https://thuisitaliaans.com/esercizi/crucipuzzle-il-congiuntivo-presente-2,0,BreadcrumbList+EducationalAudience+ImageObject+LearningResou,,337,6,21,0,2,title lungo
esercizi/crucipuzzle-il-giornalismo.html,it,Crucipuzzle: il giornalismo | Esercizi Thuis Italiaans,54,132,1,Crucipuzzle: il giornalismo,https://thuisitaliaans.com/esercizi/crucipuzzle-il-giornalismo,0,BreadcrumbList+EducationalAudience+ImageObject+LearningResou,,331,6,21,0,2,
esercizi/crucipuzzle-l-aeroporto.html,it,Crucipuzzle: l'aeroporto | Esercizi Thuis Italiaans,51,135,1,Crucipuzzle: l'aeroporto,https://thuisitaliaans.com/esercizi/crucipuzzle-l-aeroporto,0,BreadcrumbList+EducationalAudience+ImageObject+LearningResou,,329,6,21,0,2,
esercizi/crucipuzzle-la-frutta.html,it,Crucipuzzle: la frutta | Esercizi Thuis Italiaans,49,126,1,Crucipuzzle: la frutta,https://thuisitaliaans.com/esercizi/crucipuzzle-la-frutta,0,BreadcrumbList+EducationalAudience+ImageObject+LearningResou,,352,6,21,0,2,
esercizi/crucipuzzle-la-montagna.html,it,Crucipuzzle: la montagna | Esercizi Thuis Italiaans,51,131,1,Crucipuzzle: la montagna,https://thuisitaliaans.com/esercizi/crucipuzzle-la-montagna,0,BreadcrumbList+EducationalAudience+ImageObject+LearningResou,,332,6,21,0,2,
esercizi/crucipuzzle-la-pasta.html,it,Crucipuzzle: la pasta | Esercizi Thuis Italiaans,48,125,1,Crucipuzzle: la pasta,https://thuisitaliaans.com/esercizi/crucipuzzle-la-pasta,0,BreadcrumbList+EducationalAudience+ImageObject+LearningResou,,332,6,21,0,2,
esercizi/crucipuzzle-la-scuola.html,it,Crucipuzzle: la scuola | Esercizi Thuis Italiaans,49,129,1,Crucipuzzle: la scuola,https://thuisitaliaans.com/esercizi/crucipuzzle-la-scuola,0,BreadcrumbList+EducationalAudience+ImageObject+LearningResou,,341,6,21,0,2,
esercizi/crucipuzzle-le-emozioni.html,it,Crucipuzzle: le emozioni | Esercizi Thuis Italiaans,51,118,1,Crucipuzzle: le emozioni,https://thuisitaliaans.com/esercizi/crucipuzzle-le-emozioni,0,BreadcrumbList+EducationalAudience+ImageObject+LearningResou,,324,6,21,0,2,
esercizi/crucipuzzle-le-parti-del-corpo.html,it,Crucipuzzle: le parti del corpo | Esercizi Thuis Italiaans,58,135,1,Crucipuzzle: le parti del corpo,https://thuisitaliaans.com/esercizi/crucipuzzle-le-parti-del-corpo,0,BreadcrumbList+EducationalAudience+ImageObject+LearningResou,,344,6,21,0,2,
esercizi/crucipuzzle-le-pulizie.html,it,Crucipuzzle: le pulizie | Esercizi Thuis Italiaans,50,138,1,Crucipuzzle: le pulizie,https://thuisitaliaans.com/esercizi/crucipuzzle-le-pulizie,0,BreadcrumbList+EducationalAudience+ImageObject+LearningResou,,335,6,21,0,2,
esercizi/cruciverba-al-ristorante.html,it,Cruciverba: al ristorante | Esercizi Thuis Italiaans,52,128,1,Cruciverba: al ristorante,https://thuisitaliaans.com/esercizi/cruciverba-al-ristorante,0,BreadcrumbList+EducationalAudience+ImageObject+LearningResou,,385,6,21,0,2,
esercizi/cruciverba-banca-parole.html,it,Cruciverba con banca di parole | Esercizi Thuis Italiaans,57,86,1,Cruciverba con banca di parole,https://thuisitaliaans.com/esercizi/cruciverba-banca-parole,0,BreadcrumbList+EducationalAudience+ImageObject+LearningResou,,402,6,21,0,2,
esercizi/cruciverba-base.html,it,Cruciverba: parole semplici | Esercizi Thuis Italiaans,54,89,1,Cruciverba: parole semplici,https://thuisitaliaans.com/esercizi/cruciverba-base,0,BreadcrumbList+EducationalAudience+ImageObject+LearningResou,,389,6,21,0,2,
esercizi/cruciverba-cloze-montagna.html,it,Cruciverba cloze | Esercizi Thuis Italiaans,43,84,1,Cruciverba cloze: una gita in montagna,https://thuisitaliaans.com/esercizi/cruciverba-cloze-montagna,0,BreadcrumbList+EducationalAudience+ImageObject+LearningResou,,471,6,21,0,2,
esercizi/cruciverba-colori.html,it,Cruciverba a tema: i colori | Esercizi Thuis Italiaans,54,79,1,Cruciverba a tema: i colori,https://thuisitaliaans.com/esercizi/cruciverba-colori,0,BreadcrumbList+EducationalAudience+ImageObject+LearningResou,,393,6,21,0,2,
esercizi/cruciverba-fare-le-pulizie.html,it,Cruciverba: fare le pulizie | Esercizi Thuis Italiaans,54,130,1,Cruciverba: fare le pulizie,https://thuisitaliaans.com/esercizi/cruciverba-fare-le-pulizie,0,BreadcrumbList+EducationalAudience+ImageObject+LearningResou,,375,6,21,0,2,
esercizi/cruciverba-gli-aggettivi.html,it,Cruciverba: gli aggettivi | Esercizi Thuis Italiaans,52,119,1,Cruciverba: gli aggettivi,https://thuisitaliaans.com/esercizi/cruciverba-gli-aggettivi,0,BreadcrumbList+EducationalAudience+ImageObject+LearningResou,,373,6,21,0,2,
esercizi/cruciverba-gli-animali-domestici.html,it,Cruciverba: gli animali domestici | Esercizi Thuis Italiaans,60,119,1,Cruciverba: gli animali domestici,https://thuisitaliaans.com/esercizi/cruciverba-gli-animali-domestici,0,BreadcrumbList+EducationalAudience+ImageObject+LearningResou,,380,6,21,0,2,
esercizi/cruciverba-gli-avverbi.html,it,Cruciverba: gli avverbi | Esercizi Thuis Italiaans,50,116,1,Cruciverba: gli avverbi,https://thuisitaliaans.com/esercizi/cruciverba-gli-avverbi,0,BreadcrumbList+EducationalAudience+ImageObject+LearningResou,,354,6,21,0,2,
esercizi/cruciverba-gli-elettrodomestici.html,it,Cruciverba: gli elettrodomestici | Esercizi Thuis Italiaans,59,125,1,Cruciverba: gli elettrodomestici,https://thuisitaliaans.com/esercizi/cruciverba-gli-elettrodomestici,0,BreadcrumbList+EducationalAudience+ImageObject+LearningResou,,359,6,21,0,2,
esercizi/cruciverba-gli-strumenti-musicali.html,it,Cruciverba: gli strumenti musicali | Esercizi Thuis Italiaans,61,120,1,Cruciverba: gli strumenti musicali,https://thuisitaliaans.com/esercizi/cruciverba-gli-strumenti-musicali,0,BreadcrumbList+EducationalAudience+ImageObject+LearningResou,,372,6,21,0,2,
esercizi/cruciverba-i-colori-e-le-forme.html,it,Cruciverba: i colori e le forme | Esercizi Thuis Italiaans,58,139,1,Cruciverba: i colori e le forme,https://thuisitaliaans.com/esercizi/cruciverba-i-colori-e-le-forme,0,BreadcrumbList+EducationalAudience+ImageObject+LearningResou,,385,6,21,0,2,
esercizi/cruciverba-i-connettivi-testuali.html,it,Cruciverba: i connettivi testuali | Esercizi Thuis Italiaans,60,128,1,Cruciverba: i connettivi testuali,https://thuisitaliaans.com/esercizi/cruciverba-i-connettivi-testuali,0,BreadcrumbList+EducationalAudience+ImageObject+LearningResou,,361,6,21,0,2,
esercizi/cruciverba-i-dolci-italiani.html,it,Cruciverba: i dolci italiani | Esercizi Thuis Italiaans,55,123,1,Cruciverba: i dolci italiani,https://thuisitaliaans.com/esercizi/cruciverba-i-dolci-italiani,0,BreadcrumbList+EducationalAudience+ImageObject+LearningResou,,372,6,21,0,2,
esercizi/cruciverba-i-giorni-e-i-mesi.html,it,Cruciverba: i giorni e i mesi | Esercizi Thuis Italiaans,56,135,1,Cruciverba: i giorni e i mesi,https://thuisitaliaans.com/esercizi/cruciverba-i-giorni-e-i-mesi,0,BreadcrumbList+EducationalAudience+ImageObject+LearningResou,,375,6,21,0,2,
esercizi/cruciverba-i-media.html,it,Cruciverba: i media | Esercizi Thuis Italiaans,46,71,1,Cruciverba: i media,https://thuisitaliaans.com/esercizi/cruciverba-i-media,0,BreadcrumbList+EducationalAudience+ImageObject+LearningResou,,372,6,21,0,2,
esercizi/cruciverba-i-mestieri.html,it,Cruciverba: i mestieri | Esercizi Thuis Italiaans,49,132,1,Cruciverba: i mestieri,https://thuisitaliaans.com/esercizi/cruciverba-i-mestieri,0,BreadcrumbList+EducationalAudience+ImageObject+LearningResou,,384,6,21,0,2,
esercizi/cruciverba-i-mezzi-di-trasporto.html,it,Cruciverba: i mezzi di trasporto | Esercizi Thuis Italiaans,59,120,1,Cruciverba: i mezzi di trasporto,https://thuisitaliaans.com/esercizi/cruciverba-i-mezzi-di-trasporto,0,BreadcrumbList+EducationalAudience+ImageObject+LearningResou,,379,6,21,0,2,
esercizi/cruciverba-i-mobili.html,it,Cruciverba: i mobili | Esercizi Thuis Italiaans,47,116,1,Cruciverba: i mobili,https://thuisitaliaans.com/esercizi/cruciverba-i-mobili,0,BreadcrumbList+EducationalAudience+ImageObject+LearningResou,,379,6,21,0,2,
esercizi/cruciverba-i-monumenti-di-roma.html,it,Cruciverba: i monumenti di Roma | Esercizi Thuis Italiaans,58,118,1,Cruciverba: i monumenti di Roma,https://thuisitaliaans.com/esercizi/cruciverba-i-monumenti-di-roma,0,BreadcrumbList+EducationalAudience+ImageObject+LearningResou,,379,6,21,0,2,
esercizi/cruciverba-i-numeri.html,it,Cruciverba: i numeri | Esercizi Thuis Italiaans,47,128,1,Cruciverba: i numeri,https://thuisitaliaans.com/esercizi/cruciverba-i-numeri,0,BreadcrumbList+EducationalAudience+ImageObject+LearningResou,,365,6,21,0,2,
esercizi/cruciverba-i-pronomi-personali.html,it,Cruciverba: i pronomi personali | Esercizi Thuis Italiaans,58,143,1,Cruciverba: i pronomi personali,https://thuisitaliaans.com/esercizi/cruciverba-i-pronomi-personali,0,BreadcrumbList+EducationalAudience+ImageObject+LearningResou,,374,6,21,0,2,
esercizi/cruciverba-i-proverbi.html,it,Cruciverba: i proverbi | Esercizi Thuis Italiaans,49,143,1,Cruciverba: i proverbi,https://thuisitaliaans.com/esercizi/cruciverba-i-proverbi,0,BreadcrumbList+EducationalAudience+ImageObject+LearningResou,,429,6,21,0,2,
esercizi/cruciverba-i-punti-cardinali.html,it,Cruciverba: i punti cardinali | Esercizi Thuis Italiaans,56,145,1,Cruciverba: i punti cardinali,https://thuisitaliaans.com/esercizi/cruciverba-i-punti-cardinali,0,BreadcrumbList+EducationalAudience+ImageObject+LearningResou,,379,6,21,0,2,
esercizi/cruciverba-i-registri-linguistici.html,it,Cruciverba: i registri linguistici | Esercizi Thuis Italiaans,61,143,1,Cruciverba: i registri linguistici,https://thuisitaliaans.com/esercizi/cruciverba-i-registri-linguistici,0,BreadcrumbList+EducationalAudience+ImageObject+LearningResou,,376,6,21,0,2,
esercizi/cruciverba-i-social-network.html,it,Cruciverba: i social network | Esercizi Thuis Italiaans,55,127,1,Cruciverba: i social network,https://thuisitaliaans.com/esercizi/cruciverba-i-social-network,0,BreadcrumbList+EducationalAudience+ImageObject+LearningResou,,377,6,21,0,2,
esercizi/cruciverba-i-tempi-verbali.html,it,Cruciverba: i tempi verbali | Esercizi Thuis Italiaans,54,132,1,Cruciverba: i tempi verbali,https://thuisitaliaans.com/esercizi/cruciverba-i-tempi-verbali,0,BreadcrumbList+EducationalAudience+ImageObject+LearningResou,,379,6,21,0,2,
esercizi/cruciverba-i-verbi-al-gerundio.html,it,Cruciverba: i verbi al gerundio | Esercizi Thuis Italiaans,58,136,1,Cruciverba: i verbi al gerundio,https://thuisitaliaans.com/esercizi/cruciverba-i-verbi-al-gerundio,0,BreadcrumbList+EducationalAudience+ImageObject+LearningResou,,360,6,21,0,2,
esercizi/cruciverba-i-verbi-irregolari.html,it,Cruciverba: i verbi irregolari | Esercizi Thuis Italiaans,57,139,1,Cruciverba: i verbi irregolari,https://thuisitaliaans.com/esercizi/cruciverba-i-verbi-irregolari,0,BreadcrumbList+EducationalAudience+ImageObject+LearningResou,,359,6,21,0,2,
esercizi/cruciverba-il-caffe-italiano.html,it,Cruciverba: il caffè italiano | Esercizi Thuis Italiaans,56,128,1,Cruciverba: il caffè italiano,https://thuisitaliaans.com/esercizi/cruciverba-il-caffe-italiano,0,BreadcrumbList+EducationalAudience+ImageObject+LearningResou,,374,6,21,0,2,
esercizi/cruciverba-il-campeggio.html,it,Cruciverba: il campeggio | Esercizi Thuis Italiaans,51,122,1,Cruciverba: il campeggio,https://thuisitaliaans.com/esercizi/cruciverba-il-campeggio,0,BreadcrumbList+EducationalAudience+ImageObject+LearningResou,,373,6,21,0,2,
esercizi/cruciverba-il-carattere.html,it,Cruciverba: il carattere | Esercizi Thuis Italiaans,51,125,1,Cruciverba: il carattere,https://thuisitaliaans.com/esercizi/cruciverba-il-carattere,0,BreadcrumbList+EducationalAudience+ImageObject+LearningResou,,366,6,21,0,2,
esercizi/cruciverba-il-cinema.html,it,Cruciverba: il cinema | Esercizi Thuis Italiaans,48,129,1,Cruciverba: il cinema,https://thuisitaliaans.com/esercizi/cruciverba-il-cinema,0,BreadcrumbList+EducationalAudience+ImageObject+LearningResou,,375,6,21,0,2,
esercizi/cruciverba-il-colloquio-di-lavoro.html,it,Cruciverba: il colloquio di lavoro | Esercizi Thuis Italiaans,61,132,1,Cruciverba: il colloquio di lavoro,https://thuisitaliaans.com/esercizi/cruciverba-il-colloquio-di-lavoro,0,BreadcrumbList+EducationalAudience+ImageObject+LearningResou,,382,6,21,0,2,
esercizi/cruciverba-il-condominio.html,it,Cruciverba: il condominio | Esercizi Thuis Italiaans,52,133,1,Cruciverba: il condominio,https://thuisitaliaans.com/esercizi/cruciverba-il-condominio,0,BreadcrumbList+EducationalAudience+ImageObject+LearningResou,,383,6,21,0,2,
esercizi/cruciverba-il-congiuntivo.html,it,Cruciverba: il congiuntivo | Esercizi Thuis Italiaans,53,139,1,Cruciverba: il congiuntivo,https://thuisitaliaans.com/esercizi/cruciverba-il-congiuntivo,0,BreadcrumbList+EducationalAudience+ImageObject+LearningResou,,373,6,21,0,2,
esercizi/cruciverba-il-corpo-umano.html,it,Cruciverba: il corpo umano | Esercizi Thuis Italiaans,53,123,1,Cruciverba: il corpo umano,https://thuisitaliaans.com/esercizi/cruciverba-il-corpo-umano,0,BreadcrumbList+EducationalAudience+ImageObject+LearningResou,,402,6,21,0,2,
esercizi/cruciverba-il-diritto.html,it,Cruciverba: il diritto | Esercizi Thuis Italiaans,49,128,1,Cruciverba: il diritto,https://thuisitaliaans.com/esercizi/cruciverba-il-diritto,0,BreadcrumbList+EducationalAudience+ImageObject+LearningResou,,377,6,21,0,2,
esercizi/cruciverba-il-gelato.html,it,Cruciverba: il gelato | Esercizi Thuis Italiaans,48,129,1,Cruciverba: il gelato,https://thuisitaliaans.com/esercizi/cruciverba-il-gelato,0,BreadcrumbList+EducationalAudience+ImageObject+LearningResou,,375,6,21,0,2,
esercizi/cruciverba-il-giornalismo-investigativo.html,it,Cruciverba: il giornalismo investigativo | Esercizi Thuis Italiaans,67,138,1,Cruciverba: il giornalismo investigativo,https://thuisitaliaans.com/esercizi/cruciverba-il-giornalismo-investigativo,0,BreadcrumbList+EducationalAudience+ImageObject+LearningResou,,373,6,21,0,2,title lungo
esercizi/cruciverba-il-linguaggio-del-corpo.html,it,Cruciverba: il linguaggio del corpo | Esercizi Thuis Italiaans,62,133,1,Cruciverba: il linguaggio del corpo,https://thuisitaliaans.com/esercizi/cruciverba-il-linguaggio-del-corpo,0,BreadcrumbList+EducationalAudience+ImageObject+LearningResou,,383,6,21,0,2,
esercizi/cruciverba-il-supermercato.html,it,Cruciverba: il supermercato | Esercizi Thuis Italiaans,54,125,1,Cruciverba: il supermercato,https://thuisitaliaans.com/esercizi/cruciverba-il-supermercato,0,BreadcrumbList+EducationalAudience+ImageObject+LearningResou,,368,6,21,0,2,
esercizi/cruciverba-il-vino-italiano.html,it,Cruciverba: il vino italiano | Esercizi Thuis Italiaans,55,127,1,Cruciverba: il vino italiano,https://thuisitaliaans.com/esercizi/cruciverba-il-vino-italiano,0,BreadcrumbList+EducationalAudience+ImageObject+LearningResou,,369,6,21,0,2,
esercizi/cruciverba-in-stazione.html,it,Cruciverba: in stazione | Esercizi Thuis Italiaans,50,126,1,Cruciverba: in stazione,https://thuisitaliaans.com/esercizi/cruciverba-in-stazione,0,BreadcrumbList+EducationalAudience+ImageObject+LearningResou,,379,6,21,0,2,
esercizi/cruciverba-internet-e-social.html,it,Cruciverba: internet e social | Esercizi Thuis Italiaans,56,72,1,Cruciverba: internet e social,https://thuisitaliaans.com/esercizi/cruciverba-internet-e-social,0,BreadcrumbList+EducationalAudience+ImageObject+LearningResou,,382,6,21,0,2,
esercizi/cruciverba-l-aeroporto.html,it,Cruciverba: l'aeroporto | Esercizi Thuis Italiaans,50,127,1,Cruciverba: l'aeroporto,https://thuisitaliaans.com/esercizi/cruciverba-l-aeroporto,0,BreadcrumbList+EducationalAudience+ImageObject+LearningResou,,369,6,21,0,2,
esercizi/cruciverba-l-ambiente.html,it,Cruciverba: l'ambiente | Esercizi Thuis Italiaans,49,128,1,Cruciverba: l'ambiente,https://thuisitaliaans.com/esercizi/cruciverba-l-ambiente,0,BreadcrumbList+EducationalAudience+ImageObject+LearningResou,,367,6,21,0,2,
esercizi/cruciverba-l-architettura-italiana.html,it,Cruciverba: l'architettura italiana | Esercizi Thuis Italiaans,62,135,1,Cruciverba: l'architettura italiana,https://thuisitaliaans.com/esercizi/cruciverba-l-architettura-italiana,0,BreadcrumbList+EducationalAudience+ImageObject+LearningResou,,365,6,21,0,2,
esercizi/cruciverba-l-aula-scolastica.html,it,Cruciverba: l'aula scolastica | Esercizi Thuis Italiaans,56,130,1,Cruciverba: l'aula scolastica,https://thuisitaliaans.com/esercizi/cruciverba-l-aula-scolastica,0,BreadcrumbList+EducationalAudience+ImageObject+LearningResou,,388,6,21,0,2,
esercizi/cruciverba-l-economia.html,it,Cruciverba: l'economia | Esercizi Thuis Italiaans,49,128,1,Cruciverba: l'economia,https://thuisitaliaans.com/esercizi/cruciverba-l-economia,0,BreadcrumbList+EducationalAudience+ImageObject+LearningResou,,374,6,21,0,2,
esercizi/cruciverba-l-italia-geografica.html,it,Cruciverba: l'Italia geografica | Esercizi Thuis Italiaans,58,118,1,Cruciverba: l'Italia geografica,https://thuisitaliaans.com/esercizi/cruciverba-l-italia-geografica,0,BreadcrumbList+EducationalAudience+ImageObject+LearningResou,,378,6,21,0,2,
esercizi/cruciverba-la-camera-da-letto.html,it,Cruciverba: la camera da letto | Esercizi Thuis Italiaans,57,131,1,Cruciverba: la camera da letto,https://thuisitaliaans.com/esercizi/cruciverba-la-camera-da-letto,0,BreadcrumbList+EducationalAudience+ImageObject+LearningResou,,383,6,21,0,2,
esercizi/cruciverba-la-citta.html,it,Cruciverba: la città | Esercizi Thuis Italiaans,47,137,1,Cruciverba: la città,https://thuisitaliaans.com/esercizi/cruciverba-la-citta,0,BreadcrumbList+EducationalAudience+ImageObject+LearningResou,,379,6,21,0,2,
esercizi/cruciverba-la-colazione.html,it,Cruciverba: la colazione | Esercizi Thuis Italiaans,51,133,1,Cruciverba: la colazione,https://thuisitaliaans.com/esercizi/cruciverba-la-colazione,0,BreadcrumbList+EducationalAudience+ImageObject+LearningResou,,363,6,21,0,2,
esercizi/cruciverba-la-cucina-italiana.html,it,Cruciverba: la cucina italiana | Esercizi Thuis Italiaans,57,144,1,Cruciverba: la cucina italiana,https://thuisitaliaans.com/esercizi/cruciverba-la-cucina-italiana,0,BreadcrumbList+EducationalAudience+ImageObject+LearningResou,,370,6,21,0,2,
esercizi/cruciverba-la-famiglia-allargata.html,it,Cruciverba: la famiglia allargata | Esercizi Thuis Italiaans,60,133,1,Cruciverba: la famiglia allargata,https://thuisitaliaans.com/esercizi/cruciverba-la-famiglia-allargata,0,BreadcrumbList+EducationalAudience+ImageObject+LearningResou,,388,6,21,0,2,
esercizi/cruciverba-la-famiglia.html,it,Cruciverba: la famiglia | Esercizi Thuis Italiaans,50,123,1,Cruciverba: la famiglia,https://thuisitaliaans.com/esercizi/cruciverba-la-famiglia,0,BreadcrumbList+EducationalAudience+ImageObject+LearningResou,,410,6,21,0,2,
esercizi/cruciverba-la-moda-italiana.html,it,Cruciverba: la moda italiana | Esercizi Thuis Italiaans,55,129,1,Cruciverba: la moda italiana,https://thuisitaliaans.com/esercizi/cruciverba-la-moda-italiana,0,BreadcrumbList+EducationalAudience+ImageObject+LearningResou,,388,6,21,0,2,
esercizi/cruciverba-la-montagna.html,it,Cruciverba: la montagna | Esercizi Thuis Italiaans,50,123,1,Cruciverba: la montagna,https://thuisitaliaans.com/esercizi/cruciverba-la-montagna,0,BreadcrumbList+EducationalAudience+ImageObject+LearningResou,,373,6,21,0,2,
esercizi/cruciverba-la-pasta-italiana.html,it,Cruciverba: la pasta italiana | Esercizi Thuis Italiaans,56,127,1,Cruciverba: la pasta italiana,https://thuisitaliaans.com/esercizi/cruciverba-la-pasta-italiana,0,BreadcrumbList+EducationalAudience+ImageObject+LearningResou,,377,6,21,0,2,
esercizi/cruciverba-la-pizza-e-le-sue-varianti.html,it,Cruciverba: la pizza e le sue varianti | Esercizi Thuis Italiaans,65,130,1,Cruciverba: la pizza e le sue varianti,https://thuisitaliaans.com/esercizi/cruciverba-la-pizza-e-le-sue-varianti,0,BreadcrumbList+EducationalAudience+ImageObject+LearningResou,,401,6,21,0,2,
esercizi/cruciverba-la-psicologia-base.html,it,Cruciverba: la psicologia base | Esercizi Thuis Italiaans,57,130,1,Cruciverba: la psicologia base,https://thuisitaliaans.com/esercizi/cruciverba-la-psicologia-base,0,BreadcrumbList+EducationalAudience+ImageObject+LearningResou,,374,6,21,0,2,
esercizi/cruciverba-la-pubblicita.html,it,Cruciverba: la pubblicità | Esercizi Thuis Italiaans,52,135,1,Cruciverba: la pubblicità,https://thuisitaliaans.com/esercizi/cruciverba-la-pubblicita,0,BreadcrumbList+EducationalAudience+ImageObject+LearningResou,,369,6,21,0,2,
esercizi/cruciverba-la-routine-quotidiana.html,it,Cruciverba: la routine quotidiana | Esercizi Thuis Italiaans,60,138,1,Cruciverba: la routine quotidiana,https://thuisitaliaans.com/esercizi/cruciverba-la-routine-quotidiana,0,BreadcrumbList+EducationalAudience+ImageObject+LearningResou,,372,6,21,0,2,
esercizi/cruciverba-la-sicilia.html,it,Cruciverba: la Sicilia | Esercizi Thuis Italiaans,49,122,1,Cruciverba: la Sicilia,https://thuisitaliaans.com/esercizi/cruciverba-la-sicilia,0,BreadcrumbList+EducationalAudience+ImageObject+LearningResou,,376,6,21,0,2,
esercizi/cruciverba-la-tecnologia.html,it,Cruciverba: la tecnologia | Esercizi Thuis Italiaans,52,135,1,Cruciverba: la tecnologia,https://thuisitaliaans.com/esercizi/cruciverba-la-tecnologia,0,BreadcrumbList+EducationalAudience+ImageObject+LearningResou,,366,6,21,0,2,
esercizi/cruciverba-la-televisione.html,it,Cruciverba: la televisione | Esercizi Thuis Italiaans,53,136,1,Cruciverba: la televisione,https://thuisitaliaans.com/esercizi/cruciverba-la-televisione,0,BreadcrumbList+EducationalAudience+ImageObject+LearningResou,,372,6,21,0,2,
esercizi/cruciverba-la-vacanza-al-mare.html,it,Cruciverba: la vacanza al mare | Esercizi Thuis Italiaans,57,130,1,Cruciverba: la vacanza al mare,https://thuisitaliaans.com/esercizi/cruciverba-la-vacanza-al-mare,0,BreadcrumbList+EducationalAudience+ImageObject+LearningResou,,379,6,21,0,2,
esercizi/cruciverba-le-arti-marziali-e-lo-sport.html,it,Cruciverba: le arti marziali e lo sport | Esercizi Thuis Italiaans,66,122,1,Cruciverba: le arti marziali e lo sport,https://thuisitaliaans.com/esercizi/cruciverba-le-arti-marziali-e-lo-sport,0,BreadcrumbList+EducationalAudience+ImageObject+LearningResou,,395,6,21,0,2,title lungo
esercizi/cruciverba-le-emozioni.html,it,Cruciverba: le emozioni | Esercizi Thuis Italiaans,50,129,1,Cruciverba: le emozioni,https://thuisitaliaans.com/esercizi/cruciverba-le-emozioni,0,BreadcrumbList+EducationalAudience+ImageObject+LearningResou,,382,6,21,0,2,
esercizi/cruciverba-le-espressioni-idiomatiche.html,it,Cruciverba: le espressioni idiomatiche | Esercizi Thuis Italiaans,65,71,1,Cruciverba: le espressioni idiomatiche,https://thuisitaliaans.com/esercizi/cruciverba-le-espressioni-idiomatiche,0,BreadcrumbList+EducationalAudience+ImageObject+LearningResou,,435,6,21,0,2,
esercizi/cruciverba-le-lingue-straniere.html,it,Cruciverba: le lingue straniere | Esercizi Thuis Italiaans,58,118,1,Cruciverba: le lingue straniere,https://thuisitaliaans.com/esercizi/cruciverba-le-lingue-straniere,0,BreadcrumbList+EducationalAudience+ImageObject+LearningResou,,377,6,21,0,2,
esercizi/cruciverba-le-materie-scolastiche.html,it,Cruciverba: le materie scolastiche | Esercizi Thuis Italiaans,61,121,1,Cruciverba: le materie scolastiche,https://thuisitaliaans.com/esercizi/cruciverba-le-materie-scolastiche,0,BreadcrumbList+EducationalAudience+ImageObject+LearningResou,,373,6,21,0,2,
esercizi/cruciverba-le-nazionalita.html,it,Cruciverba: le nazionalità | Esercizi Thuis Italiaans,53,113,1,Cruciverba: le nazionalità,https://thuisitaliaans.com/esercizi/cruciverba-le-nazionalita,0,BreadcrumbList+EducationalAudience+ImageObject+LearningResou,,358,6,21,0,2,
esercizi/cruciverba-le-parti-del-viso.html,it,Cruciverba: le parti del viso | Esercizi Thuis Italiaans,56,116,1,Cruciverba: le parti del viso,https://thuisitaliaans.com/esercizi/cruciverba-le-parti-del-viso,0,BreadcrumbList+EducationalAudience+ImageObject+LearningResou,,371,6,21,0,2,
esercizi/cruciverba-le-preposizioni.html,it,Cruciverba: le preposizioni | Esercizi Thuis Italiaans,54,123,1,Cruciverba: le preposizioni,https://thuisitaliaans.com/esercizi/cruciverba-le-preposizioni,0,BreadcrumbList+EducationalAudience+ImageObject+LearningResou,,352,6,21,0,2,
esercizi/cruciverba-le-relazioni.html,it,Cruciverba: le relazioni | Esercizi Thuis Italiaans,51,139,1,Cruciverba: le relazioni,https://thuisitaliaans.com/esercizi/cruciverba-le-relazioni,0,BreadcrumbList+EducationalAudience+ImageObject+LearningResou,,367,6,21,0,2,
esercizi/cruciverba-le-stagioni-e-il-tempo.html,it,Cruciverba: le stagioni e il tempo | Esercizi Thuis Italiaans,61,143,1,Cruciverba: le stagioni e il tempo,https://thuisitaliaans.com/esercizi/cruciverba-le-stagioni-e-il-tempo,0,BreadcrumbList+EducationalAudience+ImageObject+LearningResou,,386,6,21,0,2,
esercizi/cruciverba-le-verdure.html,it,Cruciverba: le verdure | Esercizi Thuis Italiaans,49,116,1,Cruciverba: le verdure,https://thuisitaliaans.com/esercizi/cruciverba-le-verdure,0,BreadcrumbList+EducationalAudience+ImageObject+LearningResou,,382,6,21,0,2,
esercizi/cruciverba-progressivo.html,it,Cruciverba progressivo | Esercizi Thuis Italiaans,49,95,1,Cruciverba progressivo,https://thuisitaliaans.com/esercizi/cruciverba-progressivo,0,BreadcrumbList+EducationalAudience+ImageObject+LearningResou,,371,6,21,0,2,
esercizi/da-quanto-tempo-da-quando.html,it,Da quanto tempo / da quando | Esercizi Thuis Italiaans,54,143,1,Da quanto tempo / da quando,https://thuisitaliaans.com/esercizi/da-quanto-tempo-da-quando,0,BreadcrumbList+EducationalAudience+ImageObject+LearningResou,,369,6,21,0,1,
esercizi/dare-indicazioni-a-un-amico-per-casa-tua.html,it,Dare indicazioni a un amico per casa tua | Esercizi Thuis Italiaans,67,143,1,Dare indicazioni a un amico per casa tua,https://thuisitaliaans.com/esercizi/dare-indicazioni-a-un-amico-per-casa-tua,0,BreadcrumbList+EducationalAudience+ImageObject+LearningResou,,323,6,21,0,1,title lungo
esercizi/dare-un-consiglio-delicato-a-un-amico.html,it,Dare un consiglio delicato a un amico | Esercizi Thuis Italiaans,64,77,1,Dare un consiglio delicato a un amico,https://thuisitaliaans.com/esercizi/dare-un-consiglio-delicato-a-un-amico,0,BreadcrumbList+EducationalAudience+ImageObject+LearningResou,,326,6,21,0,1,
esercizi/descrivere-una-ricetta-di-famiglia.html,it,Descrivere una ricetta di famiglia | Esercizi Thuis Italiaans,61,84,1,Descrivere una ricetta di famiglia,https://thuisitaliaans.com/esercizi/descrivere-una-ricetta-di-famiglia,0,BreadcrumbList+EducationalAudience+ImageObject+LearningResou,,341,6,21,0,1,
esercizi/dettato-ascolta-scrivi.html,it,Dettato: ascolta e scrivi | Esercizi Thuis Italiaans,52,109,1,Dettato: ascolta e scrivi,https://thuisitaliaans.com/esercizi/dettato-ascolta-scrivi,0,BreadcrumbList+EducationalAudience+ImageObject+LearningResou,,349,6,21,0,1,
esercizi/dettato-chiedere-indicazioni.html,it,Dettato: chiedere indicazioni | Esercizi Thuis Italiaans,56,146,1,Dettato: chiedere indicazioni,https://thuisitaliaans.com/esercizi/dettato-chiedere-indicazioni,0,BreadcrumbList+EducationalAudience+ImageObject+LearningResou,,325,6,21,0,1,
esercizi/dettato-descrivere-la-propria-casa.html,it,Dettato: descrivere la propria casa | Esercizi Thuis Italiaans,62,137,1,Dettato: descrivere la propria casa,https://thuisitaliaans.com/esercizi/dettato-descrivere-la-propria-casa,0,BreadcrumbList+EducationalAudience+ImageObject+LearningResou,,311,6,21,0,1,
esercizi/dettato-descrivere-una-persona.html,it,Dettato: descrivere una persona | Esercizi Thuis Italiaans,58,140,1,Dettato: descrivere una persona,https://thuisitaliaans.com/esercizi/dettato-descrivere-una-persona,0,BreadcrumbList+EducationalAudience+ImageObject+LearningResou,,308,6,21,0,1,
esercizi/dettato-frasi-con-il-congiuntivo.html,it,Dettato: frasi con il congiuntivo | Esercizi Thuis Italiaans,60,138,1,Dettato: frasi con il congiuntivo,https://thuisitaliaans.com/esercizi/dettato-frasi-con-il-congiuntivo,0,BreadcrumbList+EducationalAudience+ImageObject+LearningResou,,342,6,21,0,1,
esercizi/dettato-i-giorni-della-settimana.html,it,Dettato: i giorni della settimana | Esercizi Thuis Italiaans,60,71,1,Dettato: i giorni della settimana,https://thuisitaliaans.com/esercizi/dettato-i-giorni-della-settimana,0,BreadcrumbList+EducationalAudience+ImageObject+LearningResou,,317,6,21,0,1,
esercizi/dettato-i-numeri-di-telefono.html,it,Dettato: i numeri di telefono | Esercizi Thuis Italiaans,56,131,1,Dettato: i numeri di telefono,https://thuisitaliaans.com/esercizi/dettato-i-numeri-di-telefono,0,BreadcrumbList+EducationalAudience+ImageObject+LearningResou,,324,6,21,0,1,
esercizi/dettato-i-numeri-e-le-date.html,it,Dettato: i numeri e le date | Esercizi Thuis Italiaans,54,137,1,Dettato: i numeri e le date,https://thuisitaliaans.com/esercizi/dettato-i-numeri-e-le-date,0,BreadcrumbList+EducationalAudience+ImageObject+LearningResou,,327,6,21,0,1,
esercizi/dettato-il-lessico-del-telegiornale.html,it,Dettato: il lessico del telegiornale | Esercizi Thuis Italiaans,63,141,1,Dettato: il lessico del telegiornale,https://thuisitaliaans.com/esercizi/dettato-il-lessico-del-telegiornale,0,BreadcrumbList+EducationalAudience+ImageObject+LearningResou,,324,6,21,0,1,
esercizi/dettato-indicazioni-stradali.html,it,Dettato: indicazioni stradali | Esercizi Thuis Italiaans,56,134,1,Dettato: indicazioni stradali,https://thuisitaliaans.com/esercizi/dettato-indicazioni-stradali,0,BreadcrumbList+EducationalAudience+ImageObject+LearningResou,,329,6,21,0,1,
esercizi/dettato-l-ora-e-gli-appuntamenti.html,it,Dettato: l'ora e gli appuntamenti | Esercizi Thuis Italiaans,60,70,1,Dettato: l'ora e gli appuntamenti,https://thuisitaliaans.com/esercizi/dettato-l-ora-e-gli-appuntamenti,0,BreadcrumbList+EducationalAudience+ImageObject+LearningResou,,339,6,21,0,1,
esercizi/dettato-la-doppia-consonante.html,it,Dettato: la doppia consonante | Esercizi Thuis Italiaans,56,71,1,Dettato: la doppia consonante,https://thuisitaliaans.com/esercizi/dettato-la-doppia-consonante,0,BreadcrumbList+EducationalAudience+ImageObject+LearningResou,,343,6,21,0,1,
esercizi/dettato-la-lista-della-spesa.html,it,Dettato: la lista della spesa | Esercizi Thuis Italiaans,56,131,1,Dettato: la lista della spesa,https://thuisitaliaans.com/esercizi/dettato-la-lista-della-spesa,0,BreadcrumbList+EducationalAudience+ImageObject+LearningResou,,316,6,21,0,1,
esercizi/dettato-le-vocali-aperte-e-chiuse.html,it,Dettato: le vocali aperte e chiuse | Esercizi Thuis Italiaans,61,78,1,Dettato: le vocali aperte e chiuse,https://thuisitaliaans.com/esercizi/dettato-le-vocali-aperte-e-chiuse,0,BreadcrumbList+EducationalAudience+ImageObject+LearningResou,,344,6,21,0,1,
esercizi/dettato-ordinare-al-ristorante.html,it,Dettato: ordinare al ristorante | Esercizi Thuis Italiaans,58,146,1,Dettato: ordinare al ristorante,https://thuisitaliaans.com/esercizi/dettato-ordinare-al-ristorante,0,BreadcrumbList+EducationalAudience+ImageObject+LearningResou,,335,6,21,0,1,
esercizi/dettato-presentarsi.html,it,Dettato: presentarsi | Esercizi Thuis Italiaans,47,136,1,Dettato: presentarsi,https://thuisitaliaans.com/esercizi/dettato-presentarsi,0,BreadcrumbList+EducationalAudience+ImageObject+LearningResou,,329,6,21,0,1,
esercizi/dettato-un-espressione-di-opinione.html,it,Dettato: un'espressione di opinione | Esercizi Thuis Italiaans,62,139,1,Dettato: un'espressione di opinione,https://thuisitaliaans.com/esercizi/dettato-un-espressione-di-opinione,0,BreadcrumbList+EducationalAudience+ImageObject+LearningResou,,309,6,21,0,1,
esercizi/dettato-un-periodo-ipotetico.html,it,Dettato: un periodo ipotetico | Esercizi Thuis Italiaans,56,144,1,Dettato: un periodo ipotetico,https://thuisitaliaans.com/esercizi/dettato-un-periodo-ipotetico,0,BreadcrumbList+EducationalAudience+ImageObject+LearningResou,,311,6,21,0,1,
esercizi/dettato-una-notizia-di-attualita.html,it,Dettato: una notizia di attualità | Esercizi Thuis Italiaans,60,73,1,Dettato: una notizia di attualità,https://thuisitaliaans.com/esercizi/dettato-una-notizia-di-attualita,0,BreadcrumbList+EducationalAudience+ImageObject+LearningResou,,320,6,21,0,1,
esercizi/dettato-una-ricetta-semplice.html,it,Dettato: una ricetta semplice | Esercizi Thuis Italiaans,56,128,1,Dettato: una ricetta semplice,https://thuisitaliaans.com/esercizi/dettato-una-ricetta-semplice,0,BreadcrumbList+EducationalAudience+ImageObject+LearningResou,,316,6,21,0,1,
esercizi/dimostrativi-questo-o-quello.html,it,Dimostrativi: questo o quello | Esercizi Thuis Italiaans,56,126,1,Dimostrativi: questo o quello,https://thuisitaliaans.com/esercizi/dimostrativi-questo-o-quello,0,BreadcrumbList+EducationalAudience+ImageObject+LearningResou,,386,6,21,0,1,
esercizi/dipendenze-digitali-cause-o-effetti.html,it,Dipendenze digitali: cause o effetti | Esercizi Thuis Italiaans,63,70,1,Dipendenze digitali: cause o effetti,https://thuisitaliaans.com/esercizi/dipendenze-digitali-cause-o-effetti,0,BreadcrumbList+EducationalAudience+ImageObject+LearningResou,,345,6,21,0,1,
esercizi/discuti-di-tecnologia-e-societa.html,it,Discuti di tecnologia e società | Esercizi Thuis Italiaans,58,75,1,Discuti di tecnologia e società,https://thuisitaliaans.com/esercizi/discuti-di-tecnologia-e-societa,0,BreadcrumbList+EducationalAudience+ImageObject+LearningResou,,342,6,21,0,1,
esercizi/disguidi-e-burocrazia.html,it,Disguidi e burocrazia | Esercizi Thuis Italiaans,48,145,1,Disguidi e burocrazia,https://thuisitaliaans.com/esercizi/disguidi-e-burocrazia,0,BreadcrumbList+EducationalAudience+ImageObject+LearningResou,,375,6,21,0,1,
esercizi/dolce-o-salato.html,it,Dolce o salato | Esercizi Thuis Italiaans,41,116,1,Dolce o salato,https://thuisitaliaans.com/esercizi/dolce-o-salato,0,BreadcrumbList+EducationalAudience+ImageObject+LearningResou,,327,6,21,0,1,
esercizi/ecologia-e-inquinamento.html,it,Ecologia e inquinamento | Esercizi Thuis Italiaans,50,138,1,Ecologia e inquinamento,https://thuisitaliaans.com/esercizi/ecologia-e-inquinamento,0,BreadcrumbList+EducationalAudience+ImageObject+LearningResou,,304,6,21,0,1,
esercizi/elettrodomestici-e-oggetti.html,it,Elettrodomestici e oggetti | Esercizi Thuis Italiaans,53,78,1,Elettrodomestici e oggetti,https://thuisitaliaans.com/esercizi/elettrodomestici-e-oggetti,0,BreadcrumbList+EducationalAudience+ImageObject+LearningResou,,322,6,21,0,1,
esercizi/emigrazione-italiana-storica.html,it,Emigrazione italiana storica | Esercizi Thuis Italiaans,55,76,1,Emigrazione italiana storica,https://thuisitaliaans.com/esercizi/emigrazione-italiana-storica,0,BreadcrumbList+EducationalAudience+ImageObject+LearningResou,,365,6,21,0,1,
esercizi/emozione-intensa-o-leggera.html,it,Emozione intensa o leggera | Esercizi Thuis Italiaans,53,71,1,Emozione intensa o leggera,https://thuisitaliaans.com/esercizi/emozione-intensa-o-leggera,0,BreadcrumbList+EducationalAudience+ImageObject+LearningResou,,325,6,21,0,1,
esercizi/emozioni-di-base.html,it,Emozioni di base | Esercizi Thuis Italiaans,43,137,1,Emozioni di base,https://thuisitaliaans.com/esercizi/emozioni-di-base,0,BreadcrumbList+EducationalAudience+ImageObject+LearningResou,,332,6,21,0,1,
esercizi/emozioni-positive-o-negative-2.html,it,Emozioni positive o negative (2) | Esercizi Thuis Italiaans,59,123,1,Emozioni positive o negative (2),https://thuisitaliaans.com/esercizi/emozioni-positive-o-negative-2,0,BreadcrumbList+EducationalAudience+ImageObject+LearningResou,,319,6,21,0,1,
esercizi/enogastronomia-e-slow-food.html,it,Enogastronomia e Slow Food | Esercizi Thuis Italiaans,53,143,1,Enogastronomia e Slow Food,https://thuisitaliaans.com/esercizi/enogastronomia-e-slow-food,0,BreadcrumbList+EducationalAudience+ImageObject+LearningResou,,375,6,21,0,1,
esercizi/espressioni-di-viaggio-avanzate.html,it,Espressioni di viaggio avanzate | Esercizi Thuis Italiaans,58,140,1,Espressioni di viaggio avanzate,https://thuisitaliaans.com/esercizi/espressioni-di-viaggio-avanzate,0,BreadcrumbList+EducationalAudience+ImageObject+LearningResou,,360,6,21,0,1,
esercizi/espressioni-idiomatiche-con-gli-animali.html,it,Espressioni idiomatiche con gli animali | Esercizi Thuis Italiaans,66,80,1,Espressioni idiomatiche con gli animali,https://thuisitaliaans.com/esercizi/espressioni-idiomatiche-con-gli-animali,0,BreadcrumbList+EducationalAudience+ImageObject+LearningResou,,372,6,21,0,1,title lungo
esercizi/espressioni-idiomatiche-con-le-parti-del-corpo.html,it,Espressioni idiomatiche con le parti del corpo | Esercizi Thuis Italiaans,73,74,1,Espressioni idiomatiche con le parti del corpo,https://thuisitaliaans.com/esercizi/espressioni-idiomatiche-con-le-parti-del-corpo,0,BreadcrumbList+EducationalAudience+ImageObject+LearningResou,,369,6,21,0,1,title lungo
esercizi/espressioni-idiomatiche-sul-lavoro.html,it,Espressioni idiomatiche sul lavoro | Esercizi Thuis Italiaans,61,142,1,Espressioni idiomatiche sul lavoro,https://thuisitaliaans.com/esercizi/espressioni-idiomatiche-sul-lavoro,0,BreadcrumbList+EducationalAudience+ImageObject+LearningResou,,385,6,21,0,1,
esercizi/espressioni-per-viaggiare.html,it,Espressioni per viaggiare | Esercizi Thuis Italiaans,52,141,1,Espressioni per viaggiare,https://thuisitaliaans.com/esercizi/espressioni-per-viaggiare,0,BreadcrumbList+EducationalAudience+ImageObject+LearningResou,,355,6,21,0,1,
esercizi/espressioni-scolastiche.html,it,Espressioni scolastiche | Esercizi Thuis Italiaans,50,76,1,Espressioni scolastiche,https://thuisitaliaans.com/esercizi/espressioni-scolastiche,0,BreadcrumbList+EducationalAudience+ImageObject+LearningResou,,348,6,21,0,1,
esercizi/espressioni-sui-social-2.html,it,Espressioni sui social (2) | Esercizi Thuis Italiaans,53,146,1,Espressioni sui social (2),https://thuisitaliaans.com/esercizi/espressioni-sui-social-2,0,BreadcrumbList+EducationalAudience+ImageObject+LearningResou,,358,6,21,0,1,
esercizi/espressioni-sul-carattere-avanzate.html,it,Espressioni sul carattere avanzate | Esercizi Thuis Italiaans,61,143,1,Espressioni sul carattere avanzate,https://thuisitaliaans.com/esercizi/espressioni-sul-carattere-avanzate,0,BreadcrumbList+EducationalAudience+ImageObject+LearningResou,,335,6,21,0,1,
esercizi/eventi-storici-italiani.html,it,Eventi storici italiani | Esercizi Thuis Italiaans,50,74,1,Eventi storici italiani,https://thuisitaliaans.com/esercizi/eventi-storici-italiani,0,BreadcrumbList+EducationalAudience+ImageObject+LearningResou,,331,6,21,0,1,
esercizi/falsi-amici-italiano-inglese.html,it,Falsi amici italiano-inglese | Esercizi Thuis Italiaans,55,141,1,Falsi amici italiano-inglese,https://thuisitaliaans.com/esercizi/falsi-amici-italiano-inglese,0,BreadcrumbList+EducationalAudience+ImageObject+LearningResou,,377,6,21,0,1,
esercizi/fare-gli-auguri-di-compleanno.html,it,Fare gli auguri di compleanno | Esercizi Thuis Italiaans,56,143,1,Fare gli auguri di compleanno,https://thuisitaliaans.com/esercizi/fare-gli-auguri-di-compleanno,0,BreadcrumbList+EducationalAudience+ImageObject+LearningResou,,331,6,21,0,1,
esercizi/fare-il-bucato.html,it,Fare il bucato | Esercizi Thuis Italiaans,41,135,1,Fare il bucato,https://thuisitaliaans.com/esercizi/fare-il-bucato,0,BreadcrumbList+EducationalAudience+ImageObject+LearningResou,,324,6,21,0,1,
esercizi/fare-il-check-in-in-aeroporto.html,it,Fare il check-in in aeroporto | Esercizi Thuis Italiaans,56,142,1,Fare il check-in in aeroporto,https://thuisitaliaans.com/esercizi/fare-il-check-in-in-aeroporto,0,BreadcrumbList+EducationalAudience+ImageObject+LearningResou,,322,6,21,0,1,
esercizi/fare-infinito-fare-causativo-semplice.html,it,Fare + infinito (fare causativo semplice) | Esercizi Thuis Italiaans,68,136,1,Fare + infinito (fare causativo semplice),https://thuisitaliaans.com/esercizi/fare-infinito-fare-causativo-semplice,0,BreadcrumbList+EducationalAudience+ImageObject+LearningResou,,355,6,21,0,1,title lungo
esercizi/fare-la-spesa-al-supermercato.html,it,Fare la spesa al supermercato | Esercizi Thuis Italiaans,56,145,1,Fare la spesa al supermercato,https://thuisitaliaans.com/esercizi/fare-la-spesa-al-supermercato,0,BreadcrumbList+EducationalAudience+ImageObject+LearningResou,,328,6,21,0,1,
esercizi/fare-pace-dopo-un-litigio.html,it,Fare pace dopo un litigio | Esercizi Thuis Italiaans,52,138,1,Fare pace dopo un litigio,https://thuisitaliaans.com/esercizi/fare-pace-dopo-un-litigio,0,BreadcrumbList+EducationalAudience+ImageObject+LearningResou,,314,6,21,0,1,
esercizi/fare-un-colloquio-di-lavoro-parte-2.html,it,Fare un colloquio di lavoro (parte 2) | Esercizi Thuis Italiaans,64,73,1,Fare un colloquio di lavoro (parte 2),https://thuisitaliaans.com/esercizi/fare-un-colloquio-di-lavoro-parte-2,0,BreadcrumbList+EducationalAudience+ImageObject+LearningResou,,331,6,21,0,1,
esercizi/fare-una-telefonata-formale.html,it,Fare una telefonata formale | Esercizi Thuis Italiaans,54,131,1,Fare una telefonata formale,https://thuisitaliaans.com/esercizi/fare-una-telefonata-formale,0,BreadcrumbList+EducationalAudience+ImageObject+LearningResou,,310,6,21,0,1,
esercizi/fare-una-videochiamata.html,it,Fare una videochiamata | Esercizi Thuis Italiaans,49,73,1,Fare una videochiamata,https://thuisitaliaans.com/esercizi/fare-una-videochiamata,0,BreadcrumbList+EducationalAudience+ImageObject+LearningResou,,345,6,21,0,1,
esercizi/fasi-della-vita.html,it,Fasi della vita | Esercizi Thuis Italiaans,42,126,1,Fasi della vita,https://thuisitaliaans.com/esercizi/fasi-della-vita,0,BreadcrumbList+EducationalAudience+ImageObject+LearningResou,,364,6,21,0,1,
esercizi/fatto-o-opinione-in-un-articolo.html,it,Fatto o opinione in un articolo | Esercizi Thuis Italiaans,58,139,1,Fatto o opinione in un articolo,https://thuisitaliaans.com/esercizi/fatto-o-opinione-in-un-articolo,0,BreadcrumbList+EducationalAudience+ImageObject+LearningResou,,358,6,21,0,1,
esercizi/flashcard-carattere.html,it,Flashcard: il carattere | Esercizi Thuis Italiaans,50,75,1,Flashcard: il carattere,https://thuisitaliaans.com/esercizi/flashcard-carattere,0,BreadcrumbList+EducationalAudience+ImageObject+LearningResou,,411,6,21,0,1,
esercizi/flashcard-elettrodomestici.html,it,Flashcard: elettrodomestici | Esercizi Thuis Italiaans,54,126,1,Flashcard: elettrodomestici,https://thuisitaliaans.com/esercizi/flashcard-elettrodomestici,0,BreadcrumbList+EducationalAudience+ImageObject+LearningResou,,319,6,21,0,1,
esercizi/flashcard-i-mezzi-di-trasporto.html,it,Flashcard: i mezzi di trasporto | Esercizi Thuis Italiaans,58,126,1,Flashcard: i mezzi di trasporto,https://thuisitaliaans.com/esercizi/flashcard-i-mezzi-di-trasporto,0,BreadcrumbList+EducationalAudience+ImageObject+LearningResou,,343,6,21,0,1,
esercizi/flashcard-i-pasti-della-giornata.html,it,Flashcard: i pasti della giornata | Esercizi Thuis Italiaans,60,128,1,Flashcard: i pasti della giornata,https://thuisitaliaans.com/esercizi/flashcard-i-pasti-della-giornata,0,BreadcrumbList+EducationalAudience+ImageObject+LearningResou,,346,6,21,0,1,
esercizi/flashcard-la-famiglia.html,it,Flashcard: la famiglia | Esercizi Thuis Italiaans,49,129,1,Flashcard: la famiglia,https://thuisitaliaans.com/esercizi/flashcard-la-famiglia,0,BreadcrumbList+EducationalAudience+ImageObject+LearningResou,,345,6,21,0,1,
esercizi/flashcard-le-emozioni-di-base.html,it,Flashcard: le emozioni di base | Esercizi Thuis Italiaans,57,125,1,Flashcard: le emozioni di base,https://thuisitaliaans.com/esercizi/flashcard-le-emozioni-di-base,0,BreadcrumbList+EducationalAudience+ImageObject+LearningResou,,349,6,21,0,1,
esercizi/flashcard-le-stanze-della-casa.html,it,Flashcard: le stanze della casa | Esercizi Thuis Italiaans,58,126,1,Flashcard: le stanze della casa,https://thuisitaliaans.com/esercizi/flashcard-le-stanze-della-casa,0,BreadcrumbList+EducationalAudience+ImageObject+LearningResou,,348,6,21,0,1,
esercizi/flashcard-materie-scolastiche.html,it,Flashcard: materie scolastiche | Esercizi Thuis Italiaans,57,128,1,Flashcard: materie scolastiche,https://thuisitaliaans.com/esercizi/flashcard-materie-scolastiche,0,BreadcrumbList+EducationalAudience+ImageObject+LearningResou,,338,6,21,0,1,
esercizi/flashcard-vero-falso-grammatica.html,it,Frase corretta o sbagliata? | Esercizi Thuis Italiaans,54,115,1,Frase corretta o sbagliata?,https://thuisitaliaans.com/esercizi/flashcard-vero-falso-grammatica,0,BreadcrumbList+EducationalAudience+ImageObject+LearningResou,,284,6,21,0,0,pagina sottile; niente tabelle/liste/FAQ da citare
esercizi/forma-passiva-con-essere-e-venire.html,it,Forma passiva con essere e venire | Esercizi Thuis Italiaans,60,125,1,Forma passiva con essere e venire,https://thuisitaliaans.com/esercizi/forma-passiva-con-essere-e-venire,0,BreadcrumbList+EducationalAudience+ImageObject+LearningResou,,375,6,21,0,1,
esercizi/formale-o-informale-2.html,it,Formale o informale (2) | Esercizi Thuis Italiaans,50,132,1,Formale o informale (2),https://thuisitaliaans.com/esercizi/formale-o-informale-2,0,BreadcrumbList+EducationalAudience+ImageObject+LearningResou,,354,6,21,0,1,
esercizi/frutta-e-verdura.html,it,Frutta e verdura | Esercizi Thuis Italiaans,43,119,1,Frutta e verdura,https://thuisitaliaans.com/esercizi/frutta-e-verdura,0,BreadcrumbList+EducationalAudience+ImageObject+LearningResou,,377,6,21,0,1,
esercizi/frutta-o-verdura.html,it,Frutta o verdura | Esercizi Thuis Italiaans,43,118,1,Frutta o verdura,https://thuisitaliaans.com/esercizi/frutta-o-verdura,0,BreadcrumbList+EducationalAudience+ImageObject+LearningResou,,325,6,21,0,1,
esercizi/frutta.html,it,Cruciverba: la frutta | Esercizi Thuis Italiaans,48,130,1,Cruciverba: la frutta,https://thuisitaliaans.com/esercizi/frutta,0,BreadcrumbList+EducationalAudience+ImageObject+LearningResou,,399,6,21,0,2,
esercizi/futuro-composto-anteriore.html,it,Futuro composto (anteriore) | Esercizi Thuis Italiaans,54,142,1,Futuro composto (anteriore),https://thuisitaliaans.com/esercizi/futuro-composto-anteriore,0,BreadcrumbList+EducationalAudience+ImageObject+LearningResou,,357,6,21,0,1,
esercizi/gara-tempo-verbi.html,it,Gara contro il tempo | Esercizi Thuis Italiaans,47,99,1,Gara contro il tempo: verbi regolari o irregolari?,https://thuisitaliaans.com/esercizi/gara-tempo-verbi,0,BreadcrumbList+EducationalAudience+ImageObject+LearningResou,,367,6,21,0,1,
esercizi/genere-dei-nomi-maschile-o-femminile.html,it,Genere dei nomi: maschile o femminile | Esercizi Thuis Italiaans,64,117,1,Genere dei nomi: maschile o femminile,https://thuisitaliaans.com/esercizi/genere-dei-nomi-maschile-o-femminile,0,BreadcrumbList+EducationalAudience+ImageObject+LearningResou,,390,6,21,0,1,
esercizi/generi-cinematografici.html,it,Generi cinematografici | Esercizi Thuis Italiaans,49,133,1,Generi cinematografici,https://thuisitaliaans.com/esercizi/generi-cinematografici,0,BreadcrumbList+EducationalAudience+ImageObject+LearningResou,,358,6,21,0,1,
esercizi/gerundio-con-stare.html,it,Gerundio con stare | Esercizi Thuis Italiaans,45,78,1,Gerundio con stare,https://thuisitaliaans.com/esercizi/gerundio-con-stare,0,BreadcrumbList+EducationalAudience+ImageObject+LearningResou,,358,6,21,0,1,
esercizi/gioco-dadi-articoli.html,it,Il gioco dei dadi | Esercizi Thuis Italiaans,44,83,1,Il gioco dei dadi: gli articoli,https://thuisitaliaans.com/esercizi/gioco-dadi-articoli,0,BreadcrumbList+EducationalAudience+ImageObject+LearningResou,,284,6,21,0,0,pagina sottile; niente tabelle/liste/FAQ da citare
esercizi/giornali-e-fake-news.html,it,Giornali e fake news | Esercizi Thuis Italiaans,47,141,1,Giornali e fake news,https://thuisitaliaans.com/esercizi/giornali-e-fake-news,0,BreadcrumbList+EducationalAudience+ImageObject+LearningResou,,333,6,21,0,1,
esercizi/gli-aggettivi-dimostrativi-al-plurale.html,it,Gli aggettivi dimostrativi al plurale | Esercizi Thuis Italiaans,64,144,1,Gli aggettivi dimostrativi al plurale,https://thuisitaliaans.com/esercizi/gli-aggettivi-dimostrativi-al-plurale,0,BreadcrumbList+EducationalAudience+ImageObject+LearningResou,,365,6,21,0,1,
esercizi/gli-aggettivi-in-oso-e-ale.html,it,Gli aggettivi in -oso e -ale | Esercizi Thuis Italiaans,55,142,1,Gli aggettivi in -oso e -ale,https://thuisitaliaans.com/esercizi/gli-aggettivi-in-oso-e-ale,0,BreadcrumbList+EducationalAudience+ImageObject+LearningResou,,336,6,21,0,1,
esercizi/gli-aggettivi-indefiniti-ogni-qualche-alcuni.html,it,"Gli aggettivi indefiniti (ogni, qualche, alcuni) | Esercizi Thuis Italiaans",75,131,1,"Gli aggettivi indefiniti (ogni, qualche, alcuni)",https://thuisitaliaans.com/esercizi/gli-aggettivi-indefiniti-ogni-qualche-alcuni,0,BreadcrumbList+EducationalAudience+ImageObject+LearningResou,,378,6,21,0,1,title lungo
esercizi/gli-aggettivi-numerali-ordinali.html,it,Gli aggettivi numerali ordinali | Esercizi Thuis Italiaans,58,138,1,Gli aggettivi numerali ordinali,https://thuisitaliaans.com/esercizi/gli-aggettivi-numerali-ordinali,0,BreadcrumbList+EducationalAudience+ImageObject+LearningResou,,347,6,21,0,1,
esercizi/gli-aggettivi-possessivi-con-gli-oggetti.html,it,Gli aggettivi possessivi con gli oggetti | Esercizi Thuis Italiaans,67,124,1,Gli aggettivi possessivi con gli oggetti,https://thuisitaliaans.com/esercizi/gli-aggettivi-possessivi-con-gli-oggetti,0,BreadcrumbList+EducationalAudience+ImageObject+LearningResou,,371,6,21,0,1,title lungo
esercizi/gli-aggettivi-possessivi-con-la-famiglia.html,it,Gli aggettivi possessivi con la famiglia | Esercizi Thuis Italiaans,67,74,1,Gli aggettivi possessivi con la famiglia,https://thuisitaliaans.com/esercizi/gli-aggettivi-possessivi-con-la-famiglia,0,BreadcrumbList+EducationalAudience+ImageObject+LearningResou,,387,6,21,0,1,title lungo
esercizi/gli-aggettivi-qualificativi-concordati.html,it,Gli aggettivi qualificativi concordati | Esercizi Thuis Italiaans,65,73,1,Gli aggettivi qualificativi concordati,https://thuisitaliaans.com/esercizi/gli-aggettivi-qualificativi-concordati,0,BreadcrumbList+EducationalAudience+ImageObject+LearningResou,,377,6,21,0,1,
esercizi/gli-agriturismi-italiani.html,it,Gli agriturismi italiani | Esercizi Thuis Italiaans,51,146,1,Gli agriturismi italiani,https://thuisitaliaans.com/esercizi/gli-agriturismi-italiani,0,BreadcrumbList+EducationalAudience+ImageObject+LearningResou,,376,6,21,0,1,
esercizi/gli-articoli-con-i-giorni-della-settimana.html,it,Gli articoli con i giorni della settimana | Esercizi Thuis Italiaans,68,81,1,Gli articoli con i giorni della settimana,https://thuisitaliaans.com/esercizi/gli-articoli-con-i-giorni-della-settimana,0,BreadcrumbList+EducationalAudience+ImageObject+LearningResou,,363,6,21,0,1,title lungo
esercizi/gli-articoli-con-i-nomi-propri.html,it,Gli articoli con i nomi propri | Esercizi Thuis Italiaans,57,71,1,Gli articoli con i nomi propri,https://thuisitaliaans.com/esercizi/gli-articoli-con-i-nomi-propri,0,BreadcrumbList+EducationalAudience+ImageObject+LearningResou,,402,6,21,0,1,
esercizi/gli-avverbi-comuni.html,it,Gli avverbi comuni | Esercizi Thuis Italiaans,45,135,1,Gli avverbi comuni,https://thuisitaliaans.com/esercizi/gli-avverbi-comuni,0,BreadcrumbList+EducationalAudience+ImageObject+LearningResou,,318,6,21,0,1,
esercizi/gli-avverbi-in-mente.html,it,Gli avverbi in -mente | Esercizi Thuis Italiaans,48,126,1,Gli avverbi in -mente,https://thuisitaliaans.com/esercizi/gli-avverbi-in-mente,0,BreadcrumbList+EducationalAudience+ImageObject+LearningResou,,337,6,21,0,1,
esercizi/gli-oggetti-del-bagno.html,it,Gli oggetti del bagno | Esercizi Thuis Italiaans,48,125,1,Gli oggetti del bagno,https://thuisitaliaans.com/esercizi/gli-oggetti-del-bagno,0,BreadcrumbList+EducationalAudience+ImageObject+LearningResou,,375,6,21,0,1,
esercizi/gli-oggetti-in-cucina.html,it,Gli oggetti in cucina | Esercizi Thuis Italiaans,48,145,1,Gli oggetti in cucina,https://thuisitaliaans.com/esercizi/gli-oggetti-in-cucina,0,BreadcrumbList+EducationalAudience+ImageObject+LearningResou,,349,6,21,0,1,
esercizi/gli-oggetti-scolastici.html,it,Gli oggetti scolastici | Esercizi Thuis Italiaans,49,124,1,Gli oggetti scolastici,https://thuisitaliaans.com/esercizi/gli-oggetti-scolastici,0,BreadcrumbList+EducationalAudience+ImageObject+LearningResou,,388,6,21,0,1,
esercizi/gli-opposti-tra-aggettivi.html,it,Gli opposti tra aggettivi | Esercizi Thuis Italiaans,52,116,1,Gli opposti tra aggettivi,https://thuisitaliaans.com/esercizi/gli-opposti-tra-aggettivi,0,BreadcrumbList+EducationalAudience+ImageObject+LearningResou,,334,6,21,0,1,
esercizi/gli-strumenti-di-scrittura.html,it,Gli strumenti di scrittura | Esercizi Thuis Italiaans,53,128,1,Gli strumenti di scrittura,https://thuisitaliaans.com/esercizi/gli-strumenti-di-scrittura,0,BreadcrumbList+EducationalAudience+ImageObject+LearningResou,,368,6,21,0,1,
esercizi/gli-utensili-da-tavola.html,it,Gli utensili da tavola | Esercizi Thuis Italiaans,49,124,1,Gli utensili da tavola,https://thuisitaliaans.com/esercizi/gli-utensili-da-tavola,0,BreadcrumbList+EducationalAudience+ImageObject+LearningResou,,377,6,21,0,1,
esercizi/i-connettivi-consecutivi-cosi-che-tanto-che.html,it,"I connettivi consecutivi (così... che, tanto... che) | Esercizi Thuis Italiaans",79,134,1,"I connettivi consecutivi (così... che, tanto... che)",https://thuisitaliaans.com/esercizi/i-connettivi-consecutivi-cosi-che-tanto-che,0,BreadcrumbList+EducationalAudience+ImageObject+LearningResou,,349,6,21,0,1,title lungo
esercizi/i-generi-musicali.html,it,I generi musicali | Esercizi Thuis Italiaans,44,126,1,I generi musicali,https://thuisitaliaans.com/esercizi/i-generi-musicali,0,BreadcrumbList+EducationalAudience+ImageObject+LearningResou,,371,6,21,0,1,
esercizi/i-giorni-della-settimana.html,it,I giorni della settimana | Esercizi Thuis Italiaans,51,126,1,I giorni della settimana,https://thuisitaliaans.com/esercizi/i-giorni-della-settimana,0,BreadcrumbList+EducationalAudience+ImageObject+LearningResou,,354,6,21,0,1,
esercizi/i-laghi-italiani.html,it,I laghi italiani | Esercizi Thuis Italiaans,43,138,1,I laghi italiani,https://thuisitaliaans.com/esercizi/i-laghi-italiani,0,BreadcrumbList+EducationalAudience+ImageObject+LearningResou,,381,6,21,0,1,
esercizi/i-mestieri-e-i-luoghi-di-lavoro.html,it,I mestieri e i luoghi di lavoro | Esercizi Thuis Italiaans,58,131,1,I mestieri e i luoghi di lavoro,https://thuisitaliaans.com/esercizi/i-mestieri-e-i-luoghi-di-lavoro,0,BreadcrumbList+EducationalAudience+ImageObject+LearningResou,,376,6,21,0,1,
esercizi/i-mezzi-pubblici-a-roma.html,it,I mezzi pubblici a Roma | Esercizi Thuis Italiaans,50,146,1,I mezzi pubblici a Roma,https://thuisitaliaans.com/esercizi/i-mezzi-pubblici-a-roma,0,BreadcrumbList+EducationalAudience+ImageObject+LearningResou,,373,6,21,0,1,
esercizi/i-mobili-di-casa.html,it,I mobili di casa | Esercizi Thuis Italiaans,43,128,1,I mobili di casa,https://thuisitaliaans.com/esercizi/i-mobili-di-casa,0,BreadcrumbList+EducationalAudience+ImageObject+LearningResou,,391,6,21,0,1,
esercizi/i-numeri-da-1-a-20.html,it,I numeri da 1 a 20 | Esercizi Thuis Italiaans,45,136,1,I numeri da 1 a 20,https://thuisitaliaans.com/esercizi/i-numeri-da-1-a-20,0,BreadcrumbList+EducationalAudience+ImageObject+LearningResou,,362,6,21,0,1,
esercizi/i-numeri-ordinali.html,it,I numeri ordinali | Esercizi Thuis Italiaans,44,128,1,I numeri ordinali,https://thuisitaliaans.com/esercizi/i-numeri-ordinali,0,BreadcrumbList+EducationalAudience+ImageObject+LearningResou,,340,6,21,0,1,
esercizi/i-partitivi.html,it,I partitivi | Esercizi Thuis Italiaans,38,77,1,I partitivi,https://thuisitaliaans.com/esercizi/i-partitivi,0,BreadcrumbList+EducationalAudience+ImageObject+LearningResou,,362,6,21,0,1,
esercizi/i-pasti-della-giornata.html,it,I pasti della giornata | Esercizi Thuis Italiaans,49,139,1,I pasti della giornata,https://thuisitaliaans.com/esercizi/i-pasti-della-giornata,0,BreadcrumbList+EducationalAudience+ImageObject+LearningResou,,370,6,21,0,1,
esercizi/i-podcast-in-italia.html,it,I podcast in Italia | Esercizi Thuis Italiaans,46,141,1,I podcast in Italia,https://thuisitaliaans.com/esercizi/i-podcast-in-italia,0,BreadcrumbList+EducationalAudience+ImageObject+LearningResou,,375,6,21,0,1,
esercizi/i-pronomi-diretti-con-il-passato-prossimo-2.html,it,I pronomi diretti con il passato prossimo (2) | Esercizi Thuis Italiaans,72,77,1,I pronomi diretti con il passato prossimo (2),https://thuisitaliaans.com/esercizi/i-pronomi-diretti-con-il-passato-prossimo-2,0,BreadcrumbList+EducationalAudience+ImageObject+LearningResou,,344,6,21,0,1,title lungo
esercizi/i-pronomi-indiretti-mi-ti-gli-le-ci-vi.html,it,"I pronomi indiretti: mi, ti, gli, le, ci, vi | Esercizi Thuis Italiaans",71,129,1,"I pronomi indiretti: mi, ti, gli, le, ci, vi",https://thuisitaliaans.com/esercizi/i-pronomi-indiretti-mi-ti-gli-le-ci-vi,0,BreadcrumbList+EducationalAudience+ImageObject+LearningResou,,444,6,21,0,1,title lungo
esercizi/i-social-network-in-italia.html,it,I social network in Italia | Esercizi Thuis Italiaans,53,80,1,I social network in Italia,https://thuisitaliaans.com/esercizi/i-social-network-in-italia,0,BreadcrumbList+EducationalAudience+ImageObject+LearningResou,,399,6,21,0,1,
esercizi/i-social-network.html,it,I social network | Esercizi Thuis Italiaans,43,146,1,I social network,https://thuisitaliaans.com/esercizi/i-social-network,0,BreadcrumbList+EducationalAudience+ImageObject+LearningResou,,333,6,21,0,1,
esercizi/i-superlativi-assoluti-irregolari.html,it,I superlativi assoluti irregolari | Esercizi Thuis Italiaans,60,143,1,I superlativi assoluti irregolari,https://thuisitaliaans.com/esercizi/i-superlativi-assoluti-irregolari,0,BreadcrumbList+EducationalAudience+ImageObject+LearningResou,,354,6,21,0,1,
esercizi/i-superlativi.html,it,I superlativi | Esercizi Thuis Italiaans,40,133,1,I superlativi,https://thuisitaliaans.com/esercizi/i-superlativi,0,BreadcrumbList+EducationalAudience+ImageObject+LearningResou,,345,6,21,0,1,
esercizi/i-verbi-riflessivi-al-passato-prossimo-l-accordo.html,it,I verbi riflessivi al passato prossimo: l'accordo | Esercizi Thuis Italiaans,76,94,1,I verbi riflessivi al passato prossimo: l'accordo,https://thuisitaliaans.com/esercizi/i-verbi-riflessivi-al-passato-prossimo-l-accordo,0,BreadcrumbList+EducationalAudience+ImageObject+LearningResou,,381,6,21,0,1,title lungo
esercizi/idiomi-con-i-numeri.html,it,Idiomi con i numeri | Esercizi Thuis Italiaans,46,141,1,Idiomi con i numeri,https://thuisitaliaans.com/esercizi/idiomi-con-i-numeri,0,BreadcrumbList+EducationalAudience+ImageObject+LearningResou,,357,6,21,0,1,
esercizi/il-caffe-in-italia.html,it,Il caffè in Italia | Esercizi Thuis Italiaans,45,76,1,Il caffè in Italia,https://thuisitaliaans.com/esercizi/il-caffe-in-italia,0,BreadcrumbList+EducationalAudience+ImageObject+LearningResou,,371,6,21,0,1,
esercizi/il-campeggio-attrezzatura.html,it,Il campeggio: attrezzatura | Esercizi Thuis Italiaans,53,128,1,Il campeggio: attrezzatura,https://thuisitaliaans.com/esercizi/il-campeggio-attrezzatura,0,BreadcrumbList+EducationalAudience+ImageObject+LearningResou,,377,6,21,0,1,
esercizi/il-campeggio.html,it,Il campeggio | Esercizi Thuis Italiaans,39,141,1,Il campeggio,https://thuisitaliaans.com/esercizi/il-campeggio,0,BreadcrumbList+EducationalAudience+ImageObject+LearningResou,,327,6,21,0,1,
esercizi/il-carattere-avanzato.html,it,Il carattere avanzato | Esercizi Thuis Italiaans,48,80,1,Il carattere avanzato,https://thuisitaliaans.com/esercizi/il-carattere-avanzato,0,BreadcrumbList+EducationalAudience+ImageObject+LearningResou,,334,6,21,0,1,
esercizi/il-carattere.html,it,Il carattere | Esercizi Thuis Italiaans,39,129,1,Il carattere,https://thuisitaliaans.com/esercizi/il-carattere,0,BreadcrumbList+EducationalAudience+ImageObject+LearningResou,,324,6,21,0,1,
esercizi/il-cinema-neorealista.html,it,Il cinema neorealista | Esercizi Thuis Italiaans,48,74,1,Il cinema neorealista,https://thuisitaliaans.com/esercizi/il-cinema-neorealista,0,BreadcrumbList+EducationalAudience+ImageObject+LearningResou,,374,6,21,0,1,
esercizi/il-colloquio-di-lavoro.html,it,Il colloquio di lavoro | Esercizi Thuis Italiaans,49,74,1,Il colloquio di lavoro,https://thuisitaliaans.com/esercizi/il-colloquio-di-lavoro,0,BreadcrumbList+EducationalAudience+ImageObject+LearningResou,,341,6,21,0,1,
esercizi/il-computer-e-la-tecnologia-base.html,it,Il computer e la tecnologia base | Esercizi Thuis Italiaans,59,137,1,Il computer e la tecnologia base,https://thuisitaliaans.com/esercizi/il-computer-e-la-tecnologia-base,0,BreadcrumbList+EducationalAudience+ImageObject+LearningResou,,364,6,21,0,1,
esercizi/il-condizionale-composto-per-il-rimpianto.html,it,Il condizionale composto per il rimpianto | Esercizi Thuis Italiaans,68,78,1,Il condizionale composto per il rimpianto,https://thuisitaliaans.com/esercizi/il-condizionale-composto-per-il-rimpianto,0,BreadcrumbList+EducationalAudience+ImageObject+LearningResou,,351,6,21,0,1,title lungo
esercizi/il-condizionale-nei-consigli.html,it,Il condizionale nei consigli | Esercizi Thuis Italiaans,55,70,1,Il condizionale nei consigli,https://thuisitaliaans.com/esercizi/il-condizionale-nei-consigli,0,BreadcrumbList+EducationalAudience+ImageObject+LearningResou,,364,6,21,0,1,
esercizi/il-condizionale-per-informazioni-non-confermate.html,it,Il condizionale per informazioni non confermate | Esercizi Thuis Italiaans,74,90,1,Il condizionale per informazioni non confermate,https://thuisitaliaans.com/esercizi/il-condizionale-per-informazioni-non-confermate,0,BreadcrumbList+EducationalAudience+ImageObject+LearningResou,,363,6,21,0,1,title lungo
esercizi/il-condizionale-per-ipotesi-cortesi.html,it,Il condizionale per ipotesi cortesi | Esercizi Thuis Italiaans,62,79,1,Il condizionale per ipotesi cortesi,https://thuisitaliaans.com/esercizi/il-condizionale-per-ipotesi-cortesi,0,BreadcrumbList+EducationalAudience+ImageObject+LearningResou,,338,6,21,0,1,
esercizi/il-congiuntivo-con-espressioni-impersonali.html,it,Il congiuntivo con espressioni impersonali | Esercizi Thuis Italiaans,69,143,1,Il congiuntivo con espressioni impersonali,https://thuisitaliaans.com/esercizi/il-congiuntivo-con-espressioni-impersonali,0,BreadcrumbList+EducationalAudience+ImageObject+LearningResou,,345,6,21,0,1,title lungo
esercizi/il-congiuntivo-con-i-verbi-di-opinione-negati.html,it,Il congiuntivo con i verbi di opinione negati | Esercizi Thuis Italiaans,72,70,1,Il congiuntivo con i verbi di opinione negati,https://thuisitaliaans.com/esercizi/il-congiuntivo-con-i-verbi-di-opinione-negati,0,BreadcrumbList+EducationalAudience+ImageObject+LearningResou,,366,6,21,0,1,title lungo
esercizi/il-congiuntivo-dopo-il-superlativo-relativo.html,it,Il congiuntivo dopo il superlativo relativo | Esercizi Thuis Italiaans,70,143,1,Il congiuntivo dopo il superlativo relativo,https://thuisitaliaans.com/esercizi/il-congiuntivo-dopo-il-superlativo-relativo,0,BreadcrumbList+EducationalAudience+ImageObject+LearningResou,,362,6,21,0,1,title lungo
esercizi/il-congiuntivo-imperfetto.html,it,Il congiuntivo imperfetto | Esercizi Thuis Italiaans,52,72,1,Il congiuntivo imperfetto,https://thuisitaliaans.com/esercizi/il-congiuntivo-imperfetto,0,BreadcrumbList+EducationalAudience+ImageObject+LearningResou,,390,6,21,0,1,
esercizi/il-congiuntivo-passato.html,it,Il congiuntivo passato | Esercizi Thuis Italiaans,49,141,1,Il congiuntivo passato,https://thuisitaliaans.com/esercizi/il-congiuntivo-passato,0,BreadcrumbList+EducationalAudience+ImageObject+LearningResou,,345,6,21,0,1,
esercizi/il-congiuntivo-presente.html,it,Il congiuntivo presente | Esercizi Thuis Italiaans,50,74,1,Il congiuntivo presente,https://thuisitaliaans.com/esercizi/il-congiuntivo-presente,0,BreadcrumbList+EducationalAudience+ImageObject+LearningResou,,324,6,21,0,1,
esercizi/il-congiuntivo-trapassato-nei-periodi-ipotetici.html,it,Il congiuntivo trapassato nei periodi ipotetici | Esercizi Thuis Italiaans,74,82,1,Il congiuntivo trapassato nei periodi ipotetici,https://thuisitaliaans.com/esercizi/il-congiuntivo-trapassato-nei-periodi-ipotetici,0,BreadcrumbList+EducationalAudience+ImageObject+LearningResou,,353,6,21,0,1,title lungo
esercizi/il-congiuntivo-trapassato.html,it,Il congiuntivo trapassato | Esercizi Thuis Italiaans,52,144,1,Il congiuntivo trapassato,https://thuisitaliaans.com/esercizi/il-congiuntivo-trapassato,0,BreadcrumbList+EducationalAudience+ImageObject+LearningResou,,346,6,21,0,1,
esercizi/il-dialetto-e-la-lingua-standard.html,it,Il dialetto e la lingua standard | Esercizi Thuis Italiaans,59,141,1,Il dialetto e la lingua standard,https://thuisitaliaans.com/esercizi/il-dialetto-e-la-lingua-standard,0,BreadcrumbList+EducationalAudience+ImageObject+LearningResou,,368,6,21,0,1,
esercizi/il-dibattito-su-un-tema-di-attualita.html,it,Il dibattito su un tema di attualità | Esercizi Thuis Italiaans,63,144,1,Il dibattito su un tema di attualità,https://thuisitaliaans.com/esercizi/il-dibattito-su-un-tema-di-attualita,0,BreadcrumbList+EducationalAudience+ImageObject+LearningResou,,348,6,21,0,1,
esercizi/il-discorso-indiretto-al-passato.html,it,Il discorso indiretto al passato | Esercizi Thuis Italiaans,59,100,1,Il discorso indiretto al passato,https://thuisitaliaans.com/esercizi/il-discorso-indiretto-al-passato,0,BreadcrumbList+EducationalAudience+ImageObject+LearningResou,,359,6,21,0,1,
esercizi/il-discorso-indiretto-al-presente.html,it,Il discorso indiretto al presente | Esercizi Thuis Italiaans,60,81,1,Il discorso indiretto al presente,https://thuisitaliaans.com/esercizi/il-discorso-indiretto-al-presente,0,BreadcrumbList+EducationalAudience+ImageObject+LearningResou,,340,6,21,0,1,
esercizi/il-discorso-indiretto-domande-dirette.html,it,Il discorso indiretto: domande dirette | Esercizi Thuis Italiaans,65,83,1,Il discorso indiretto: domande dirette,https://thuisitaliaans.com/esercizi/il-discorso-indiretto-domande-dirette,0,BreadcrumbList+EducationalAudience+ImageObject+LearningResou,,360,6,21,0,1,
esercizi/il-doppio-negativo.html,it,Il doppio negativo | Esercizi Thuis Italiaans,45,141,1,Il doppio negativo,https://thuisitaliaans.com/esercizi/il-doppio-negativo,0,BreadcrumbList+EducationalAudience+ImageObject+LearningResou,,340,6,21,0,1,
esercizi/il-futuro-anteriore-nei-racconti.html,it,Il futuro anteriore nei racconti | Esercizi Thuis Italiaans,59,90,1,Il futuro anteriore nei racconti,https://thuisitaliaans.com/esercizi/il-futuro-anteriore-nei-racconti,0,BreadcrumbList+EducationalAudience+ImageObject+LearningResou,,353,6,21,0,1,
esercizi/il-futuro-per-esprimere-probabilita.html,it,Il futuro per esprimere probabilità | Esercizi Thuis Italiaans,62,78,1,Il futuro per esprimere probabilità,https://thuisitaliaans.com/esercizi/il-futuro-per-esprimere-probabilita,0,BreadcrumbList+EducationalAudience+ImageObject+LearningResou,,361,6,21,0,1,
esercizi/il-gelato-artigianale.html,it,Il gelato artigianale | Esercizi Thuis Italiaans,48,74,1,Il gelato artigianale,https://thuisitaliaans.com/esercizi/il-gelato-artigianale,0,BreadcrumbList+EducationalAudience+ImageObject+LearningResou,,365,6,21,0,1,
esercizi/il-gerundio-con-valore-causale.html,it,Il gerundio con valore causale | Esercizi Thuis Italiaans,57,141,1,Il gerundio con valore causale,https://thuisitaliaans.com/esercizi/il-gerundio-con-valore-causale,0,BreadcrumbList+EducationalAudience+ImageObject+LearningResou,,351,6,21,0,1,
esercizi/il-gerundio-presente-e-passato.html,it,Il gerundio presente e passato | Esercizi Thuis Italiaans,57,130,1,Il gerundio presente e passato,https://thuisitaliaans.com/esercizi/il-gerundio-presente-e-passato,0,BreadcrumbList+EducationalAudience+ImageObject+LearningResou,,366,6,21,0,1,
esercizi/il-gerundio-progressivo-al-passato.html,it,Il gerundio progressivo al passato | Esercizi Thuis Italiaans,61,137,1,Il gerundio progressivo al passato,https://thuisitaliaans.com/esercizi/il-gerundio-progressivo-al-passato,0,BreadcrumbList+EducationalAudience+ImageObject+LearningResou,,338,6,21,0,1,
esercizi/il-giardino-e-le-piante.html,it,Il giardino e le piante | Esercizi Thuis Italiaans,50,132,1,Il giardino e le piante,https://thuisitaliaans.com/esercizi/il-giardino-e-le-piante,0,BreadcrumbList+EducationalAudience+ImageObject+LearningResou,,367,6,21,0,1,
esercizi/il-giornalismo-online.html,it,Il giornalismo online | Esercizi Thuis Italiaans,48,143,1,Il giornalismo online,https://thuisitaliaans.com/esercizi/il-giornalismo-online,0,BreadcrumbList+EducationalAudience+ImageObject+LearningResou,,375,6,21,0,1,
esercizi/il-giornalismo.html,it,Il giornalismo | Esercizi Thuis Italiaans,41,76,1,Il giornalismo,https://thuisitaliaans.com/esercizi/il-giornalismo,0,BreadcrumbList+EducationalAudience+ImageObject+LearningResou,,330,6,21,0,1,
esercizi/il-mondo-accademico.html,it,Il mondo accademico | Esercizi Thuis Italiaans,46,129,1,Il mondo accademico,https://thuisitaliaans.com/esercizi/il-mondo-accademico,0,BreadcrumbList+EducationalAudience+ImageObject+LearningResou,,373,6,21,0,1,
esercizi/il-mondo-del-lavoro.html,it,Il mondo del lavoro | Esercizi Thuis Italiaans,46,132,1,Il mondo del lavoro,https://thuisitaliaans.com/esercizi/il-mondo-del-lavoro,0,BreadcrumbList+EducationalAudience+ImageObject+LearningResou,,349,6,21,0,1,
esercizi/il-mondo-dell-ufficio.html,it,Il mondo dell'ufficio | Esercizi Thuis Italiaans,48,73,1,Il mondo dell'ufficio,https://thuisitaliaans.com/esercizi/il-mondo-dell-ufficio,0,BreadcrumbList+EducationalAudience+ImageObject+LearningResou,,331,6,21,0,1,
esercizi/il-mondo-di-internet.html,it,Il mondo di internet | Esercizi Thuis Italiaans,47,72,1,Il mondo di internet,https://thuisitaliaans.com/esercizi/il-mondo-di-internet,0,BreadcrumbList+EducationalAudience+ImageObject+LearningResou,,332,6,21,0,1,
esercizi/il-mondo-digitale.html,it,Il mondo digitale | Esercizi Thuis Italiaans,44,130,1,Il mondo digitale,https://thuisitaliaans.com/esercizi/il-mondo-digitale,0,BreadcrumbList+EducationalAudience+ImageObject+LearningResou,,329,6,21,0,1,
esercizi/il-noleggio-auto.html,it,Il noleggio auto | Esercizi Thuis Italiaans,43,136,1,Il noleggio auto,https://thuisitaliaans.com/esercizi/il-noleggio-auto,0,BreadcrumbList+EducationalAudience+ImageObject+LearningResou,,366,6,21,0,1,
esercizi/il-participio-assoluto.html,it,Il participio assoluto | Esercizi Thuis Italiaans,49,73,1,Il participio assoluto,https://thuisitaliaans.com/esercizi/il-participio-assoluto,0,BreadcrumbList+EducationalAudience+ImageObject+LearningResou,,374,6,21,0,1,
esercizi/il-passato-prossimo-dei-verbi-modali.html,it,Il passato prossimo dei verbi modali | Esercizi Thuis Italiaans,63,92,1,Il passato prossimo dei verbi modali,https://thuisitaliaans.com/esercizi/il-passato-prossimo-dei-verbi-modali,0,BreadcrumbList+EducationalAudience+ImageObject+LearningResou,,355,6,21,0,1,
esercizi/il-passato-prossimo-riflessivo-con-accordo.html,it,Il passato prossimo riflessivo con accordo | Esercizi Thuis Italiaans,69,86,1,Il passato prossimo riflessivo con accordo,https://thuisitaliaans.com/esercizi/il-passato-prossimo-riflessivo-con-accordo,0,BreadcrumbList+EducationalAudience+ImageObject+LearningResou,,360,6,21,0,1,title lungo
esercizi/il-passivo-con-il-verbo-andare.html,it,Il passivo con il verbo andare | Esercizi Thuis Italiaans,57,81,1,Il passivo con il verbo andare,https://thuisitaliaans.com/esercizi/il-passivo-con-il-verbo-andare,0,BreadcrumbList+EducationalAudience+ImageObject+LearningResou,,352,6,21,0,1,
esercizi/il-passivo-impersonale.html,it,Il passivo impersonale | Esercizi Thuis Italiaans,49,141,1,Il passivo impersonale,https://thuisitaliaans.com/esercizi/il-passivo-impersonale,0,BreadcrumbList+EducationalAudience+ImageObject+LearningResou,,335,6,21,0,1,
esercizi/il-periodo-ipotetico-misto-2-3-tipo.html,it,Il periodo ipotetico misto (2°-3° tipo) | Esercizi Thuis Italiaans,66,92,1,Il periodo ipotetico misto (2°-3° tipo),https://thuisitaliaans.com/esercizi/il-periodo-ipotetico-misto-2-3-tipo,0,BreadcrumbList+EducationalAudience+ImageObject+LearningResou,,368,6,21,0,1,title lungo
esercizi/il-periodo-ipotetico-misto.html,it,Il periodo ipotetico misto | Esercizi Thuis Italiaans,53,105,1,Il periodo ipotetico misto,https://thuisitaliaans.com/esercizi/il-periodo-ipotetico-misto,0,BreadcrumbList+EducationalAudience+ImageObject+LearningResou,,364,6,21,0,1,
esercizi/il-precariato-giovanile.html,it,Il precariato giovanile | Esercizi Thuis Italiaans,50,77,1,Il precariato giovanile,https://thuisitaliaans.com/esercizi/il-precariato-giovanile,0,BreadcrumbList+EducationalAudience+ImageObject+LearningResou,,379,6,21,0,1,
esercizi/il-presente-di-esserci.html,it,Il presente di esserci | Esercizi Thuis Italiaans,49,127,1,Il presente di esserci,https://thuisitaliaans.com/esercizi/il-presente-di-esserci,0,BreadcrumbList+EducationalAudience+ImageObject+LearningResou,,370,6,21,0,1,
esercizi/il-presente-indicativo-negativo.html,it,Il presente indicativo negativo | Esercizi Thuis Italiaans,58,73,1,Il presente indicativo negativo,https://thuisitaliaans.com/esercizi/il-presente-indicativo-negativo,0,BreadcrumbList+EducationalAudience+ImageObject+LearningResou,,331,6,21,0,1,
esercizi/il-presente-progressivo-con-stare.html,it,Il presente progressivo con stare | Esercizi Thuis Italiaans,60,72,1,Il presente progressivo con stare,https://thuisitaliaans.com/esercizi/il-presente-progressivo-con-stare,0,BreadcrumbList+EducationalAudience+ImageObject+LearningResou,,341,6,21,0,1,
esercizi/il-pronome-ci-di-luogo.html,it,Il pronome ci di luogo | Esercizi Thuis Italiaans,49,123,1,Il pronome ci di luogo,https://thuisitaliaans.com/esercizi/il-pronome-ci-di-luogo,0,BreadcrumbList+EducationalAudience+ImageObject+LearningResou,,346,6,21,0,1,
esercizi/il-pronome-ne-con-gli-argomenti.html,it,Il pronome ne con gli argomenti | Esercizi Thuis Italiaans,58,72,1,Il pronome ne con gli argomenti,https://thuisitaliaans.com/esercizi/il-pronome-ne-con-gli-argomenti,0,BreadcrumbList+EducationalAudience+ImageObject+LearningResou,,364,6,21,0,1,
esercizi/il-pronome-relativo-con-l-articolo-il-quale-i-quali.html,it,"Il pronome relativo con l'articolo (il quale, i quali) | Esercizi Thuis Italiaans",81,146,1,"Il pronome relativo con l'articolo (il quale, i quali)",https://thuisitaliaans.com/esercizi/il-pronome-relativo-con-l-articolo-il-quale-i-quali,0,BreadcrumbList+EducationalAudience+ImageObject+LearningResou,,396,6,21,0,1,title lungo
esercizi/il-pronome-relativo-il-cui.html,it,Il pronome relativo il cui | Esercizi Thuis Italiaans,53,137,1,Il pronome relativo il cui,https://thuisitaliaans.com/esercizi/il-pronome-relativo-il-cui,0,BreadcrumbList+EducationalAudience+ImageObject+LearningResou,,395,6,21,0,1,
esercizi/il-riscaldamento-in-italia.html,it,Il riscaldamento in Italia | Esercizi Thuis Italiaans,53,80,1,Il riscaldamento in Italia,https://thuisitaliaans.com/esercizi/il-riscaldamento-in-italia,0,BreadcrumbList+EducationalAudience+ImageObject+LearningResou,,378,6,21,0,1,
esercizi/il-servizio-civile.html,it,Il servizio civile | Esercizi Thuis Italiaans,45,72,1,Il servizio civile,https://thuisitaliaans.com/esercizi/il-servizio-civile,0,BreadcrumbList+EducationalAudience+ImageObject+LearningResou,,372,6,21,0,1,
esercizi/il-si-impersonale.html,it,Il si impersonale | Esercizi Thuis Italiaans,44,143,1,Il si impersonale,https://thuisitaliaans.com/esercizi/il-si-impersonale,0,BreadcrumbList+EducationalAudience+ImageObject+LearningResou,,431,6,21,0,1,
esercizi/il-si-passivante.html,it,Il si passivante | Esercizi Thuis Italiaans,43,85,1,Il si passivante,https://thuisitaliaans.com/esercizi/il-si-passivante,0,BreadcrumbList+EducationalAudience+ImageObject+LearningResou,,388,6,21,0,1,
esercizi/il-sistema-sanitario-italiano.html,it,Il sistema sanitario italiano | Esercizi Thuis Italiaans,56,73,1,Il sistema sanitario italiano,https://thuisitaliaans.com/esercizi/il-sistema-sanitario-italiano,0,BreadcrumbList+EducationalAudience+ImageObject+LearningResou,,375,6,21,0,1,
esercizi/il-supermercato.html,it,Il supermercato | Esercizi Thuis Italiaans,42,144,1,Il supermercato,https://thuisitaliaans.com/esercizi/il-supermercato,0,BreadcrumbList+EducationalAudience+ImageObject+LearningResou,,323,6,21,0,1,
esercizi/il-tempo-atmosferico-esteso.html,it,Il tempo atmosferico esteso | Esercizi Thuis Italiaans,54,131,1,Il tempo atmosferico esteso,https://thuisitaliaans.com/esercizi/il-tempo-atmosferico-esteso,0,BreadcrumbList+EducationalAudience+ImageObject+LearningResou,,366,6,21,0,1,
esercizi/il-trapassato-prossimo-nei-racconti.html,it,Il trapassato prossimo nei racconti | Esercizi Thuis Italiaans,62,74,1,Il trapassato prossimo nei racconti,https://thuisitaliaans.com/esercizi/il-trapassato-prossimo-nei-racconti,0,BreadcrumbList+EducationalAudience+ImageObject+LearningResou,,345,6,21,0,1,
esercizi/il-trapassato-prossimo.html,it,Il trapassato prossimo | Esercizi Thuis Italiaans,49,141,1,Il trapassato prossimo,https://thuisitaliaans.com/esercizi/il-trapassato-prossimo,0,BreadcrumbList+EducationalAudience+ImageObject+LearningResou,,365,6,21,0,1,
esercizi/il-trekking-e-l-outdoor.html,it,Il trekking e l'outdoor | Esercizi Thuis Italiaans,50,137,1,Il trekking e l'outdoor,https://thuisitaliaans.com/esercizi/il-trekking-e-l-outdoor,0,BreadcrumbList+EducationalAudience+ImageObject+LearningResou,,373,6,21,0,1,
esercizi/il-trekking.html,it,Il trekking | Esercizi Thuis Italiaans,38,128,1,Il trekking,https://thuisitaliaans.com/esercizi/il-trekking,0,BreadcrumbList+EducationalAudience+ImageObject+LearningResou,,332,6,21,0,1,
esercizi/il-treno-in-italia.html,it,Il treno in Italia | Esercizi Thuis Italiaans,45,75,1,Il treno in Italia,https://thuisitaliaans.com/esercizi/il-treno-in-italia,0,BreadcrumbList+EducationalAudience+ImageObject+LearningResou,,402,6,21,0,1,
esercizi/il-turismo-in-italia.html,it,Il turismo in Italia | Esercizi Thuis Italiaans,47,141,1,Il turismo in Italia,https://thuisitaliaans.com/esercizi/il-turismo-in-italia,0,BreadcrumbList+EducationalAudience+ImageObject+LearningResou,,384,6,21,0,1,
esercizi/il-turismo-sostenibile.html,it,Il turismo sostenibile | Esercizi Thuis Italiaans,49,142,1,Il turismo sostenibile,https://thuisitaliaans.com/esercizi/il-turismo-sostenibile,0,BreadcrumbList+EducationalAudience+ImageObject+LearningResou,,365,6,21,0,1,
esercizi/il-verbo-andare-a-in.html,it,Il verbo andare + a/in | Esercizi Thuis Italiaans,49,145,1,Il verbo andare + a/in,https://thuisitaliaans.com/esercizi/il-verbo-andare-a-in,0,BreadcrumbList+EducationalAudience+ImageObject+LearningResou,,379,6,21,0,1,
esercizi/il-verbo-avere.html,it,Il verbo avere | Esercizi Thuis Italiaans,41,145,1,Il verbo avere,https://thuisitaliaans.com/esercizi/il-verbo-avere,0,BreadcrumbList+EducationalAudience+ImageObject+LearningResou,,393,6,21,0,1,
esercizi/il-verbo-dovere-per-obbligo-e-probabilita.html,it,Il verbo dovere per obbligo e probabilità | Esercizi Thuis Italiaans,68,78,1,Il verbo dovere per obbligo e probabilità,https://thuisitaliaans.com/esercizi/il-verbo-dovere-per-obbligo-e-probabilita,0,BreadcrumbList+EducationalAudience+ImageObject+LearningResou,,346,6,21,0,1,title lungo
esercizi/il-verbo-lasciare-infinito.html,it,Il verbo lasciare + infinito | Esercizi Thuis Italiaans,55,74,1,Il verbo lasciare + infinito,https://thuisitaliaans.com/esercizi/il-verbo-lasciare-infinito,0,BreadcrumbList+EducationalAudience+ImageObject+LearningResou,,345,6,21,0,1,
esercizi/il-verbo-mettersi-infinito.html,it,Il verbo mettersi + infinito | Esercizi Thuis Italiaans,55,84,1,Il verbo mettersi + infinito,https://thuisitaliaans.com/esercizi/il-verbo-mettersi-infinito,0,BreadcrumbList+EducationalAudience+ImageObject+LearningResou,,347,6,21,0,1,
esercizi/il-verbo-piacere-al-passato-prossimo.html,it,Il verbo piacere al passato prossimo | Esercizi Thuis Italiaans,63,137,1,Il verbo piacere al passato prossimo,https://thuisitaliaans.com/esercizi/il-verbo-piacere-al-passato-prossimo,0,BreadcrumbList+EducationalAudience+ImageObject+LearningResou,,351,6,21,0,1,
esercizi/il-verbo-piacere.html,it,Il verbo piacere | Esercizi Thuis Italiaans,43,135,1,Il verbo piacere,https://thuisitaliaans.com/esercizi/il-verbo-piacere,0,BreadcrumbList+EducationalAudience+ImageObject+LearningResou,,369,6,21,0,1,
esercizi/il-verbo-venire-con-preposizioni.html,it,Il verbo venire con preposizioni | Esercizi Thuis Italiaans,59,145,1,Il verbo venire con preposizioni,https://thuisitaliaans.com/esercizi/il-verbo-venire-con-preposizioni,0,BreadcrumbList+EducationalAudience+ImageObject+LearningResou,,345,6,21,0,1,
esercizi/il-vino-italiano.html,it,Il vino italiano | Esercizi Thuis Italiaans,43,146,1,Il vino italiano,https://thuisitaliaans.com/esercizi/il-vino-italiano,0,BreadcrumbList+EducationalAudience+ImageObject+LearningResou,,321,6,21,0,1,
esercizi/imperativo-con-i-pronomi.html,it,Imperativo con i pronomi | Esercizi Thuis Italiaans,51,73,1,Imperativo con i pronomi,https://thuisitaliaans.com/esercizi/imperativo-con-i-pronomi,0,BreadcrumbList+EducationalAudience+ImageObject+LearningResou,,346,6,21,0,1,
esercizi/imperativo-diretto-tu-noi-voi.html,it,"Imperativo diretto: tu, noi, voi | Esercizi Thuis Italiaans",59,141,1,"Imperativo diretto: tu, noi, voi",https://thuisitaliaans.com/esercizi/imperativo-diretto-tu-noi-voi,0,BreadcrumbList+EducationalAudience+ImageObject+LearningResou,,358,6,21,0,1,
esercizi/imperativo-negativo.html,it,Imperativo negativo | Esercizi Thuis Italiaans,46,142,1,Imperativo negativo,https://thuisitaliaans.com/esercizi/imperativo-negativo,0,BreadcrumbList+EducationalAudience+ImageObject+LearningResou,,346,6,21,0,1,
esercizi/imperfetto-indicativo.html,it,Imperfetto indicativo | Esercizi Thuis Italiaans,48,70,1,Imperfetto indicativo,https://thuisitaliaans.com/esercizi/imperfetto-indicativo,0,BreadcrumbList+EducationalAudience+ImageObject+LearningResou,,389,6,21,0,1,
esercizi/impiccato-connettivi-testuali.html,it,Impiccato: connettivi testuali | Esercizi Thuis Italiaans,57,118,1,Impiccato: connettivi testuali,https://thuisitaliaans.com/esercizi/impiccato-connettivi-testuali,0,BreadcrumbList+EducationalAudience+ImageObject+LearningResou,,322,6,21,0,1,
esercizi/impiccato-frutta-e-verdura.html,it,Impiccato: frutta e verdura | Esercizi Thuis Italiaans,54,126,1,Impiccato: frutta e verdura,https://thuisitaliaans.com/esercizi/impiccato-frutta-e-verdura,0,BreadcrumbList+EducationalAudience+ImageObject+LearningResou,,324,6,21,0,1,
esercizi/impiccato-i-mezzi-di-trasporto.html,it,Impiccato: i mezzi di trasporto | Esercizi Thuis Italiaans,58,134,1,Impiccato: i mezzi di trasporto,https://thuisitaliaans.com/esercizi/impiccato-i-mezzi-di-trasporto,0,BreadcrumbList+EducationalAudience+ImageObject+LearningResou,,340,6,21,0,1,
esercizi/impiccato-i-monumenti-italiani.html,it,Impiccato: i monumenti italiani | Esercizi Thuis Italiaans,58,117,1,Impiccato: i monumenti italiani,https://thuisitaliaans.com/esercizi/impiccato-i-monumenti-italiani,0,BreadcrumbList+EducationalAudience+ImageObject+LearningResou,,332,6,21,0,1,
esercizi/impiccato-i-numeri.html,it,Impiccato: i numeri | Esercizi Thuis Italiaans,46,124,1,Impiccato: i numeri,https://thuisitaliaans.com/esercizi/impiccato-i-numeri,0,BreadcrumbList+EducationalAudience+ImageObject+LearningResou,,326,6,21,0,1,
esercizi/impiccato-il-carattere.html,it,Impiccato: il carattere | Esercizi Thuis Italiaans,50,125,1,Impiccato: il carattere,https://thuisitaliaans.com/esercizi/impiccato-il-carattere,0,BreadcrumbList+EducationalAudience+ImageObject+LearningResou,,324,6,21,0,1,
esercizi/impiccato-il-colloquio-di-lavoro.html,it,Impiccato: il colloquio di lavoro | Esercizi Thuis Italiaans,60,130,1,Impiccato: il colloquio di lavoro,https://thuisitaliaans.com/esercizi/impiccato-il-colloquio-di-lavoro,0,BreadcrumbList+EducationalAudience+ImageObject+LearningResou,,338,6,21,0,1,
esercizi/impiccato-il-giornalismo.html,it,Impiccato: il giornalismo | Esercizi Thuis Italiaans,52,120,1,Impiccato: il giornalismo,https://thuisitaliaans.com/esercizi/impiccato-il-giornalismo,0,BreadcrumbList+EducationalAudience+ImageObject+LearningResou,,322,6,21,0,1,
esercizi/impiccato-l-italia-geografica.html,it,Impiccato: l'Italia geografica | Esercizi Thuis Italiaans,57,115,1,Impiccato: l'Italia geografica,https://thuisitaliaans.com/esercizi/impiccato-l-italia-geografica,0,BreadcrumbList+EducationalAudience+ImageObject+LearningResou,,327,6,21,0,1,
esercizi/impiccato-la-cucina-regionale.html,it,Impiccato: la cucina regionale | Esercizi Thuis Italiaans,57,115,1,Impiccato: la cucina regionale,https://thuisitaliaans.com/esercizi/impiccato-la-cucina-regionale,0,BreadcrumbList+EducationalAudience+ImageObject+LearningResou,,338,6,21,0,1,
esercizi/impiccato-la-cucina.html,it,Impiccato: la cucina | Esercizi Thuis Italiaans,47,115,1,Impiccato: la cucina,https://thuisitaliaans.com/esercizi/impiccato-la-cucina,0,BreadcrumbList+EducationalAudience+ImageObject+LearningResou,,329,6,21,0,1,
esercizi/impiccato-la-famiglia.html,it,Impiccato: la famiglia | Esercizi Thuis Italiaans,49,126,1,Impiccato: la famiglia,https://thuisitaliaans.com/esercizi/impiccato-la-famiglia,0,BreadcrumbList+EducationalAudience+ImageObject+LearningResou,,338,6,21,0,1,
esercizi/impiccato-la-pasta.html,it,Impiccato: la pasta | Esercizi Thuis Italiaans,46,115,1,Impiccato: la pasta,https://thuisitaliaans.com/esercizi/impiccato-la-pasta,0,BreadcrumbList+EducationalAudience+ImageObject+LearningResou,,331,6,21,0,1,
esercizi/impiccato-la-stazione-dei-treni.html,it,Impiccato: la stazione dei treni | Esercizi Thuis Italiaans,59,136,1,Impiccato: la stazione dei treni,https://thuisitaliaans.com/esercizi/impiccato-la-stazione-dei-treni,0,BreadcrumbList+EducationalAudience+ImageObject+LearningResou,,338,6,21,0,1,
esercizi/impiccato-la-vacanza-al-mare.html,it,Impiccato: la vacanza al mare | Esercizi Thuis Italiaans,56,133,1,Impiccato: la vacanza al mare,https://thuisitaliaans.com/esercizi/impiccato-la-vacanza-al-mare,0,BreadcrumbList+EducationalAudience+ImageObject+LearningResou,,341,6,21,0,1,
esercizi/impiccato-le-emozioni-avanzate.html,it,Impiccato: le emozioni avanzate | Esercizi Thuis Italiaans,58,133,1,Impiccato: le emozioni avanzate,https://thuisitaliaans.com/esercizi/impiccato-le-emozioni-avanzate,0,BreadcrumbList+EducationalAudience+ImageObject+LearningResou,,323,6,21,0,1,
esercizi/impiccato-le-professioni-avanzate.html,it,Impiccato: le professioni avanzate | Esercizi Thuis Italiaans,61,137,1,Impiccato: le professioni avanzate,https://thuisitaliaans.com/esercizi/impiccato-le-professioni-avanzate,0,BreadcrumbList+EducationalAudience+ImageObject+LearningResou,,338,6,21,0,1,
esercizi/impiccato-viaggio.html,it,L'impiccato: parole di viaggio | Esercizi Thuis Italiaans,57,88,1,L'impiccato: parole di viaggio,https://thuisitaliaans.com/esercizi/impiccato-viaggio,0,BreadcrumbList+EducationalAudience+ImageObject+LearningResou,,371,6,21,0,1,
esercizi/in-albergo.html,it,In albergo | Esercizi Thuis Italiaans,37,130,1,In albergo,https://thuisitaliaans.com/esercizi/in-albergo,0,BreadcrumbList+EducationalAudience+ImageObject+LearningResou,,375,6,21,0,1,
esercizi/in-cucina.html,it,Cruciverba: in cucina | Esercizi Thuis Italiaans,48,136,1,Cruciverba: in cucina,https://thuisitaliaans.com/esercizi/in-cucina,0,BreadcrumbList+EducationalAudience+ImageObject+LearningResou,,382,6,21,0,2,
esercizi/in-hotel.html,it,In hotel | Esercizi Thuis Italiaans,35,127,1,In hotel,https://thuisitaliaans.com/esercizi/in-hotel,0,BreadcrumbList+EducationalAudience+ImageObject+LearningResou,,334,6,21,0,1,
esercizi/in-stazione-e-in-aeroporto.html,it,In stazione e in aeroporto | Esercizi Thuis Italiaans,53,72,1,In stazione e in aeroporto,https://thuisitaliaans.com/esercizi/in-stazione-e-in-aeroporto,0,BreadcrumbList+EducationalAudience+ImageObject+LearningResou,,378,6,21,0,1,
esercizi/in-vacanza.html,it,Cruciverba: in vacanza | Esercizi Thuis Italiaans,49,70,1,Cruciverba: in vacanza,https://thuisitaliaans.com/esercizi/in-vacanza,0,BreadcrumbList+EducationalAudience+ImageObject+LearningResou,,384,6,21,0,2,
esercizi/index.html,it,"Esercizi di italiano · Grammatica, lessico e giochi A1–B2 | Thuis Italiaans",75,213,1,Esercizi interattivi di italiano,https://thuisitaliaans.com/esercizi/,0,BreadcrumbList+CollectionPage+ImageObject+ListItem+Organizat,,14911,2,780,0,1,title lungo; description lunga
esercizi/indicazioni-stradali.html,it,Indicazioni stradali | Esercizi Thuis Italiaans,47,140,1,Indicazioni stradali,https://thuisitaliaans.com/esercizi/indicazioni-stradali,0,BreadcrumbList+EducationalAudience+ImageObject+LearningResou,,346,6,21,0,2,
esercizi/intervista-a-un-esperto.html,it,Intervista a un esperto | Esercizi Thuis Italiaans,50,136,1,Intervista a un esperto,https://thuisitaliaans.com/esercizi/intervista-a-un-esperto,0,BreadcrumbList+EducationalAudience+ImageObject+LearningResou,,316,6,21,0,1,
esercizi/intrusi-a-scuola-2.html,it,Intrusi a scuola (2) | Esercizi Thuis Italiaans,47,137,1,Intrusi a scuola (2),https://thuisitaliaans.com/esercizi/intrusi-a-scuola-2,0,BreadcrumbList+EducationalAudience+ImageObject+LearningResou,,307,6,21,0,1,
esercizi/intrusi-a-tavola.html,it,Intrusi a tavola | Esercizi Thuis Italiaans,43,133,1,Intrusi a tavola,https://thuisitaliaans.com/esercizi/intrusi-a-tavola,0,BreadcrumbList+EducationalAudience+ImageObject+LearningResou,,313,6,21,0,1,
esercizi/intrusi-in-aeroporto.html,it,Intrusi in aeroporto | Esercizi Thuis Italiaans,47,139,1,Intrusi in aeroporto,https://thuisitaliaans.com/esercizi/intrusi-in-aeroporto,0,BreadcrumbList+EducationalAudience+ImageObject+LearningResou,,292,6,21,0,1,pagina sottile
esercizi/intrusi-in-camera-da-letto.html,it,Intrusi in camera da letto | Esercizi Thuis Italiaans,53,137,1,Intrusi in camera da letto,https://thuisitaliaans.com/esercizi/intrusi-in-camera-da-letto,0,BreadcrumbList+EducationalAudience+ImageObject+LearningResou,,304,6,21,0,1,
esercizi/intrusi-in-casa.html,it,Intrusi in casa | Esercizi Thuis Italiaans,42,73,1,Intrusi in casa,https://thuisitaliaans.com/esercizi/intrusi-in-casa,0,BreadcrumbList+EducationalAudience+ImageObject+LearningResou,,309,6,21,0,1,
esercizi/intrusi-in-vacanza.html,it,Intrusi in vacanza | Esercizi Thuis Italiaans,45,138,1,Intrusi in vacanza,https://thuisitaliaans.com/esercizi/intrusi-in-vacanza,0,BreadcrumbList+EducationalAudience+ImageObject+LearningResou,,308,6,21,0,1,
esercizi/intrusi-nei-connettivi.html,it,Intrusi nei connettivi | Esercizi Thuis Italiaans,49,133,1,Intrusi nei connettivi,https://thuisitaliaans.com/esercizi/intrusi-nei-connettivi,0,BreadcrumbList+EducationalAudience+ImageObject+LearningResou,,299,6,21,0,1,pagina sottile
esercizi/intrusi-nei-media.html,it,Intrusi nei media | Esercizi Thuis Italiaans,44,134,1,Intrusi nei media,https://thuisitaliaans.com/esercizi/intrusi-nei-media,0,BreadcrumbList+EducationalAudience+ImageObject+LearningResou,,302,6,21,0,1,
esercizi/intrusi-nei-modi-di-dire.html,it,Intrusi nei modi di dire | Esercizi Thuis Italiaans,51,73,1,Intrusi nei modi di dire,https://thuisitaliaans.com/esercizi/intrusi-nei-modi-di-dire,0,BreadcrumbList+EducationalAudience+ImageObject+LearningResou,,331,6,21,0,1,
esercizi/intrusi-nei-registri-linguistici.html,it,Intrusi nei registri linguistici | Esercizi Thuis Italiaans,59,76,1,Intrusi nei registri linguistici,https://thuisitaliaans.com/esercizi/intrusi-nei-registri-linguistici,0,BreadcrumbList+EducationalAudience+ImageObject+LearningResou,,318,6,21,0,1,
esercizi/intrusi-nei-tempi-del-congiuntivo.html,it,Intrusi nei tempi del congiuntivo | Esercizi Thuis Italiaans,60,118,1,Intrusi nei tempi del congiuntivo,https://thuisitaliaans.com/esercizi/intrusi-nei-tempi-del-congiuntivo,0,BreadcrumbList+EducationalAudience+ImageObject+LearningResou,,314,6,21,0,1,
esercizi/intrusi-nei-trasporti.html,it,Intrusi nei trasporti | Esercizi Thuis Italiaans,48,138,1,Intrusi nei trasporti,https://thuisitaliaans.com/esercizi/intrusi-nei-trasporti,0,BreadcrumbList+EducationalAudience+ImageObject+LearningResou,,306,6,21,0,1,
esercizi/intrusi-nel-carattere.html,it,Intrusi nel carattere | Esercizi Thuis Italiaans,48,75,1,Intrusi nel carattere,https://thuisitaliaans.com/esercizi/intrusi-nel-carattere,0,BreadcrumbList+EducationalAudience+ImageObject+LearningResou,,315,6,21,0,1,
esercizi/intrusi-nel-giornalismo.html,it,Intrusi nel giornalismo | Esercizi Thuis Italiaans,50,140,1,Intrusi nel giornalismo,https://thuisitaliaans.com/esercizi/intrusi-nel-giornalismo,0,BreadcrumbList+EducationalAudience+ImageObject+LearningResou,,296,6,21,0,1,pagina sottile
esercizi/intrusi-nel-lessico-di-internet.html,it,Intrusi nel lessico di internet | Esercizi Thuis Italiaans,58,137,1,Intrusi nel lessico di internet,https://thuisitaliaans.com/esercizi/intrusi-nel-lessico-di-internet,0,BreadcrumbList+EducationalAudience+ImageObject+LearningResou,,297,6,21,0,1,pagina sottile
esercizi/intrusi-nel-menu.html,it,Intrusi nel menu | Esercizi Thuis Italiaans,43,73,1,Intrusi nel menu,https://thuisitaliaans.com/esercizi/intrusi-nel-menu,0,BreadcrumbList+EducationalAudience+ImageObject+LearningResou,,340,6,21,0,1,
esercizi/intrusi-nella-cucina-regionale.html,it,Intrusi nella cucina regionale | Esercizi Thuis Italiaans,57,71,1,Intrusi nella cucina regionale,https://thuisitaliaans.com/esercizi/intrusi-nella-cucina-regionale,0,BreadcrumbList+EducationalAudience+ImageObject+LearningResou,,308,6,21,0,1,
esercizi/intrusi-nella-pasta.html,it,Intrusi nella pasta | Esercizi Thuis Italiaans,46,127,1,Intrusi nella pasta,https://thuisitaliaans.com/esercizi/intrusi-nella-pasta,0,BreadcrumbList+EducationalAudience+ImageObject+LearningResou,,301,6,21,0,1,
esercizi/intrusi-nella-psicologia-2.html,it,Intrusi nella psicologia (2) | Esercizi Thuis Italiaans,55,141,1,Intrusi nella psicologia (2),https://thuisitaliaans.com/esercizi/intrusi-nella-psicologia-2,0,BreadcrumbList+EducationalAudience+ImageObject+LearningResou,,291,6,21,0,1,pagina sottile
esercizi/intrusi-nella-psicologia.html,it,Intrusi nella psicologia | Esercizi Thuis Italiaans,51,141,1,Intrusi nella psicologia,https://thuisitaliaans.com/esercizi/intrusi-nella-psicologia,0,BreadcrumbList+EducationalAudience+ImageObject+LearningResou,,294,6,21,0,1,pagina sottile
esercizi/intrusi-tra-gli-aggettivi-del-carattere-2.html,it,Intrusi tra gli aggettivi del carattere (2) | Esercizi Thuis Italiaans,70,129,1,Intrusi tra gli aggettivi del carattere (2),https://thuisitaliaans.com/esercizi/intrusi-tra-gli-aggettivi-del-carattere-2,0,BreadcrumbList+EducationalAudience+ImageObject+LearningResou,,293,6,21,0,1,title lungo; pagina sottile
esercizi/intrusi-tra-gli-articoli.html,it,Intrusi tra gli articoli | Esercizi Thuis Italiaans,51,140,1,Intrusi tra gli articoli,https://thuisitaliaans.com/esercizi/intrusi-tra-gli-articoli,0,BreadcrumbList+EducationalAudience+ImageObject+LearningResou,,322,6,21,0,1,
esercizi/intrusi-tra-gli-elettrodomestici.html,it,Intrusi tra gli elettrodomestici | Esercizi Thuis Italiaans,59,127,1,Intrusi tra gli elettrodomestici,https://thuisitaliaans.com/esercizi/intrusi-tra-gli-elettrodomestici,0,BreadcrumbList+EducationalAudience+ImageObject+LearningResou,,286,6,21,0,1,pagina sottile
esercizi/intrusi-tra-gli-oggetti-scolastici.html,it,Intrusi tra gli oggetti scolastici | Esercizi Thuis Italiaans,61,129,1,Intrusi tra gli oggetti scolastici,https://thuisitaliaans.com/esercizi/intrusi-tra-gli-oggetti-scolastici,0,BreadcrumbList+EducationalAudience+ImageObject+LearningResou,,303,6,21,0,1,
esercizi/intrusi-tra-i-connettivi-di-causa.html,it,Intrusi tra i connettivi di causa | Esercizi Thuis Italiaans,60,123,1,Intrusi tra i connettivi di causa,https://thuisitaliaans.com/esercizi/intrusi-tra-i-connettivi-di-causa,0,BreadcrumbList+EducationalAudience+ImageObject+LearningResou,,303,6,21,0,1,
esercizi/intrusi-tra-i-connettivi.html,it,Intrusi tra i connettivi | Esercizi Thuis Italiaans,51,77,1,Intrusi tra i connettivi,https://thuisitaliaans.com/esercizi/intrusi-tra-i-connettivi,0,BreadcrumbList+EducationalAudience+ImageObject+LearningResou,,296,6,21,0,1,pagina sottile
esercizi/intrusi-tra-i-formati-di-pasta.html,it,Intrusi tra i formati di pasta | Esercizi Thuis Italiaans,57,127,1,Intrusi tra i formati di pasta,https://thuisitaliaans.com/esercizi/intrusi-tra-i-formati-di-pasta,0,BreadcrumbList+EducationalAudience+ImageObject+LearningResou,,297,6,21,0,1,pagina sottile
esercizi/intrusi-tra-i-giorni.html,it,Intrusi tra i giorni | Esercizi Thuis Italiaans,47,133,1,Intrusi tra i giorni,https://thuisitaliaans.com/esercizi/intrusi-tra-i-giorni,0,BreadcrumbList+EducationalAudience+ImageObject+LearningResou,,302,6,21,0,1,
esercizi/intrusi-tra-i-mezzi-di-trasporto-2.html,it,Intrusi tra i mezzi di trasporto (2) | Esercizi Thuis Italiaans,63,129,1,Intrusi tra i mezzi di trasporto (2),https://thuisitaliaans.com/esercizi/intrusi-tra-i-mezzi-di-trasporto-2,0,BreadcrumbList+EducationalAudience+ImageObject+LearningResou,,329,6,21,0,1,
esercizi/intrusi-tra-i-mobili.html,it,Intrusi tra i mobili | Esercizi Thuis Italiaans,47,117,1,Intrusi tra i mobili,https://thuisitaliaans.com/esercizi/intrusi-tra-i-mobili,0,BreadcrumbList+EducationalAudience+ImageObject+LearningResou,,299,6,21,0,1,pagina sottile
esercizi/intrusi-tra-i-numeri.html,it,Intrusi tra i numeri | Esercizi Thuis Italiaans,47,117,1,Intrusi tra i numeri,https://thuisitaliaans.com/esercizi/intrusi-tra-i-numeri,0,BreadcrumbList+EducationalAudience+ImageObject+LearningResou,,320,6,21,0,1,
esercizi/intrusi-tra-i-pronomi-personali.html,it,Intrusi tra i pronomi personali | Esercizi Thuis Italiaans,58,128,1,Intrusi tra i pronomi personali,https://thuisitaliaans.com/esercizi/intrusi-tra-i-pronomi-personali,0,BreadcrumbList+EducationalAudience+ImageObject+LearningResou,,323,6,21,0,1,
esercizi/intrusi-tra-i-pronomi.html,it,Intrusi tra i pronomi | Esercizi Thuis Italiaans,48,118,1,Intrusi tra i pronomi,https://thuisitaliaans.com/esercizi/intrusi-tra-i-pronomi,0,BreadcrumbList+EducationalAudience+ImageObject+LearningResou,,324,6,21,0,1,
esercizi/intrusi-tra-i-tempi-verbali.html,it,Intrusi tra i tempi verbali | Esercizi Thuis Italiaans,54,76,1,Intrusi tra i tempi verbali,https://thuisitaliaans.com/esercizi/intrusi-tra-i-tempi-verbali,0,BreadcrumbList+EducationalAudience+ImageObject+LearningResou,,346,6,21,0,1,
esercizi/intrusi-tra-le-bevande.html,it,Intrusi tra le bevande | Esercizi Thuis Italiaans,49,119,1,Intrusi tra le bevande,https://thuisitaliaans.com/esercizi/intrusi-tra-le-bevande,0,BreadcrumbList+EducationalAudience+ImageObject+LearningResou,,323,6,21,0,1,
esercizi/intrusi-tra-le-emozioni.html,it,Intrusi tra le emozioni | Esercizi Thuis Italiaans,50,119,1,Intrusi tra le emozioni,https://thuisitaliaans.com/esercizi/intrusi-tra-le-emozioni,0,BreadcrumbList+EducationalAudience+ImageObject+LearningResou,,314,6,21,0,1,
esercizi/intrusi-tra-le-materie-scolastiche.html,it,Intrusi tra le materie scolastiche | Esercizi Thuis Italiaans,61,130,1,Intrusi tra le materie scolastiche,https://thuisitaliaans.com/esercizi/intrusi-tra-le-materie-scolastiche,0,BreadcrumbList+EducationalAudience+ImageObject+LearningResou,,293,6,21,0,1,pagina sottile
esercizi/intrusi-tra-le-nazionalita.html,it,Intrusi tra le nazionalità | Esercizi Thuis Italiaans,53,123,1,Intrusi tra le nazionalità,https://thuisitaliaans.com/esercizi/intrusi-tra-le-nazionalita,0,BreadcrumbList+EducationalAudience+ImageObject+LearningResou,,286,6,21,0,1,pagina sottile
esercizi/intrusi-tra-le-preposizioni.html,it,Intrusi tra le preposizioni | Esercizi Thuis Italiaans,54,124,1,Intrusi tra le preposizioni,https://thuisitaliaans.com/esercizi/intrusi-tra-le-preposizioni,0,BreadcrumbList+EducationalAudience+ImageObject+LearningResou,,311,6,21,0,1,
esercizi/intrusi-tra-le-stagioni.html,it,Intrusi tra le stagioni | Esercizi Thuis Italiaans,50,130,1,Intrusi tra le stagioni,https://thuisitaliaans.com/esercizi/intrusi-tra-le-stagioni,0,BreadcrumbList+EducationalAudience+ImageObject+LearningResou,,300,6,21,0,1,
esercizi/iscriversi-a-un-corso.html,it,Iscriversi a un corso | Esercizi Thuis Italiaans,48,70,1,Iscriversi a un corso,https://thuisitaliaans.com/esercizi/iscriversi-a-un-corso,0,BreadcrumbList+EducationalAudience+ImageObject+LearningResou,,321,6,21,0,1,
esercizi/itinerari-unesco-e-dialetti.html,it,Itinerari UNESCO e dialetti | Esercizi Thuis Italiaans,54,145,1,Itinerari UNESCO e dialetti,https://thuisitaliaans.com/esercizi/itinerari-unesco-e-dialetti,0,BreadcrumbList+EducationalAudience+ImageObject+LearningResou,,400,6,21,0,1,
esercizi/l-accento-tonico.html,it,L'accento tonico | Esercizi Thuis Italiaans,43,82,1,L'accento tonico,https://thuisitaliaans.com/esercizi/l-accento-tonico,0,BreadcrumbList+EducationalAudience+ImageObject+LearningResou,,313,6,21,0,1,
esercizi/l-aeroporto.html,it,L'aeroporto | Esercizi Thuis Italiaans,38,146,1,L'aeroporto,https://thuisitaliaans.com/esercizi/l-aeroporto,0,BreadcrumbList+EducationalAudience+ImageObject+LearningResou,,327,6,21,0,1,
esercizi/l-olio-d-oliva-italiano.html,it,L'olio d'oliva italiano | Esercizi Thuis Italiaans,50,146,1,L'olio d'oliva italiano,https://thuisitaliaans.com/esercizi/l-olio-d-oliva-italiano,0,BreadcrumbList+EducationalAudience+ImageObject+LearningResou,,377,6,21,0,1,
esercizi/l-ufficio.html,it,Cruciverba: l'ufficio | Esercizi Thuis Italiaans,48,146,1,Cruciverba: l'ufficio,https://thuisitaliaans.com/esercizi/l-ufficio,0,BreadcrumbList+EducationalAudience+ImageObject+LearningResou,,388,6,21,0,2,
esercizi/l-universita-in-italia.html,it,L'università in Italia | Esercizi Thuis Italiaans,49,77,1,L'università in Italia,https://thuisitaliaans.com/esercizi/l-universita-in-italia,0,BreadcrumbList+EducationalAudience+ImageObject+LearningResou,,356,6,21,0,1,
esercizi/l-universita.html,it,L'università | Esercizi Thuis Italiaans,39,131,1,L'università,https://thuisitaliaans.com/esercizi/l-universita,0,BreadcrumbList+EducationalAudience+ImageObject+LearningResou,,332,6,21,0,1,
esercizi/la-camera-da-letto.html,it,La camera da letto | Esercizi Thuis Italiaans,45,73,1,La camera da letto,https://thuisitaliaans.com/esercizi/la-camera-da-letto,0,BreadcrumbList+EducationalAudience+ImageObject+LearningResou,,333,6,21,0,1,
esercizi/la-classe-e-gli-insegnanti.html,it,La classe e gli insegnanti | Esercizi Thuis Italiaans,53,127,1,La classe e gli insegnanti,https://thuisitaliaans.com/esercizi/la-classe-e-gli-insegnanti,0,BreadcrumbList+EducationalAudience+ImageObject+LearningResou,,375,6,21,0,1,
esercizi/la-colazione-italiana.html,it,La colazione italiana | Esercizi Thuis Italiaans,48,136,1,La colazione italiana,https://thuisitaliaans.com/esercizi/la-colazione-italiana,0,BreadcrumbList+EducationalAudience+ImageObject+LearningResou,,348,6,21,0,1,
esercizi/la-comunicazione-non-verbale-avanzata.html,it,La comunicazione non verbale avanzata | Esercizi Thuis Italiaans,64,128,1,La comunicazione non verbale avanzata,https://thuisitaliaans.com/esercizi/la-comunicazione-non-verbale-avanzata,0,BreadcrumbList+EducationalAudience+ImageObject+LearningResou,,388,6,21,0,1,
esercizi/la-concordanza-dei-tempi.html,it,La concordanza dei tempi | Esercizi Thuis Italiaans,51,140,1,La concordanza dei tempi,https://thuisitaliaans.com/esercizi/la-concordanza-dei-tempi,0,BreadcrumbList+EducationalAudience+ImageObject+LearningResou,,363,6,21,0,1,
esercizi/la-descrizione-fisica.html,it,La descrizione fisica | Esercizi Thuis Italiaans,48,127,1,La descrizione fisica,https://thuisitaliaans.com/esercizi/la-descrizione-fisica,0,BreadcrumbList+EducationalAudience+ImageObject+LearningResou,,350,6,21,0,1,
esercizi/la-dieta-e-l-alimentazione.html,it,La dieta e l'alimentazione | Esercizi Thuis Italiaans,53,129,1,La dieta e l'alimentazione,https://thuisitaliaans.com/esercizi/la-dieta-e-l-alimentazione,0,BreadcrumbList+EducationalAudience+ImageObject+LearningResou,,366,6,21,0,1,
esercizi/la-dogana-e-i-documenti-di-viaggio.html,it,La dogana e i documenti di viaggio | Esercizi Thuis Italiaans,61,127,1,La dogana e i documenti di viaggio,https://thuisitaliaans.com/esercizi/la-dogana-e-i-documenti-di-viaggio,0,BreadcrumbList+EducationalAudience+ImageObject+LearningResou,,383,6,21,0,1,
esercizi/la-famiglia-oggi.html,it,La famiglia oggi | Esercizi Thuis Italiaans,43,82,1,La famiglia oggi,https://thuisitaliaans.com/esercizi/la-famiglia-oggi,0,BreadcrumbList+EducationalAudience+ImageObject+LearningResou,,372,6,21,0,1,
esercizi/la-famiglia.html,it,La famiglia | Esercizi Thuis Italiaans,38,131,1,La famiglia,https://thuisitaliaans.com/esercizi/la-famiglia,0,BreadcrumbList+EducationalAudience+ImageObject+LearningResou,,344,6,21,0,2,
esercizi/la-forma-passiva-con-i-modali.html,it,La forma passiva con i modali | Esercizi Thuis Italiaans,56,139,1,La forma passiva con i modali,https://thuisitaliaans.com/esercizi/la-forma-passiva-con-i-modali,0,BreadcrumbList+EducationalAudience+ImageObject+LearningResou,,349,6,21,0,1,
esercizi/la-frutta.html,it,La frutta | Esercizi Thuis Italiaans,36,125,1,La frutta,https://thuisitaliaans.com/esercizi/la-frutta,0,BreadcrumbList+EducationalAudience+ImageObject+LearningResou,,343,6,21,0,1,
esercizi/la-mia-giornata-scolastica.html,it,La mia giornata scolastica | Esercizi Thuis Italiaans,53,70,1,La mia giornata scolastica,https://thuisitaliaans.com/esercizi/la-mia-giornata-scolastica,0,BreadcrumbList+EducationalAudience+ImageObject+LearningResou,,338,6,21,0,1,
esercizi/la-montagna.html,it,La montagna | Esercizi Thuis Italiaans,38,142,1,La montagna,https://thuisitaliaans.com/esercizi/la-montagna,0,BreadcrumbList+EducationalAudience+ImageObject+LearningResou,,326,6,21,0,1,
esercizi/la-nominalizzazione.html,it,La nominalizzazione | Esercizi Thuis Italiaans,46,70,1,La nominalizzazione,https://thuisitaliaans.com/esercizi/la-nominalizzazione,0,BreadcrumbList+EducationalAudience+ImageObject+LearningResou,,399,6,21,0,1,
esercizi/la-pasta-italiana.html,it,La pasta italiana | Esercizi Thuis Italiaans,44,146,1,La pasta italiana,https://thuisitaliaans.com/esercizi/la-pasta-italiana,0,BreadcrumbList+EducationalAudience+ImageObject+LearningResou,,336,6,21,0,1,
esercizi/la-patente-di-guida-in-italia.html,it,La patente di guida in Italia | Esercizi Thuis Italiaans,56,74,1,La patente di guida in Italia,https://thuisitaliaans.com/esercizi/la-patente-di-guida-in-italia,0,BreadcrumbList+EducationalAudience+ImageObject+LearningResou,,394,6,21,0,1,
esercizi/la-pizza-storia-e-tradizione.html,it,La pizza: storia e tradizione | Esercizi Thuis Italiaans,56,144,1,La pizza: storia e tradizione,https://thuisitaliaans.com/esercizi/la-pizza-storia-e-tradizione,0,BreadcrumbList+EducationalAudience+ImageObject+LearningResou,,399,6,21,0,1,
esercizi/la-routine-della-sera.html,it,La routine della sera | Esercizi Thuis Italiaans,48,133,1,La routine della sera,https://thuisitaliaans.com/esercizi/la-routine-della-sera,0,BreadcrumbList+EducationalAudience+ImageObject+LearningResou,,338,6,21,0,1,
esercizi/la-scuola-in-italia.html,it,La scuola in Italia | Esercizi Thuis Italiaans,46,74,1,La scuola in Italia,https://thuisitaliaans.com/esercizi/la-scuola-in-italia,0,BreadcrumbList+EducationalAudience+ImageObject+LearningResou,,379,6,21,0,1,
esercizi/la-televisione-pubblica-italiana.html,it,La televisione pubblica italiana | Esercizi Thuis Italiaans,59,78,1,La televisione pubblica italiana,https://thuisitaliaans.com/esercizi/la-televisione-pubblica-italiana,0,BreadcrumbList+EducationalAudience+ImageObject+LearningResou,,370,6,21,0,1,
esercizi/la-vita-in-condominio.html,it,La vita in condominio | Esercizi Thuis Italiaans,48,77,1,La vita in condominio,https://thuisitaliaans.com/esercizi/la-vita-in-condominio,0,BreadcrumbList+EducationalAudience+ImageObject+LearningResou,,385,6,21,0,1,
esercizi/lamentarsi-con-il-vicino-per-il-rumore.html,it,Lamentarsi con il vicino per il rumore | Esercizi Thuis Italiaans,65,73,1,Lamentarsi con il vicino per il rumore,https://thuisitaliaans.com/esercizi/lamentarsi-con-il-vicino-per-il-rumore,0,BreadcrumbList+EducationalAudience+ImageObject+LearningResou,,328,6,21,0,1,
esercizi/latinismi-comuni-in-italiano.html,it,Latinismi comuni in italiano | Esercizi Thuis Italiaans,55,71,1,Latinismi comuni in italiano,https://thuisitaliaans.com/esercizi/latinismi-comuni-in-italiano,0,BreadcrumbList+EducationalAudience+ImageObject+LearningResou,,351,6,21,0,1,
esercizi/le-abitudini-degli-italiani.html,it,Le abitudini degli italiani | Esercizi Thuis Italiaans,54,84,1,Le abitudini degli italiani,https://thuisitaliaans.com/esercizi/le-abitudini-degli-italiani,0,BreadcrumbList+EducationalAudience+ImageObject+LearningResou,,378,6,21,0,1,
esercizi/le-buone-maniere-a-tavola.html,it,Le buone maniere a tavola | Esercizi Thuis Italiaans,52,81,1,Le buone maniere a tavola,https://thuisitaliaans.com/esercizi/le-buone-maniere-a-tavola,0,BreadcrumbList+EducationalAudience+ImageObject+LearningResou,,392,6,21,0,1,
esercizi/le-citta-d-arte-italiane.html,it,Le città d'arte italiane | Esercizi Thuis Italiaans,51,70,1,Le città d'arte italiane,https://thuisitaliaans.com/esercizi/le-citta-d-arte-italiane,0,BreadcrumbList+EducationalAudience+ImageObject+LearningResou,,372,6,21,0,1,
esercizi/le-dolomiti.html,it,Le Dolomiti | Esercizi Thuis Italiaans,38,134,1,Le Dolomiti,https://thuisitaliaans.com/esercizi/le-dolomiti,0,BreadcrumbList+EducationalAudience+ImageObject+LearningResou,,366,6,21,0,1,
esercizi/le-emozioni.html,it,Le emozioni | Esercizi Thuis Italiaans,38,136,1,Le emozioni,https://thuisitaliaans.com/esercizi/le-emozioni,0,BreadcrumbList+EducationalAudience+ImageObject+LearningResou,,374,6,21,0,1,
esercizi/le-esclamazioni-con-che.html,it,Le esclamazioni con che | Esercizi Thuis Italiaans,50,134,1,Le esclamazioni con che,https://thuisitaliaans.com/esercizi/le-esclamazioni-con-che,0,BreadcrumbList+EducationalAudience+ImageObject+LearningResou,,337,6,21,0,1,
esercizi/le-espressioni-del-viso.html,it,Le espressioni del viso | Esercizi Thuis Italiaans,50,136,1,Le espressioni del viso,https://thuisitaliaans.com/esercizi/le-espressioni-del-viso,0,BreadcrumbList+EducationalAudience+ImageObject+LearningResou,,368,6,21,0,1,
esercizi/le-espressioni-di-tempo-con-fa-e-tra.html,it,Le espressioni di tempo con fa e tra | Esercizi Thuis Italiaans,63,75,1,Le espressioni di tempo con fa e tra,https://thuisitaliaans.com/esercizi/le-espressioni-di-tempo-con-fa-e-tra,0,BreadcrumbList+EducationalAudience+ImageObject+LearningResou,,360,6,21,0,1,
esercizi/le-fasi-della-giornata.html,it,Le fasi della giornata | Esercizi Thuis Italiaans,49,139,1,Le fasi della giornata,https://thuisitaliaans.com/esercizi/le-fasi-della-giornata,0,BreadcrumbList+EducationalAudience+ImageObject+LearningResou,,362,6,21,0,1,
esercizi/le-fasi-di-una-relazione.html,it,Le fasi di una relazione | Esercizi Thuis Italiaans,51,145,1,Le fasi di una relazione,https://thuisitaliaans.com/esercizi/le-fasi-di-una-relazione,0,BreadcrumbList+EducationalAudience+ImageObject+LearningResou,,378,6,21,0,1,
esercizi/le-feste-italiane.html,it,Le feste italiane | Esercizi Thuis Italiaans,44,82,1,Le feste italiane,https://thuisitaliaans.com/esercizi/le-feste-italiane,0,BreadcrumbList+EducationalAudience+ImageObject+LearningResou,,394,6,21,0,1,
esercizi/le-parti-del-corpo.html,it,Le parti del corpo | Esercizi Thuis Italiaans,45,139,1,Le parti del corpo,https://thuisitaliaans.com/esercizi/le-parti-del-corpo,0,BreadcrumbList+EducationalAudience+ImageObject+LearningResou,,355,6,21,0,1,
esercizi/le-preposizioni-con-gli-sport.html,it,Le preposizioni con gli sport | Esercizi Thuis Italiaans,56,130,1,Le preposizioni con gli sport,https://thuisitaliaans.com/esercizi/le-preposizioni-con-gli-sport,0,BreadcrumbList+EducationalAudience+ImageObject+LearningResou,,365,6,21,0,1,
esercizi/le-preposizioni-con-i-mesi-e-le-stagioni.html,it,Le preposizioni con i mesi e le stagioni | Esercizi Thuis Italiaans,67,144,1,Le preposizioni con i mesi e le stagioni,https://thuisitaliaans.com/esercizi/le-preposizioni-con-i-mesi-e-le-stagioni,0,BreadcrumbList+EducationalAudience+ImageObject+LearningResou,,386,6,21,0,1,title lungo
esercizi/le-preposizioni-di-luogo-sopra-sotto-dentro.html,it,"Le preposizioni di luogo (sopra, sotto, dentro) | Esercizi Thuis Italiaans",74,133,1,"Le preposizioni di luogo (sopra, sotto, dentro)",https://thuisitaliaans.com/esercizi/le-preposizioni-di-luogo-sopra-sotto-dentro,0,BreadcrumbList+EducationalAudience+ImageObject+LearningResou,,362,6,21,0,1,title lungo
esercizi/le-professioni-sanitarie.html,it,Le professioni sanitarie | Esercizi Thuis Italiaans,51,132,1,Le professioni sanitarie,https://thuisitaliaans.com/esercizi/le-professioni-sanitarie,0,BreadcrumbList+EducationalAudience+ImageObject+LearningResou,,371,6,21,0,1,
esercizi/le-proposizioni-concessive-con-pur-gerundio.html,it,Le proposizioni concessive con pur + gerundio | Esercizi Thuis Italiaans,72,75,1,Le proposizioni concessive con pur + gerundio,https://thuisitaliaans.com/esercizi/le-proposizioni-concessive-con-pur-gerundio,0,BreadcrumbList+EducationalAudience+ImageObject+LearningResou,,356,6,21,0,1,title lungo
esercizi/le-regioni-italiane.html,it,Le regioni italiane | Esercizi Thuis Italiaans,46,142,1,Le regioni italiane,https://thuisitaliaans.com/esercizi/le-regioni-italiane,0,BreadcrumbList+EducationalAudience+ImageObject+LearningResou,,360,6,21,0,1,
esercizi/le-stagioni.html,it,Le stagioni | Esercizi Thuis Italiaans,38,74,1,Le stagioni,https://thuisitaliaans.com/esercizi/le-stagioni,0,BreadcrumbList+EducationalAudience+ImageObject+LearningResou,,350,6,21,0,1,
esercizi/le-stanze-della-casa.html,it,Le stanze della casa | Esercizi Thuis Italiaans,47,136,1,Le stanze della casa,https://thuisitaliaans.com/esercizi/le-stanze-della-casa,0,BreadcrumbList+EducationalAudience+ImageObject+LearningResou,,381,6,21,0,1,
esercizi/le-stanze-di-casa.html,it,Le stanze di casa | Esercizi Thuis Italiaans,44,141,1,Le stanze di casa,https://thuisitaliaans.com/esercizi/le-stanze-di-casa,0,BreadcrumbList+EducationalAudience+ImageObject+LearningResou,,337,6,21,0,1,
esercizi/le-superstizioni-italiane.html,it,Le superstizioni italiane | Esercizi Thuis Italiaans,52,71,1,Le superstizioni italiane,https://thuisitaliaans.com/esercizi/le-superstizioni-italiane,0,BreadcrumbList+EducationalAudience+ImageObject+LearningResou,,365,6,21,0,1,
esercizi/le-tappe-della-crescita.html,it,Le tappe della crescita | Esercizi Thuis Italiaans,50,131,1,Le tappe della crescita,https://thuisitaliaans.com/esercizi/le-tappe-della-crescita,0,BreadcrumbList+EducationalAudience+ImageObject+LearningResou,,380,6,21,0,1,
esercizi/le-vacanze-estive.html,it,Le vacanze estive | Esercizi Thuis Italiaans,44,78,1,Le vacanze estive,https://thuisitaliaans.com/esercizi/le-vacanze-estive,0,BreadcrumbList+EducationalAudience+ImageObject+LearningResou,,393,6,21,0,1,
esercizi/le-vacanze-scolastiche.html,it,Le vacanze scolastiche | Esercizi Thuis Italiaans,49,77,1,Le vacanze scolastiche,https://thuisitaliaans.com/esercizi/le-vacanze-scolastiche,0,BreadcrumbList+EducationalAudience+ImageObject+LearningResou,,376,6,21,0,1,
esercizi/letteratura-e-hobby.html,it,Letteratura e hobby | Esercizi Thuis Italiaans,46,79,1,Letteratura e hobby,https://thuisitaliaans.com/esercizi/letteratura-e-hobby,0,BreadcrumbList+EducationalAudience+ImageObject+LearningResou,,334,6,21,0,1,
esercizi/lo-la-li-le-come-pronomi-diretti.html,it,"Lo, la, li, le come pronomi diretti | Esercizi Thuis Italiaans",62,137,1,"Lo, la, li, le come pronomi diretti",https://thuisitaliaans.com/esercizi/lo-la-li-le-come-pronomi-diretti,0,BreadcrumbList+EducationalAudience+ImageObject+LearningResou,,352,6,21,0,1,
esercizi/lo-smart-working-in-italia.html,it,Lo Smart Working in Italia | Esercizi Thuis Italiaans,53,72,1,Lo Smart Working in Italia,https://thuisitaliaans.com/esercizi/lo-smart-working-in-italia,0,BreadcrumbList+EducationalAudience+ImageObject+LearningResou,,380,6,21,0,1,
esercizi/lo-spopolamento-dei-borghi.html,it,Lo spopolamento dei borghi | Esercizi Thuis Italiaans,53,81,1,Lo spopolamento dei borghi,https://thuisitaliaans.com/esercizi/lo-spopolamento-dei-borghi,0,BreadcrumbList+EducationalAudience+ImageObject+LearningResou,,382,6,21,0,1,
esercizi/lo-sport.html,it,Lo sport | Esercizi Thuis Italiaans,35,140,1,Lo sport,https://thuisitaliaans.com/esercizi/lo-sport,0,BreadcrumbList+EducationalAudience+ImageObject+LearningResou,,330,6,21,0,1,
esercizi/materia-scientifica-o-umanistica.html,it,Materia scientifica o umanistica | Esercizi Thuis Italiaans,59,138,1,Materia scientifica o umanistica,https://thuisitaliaans.com/esercizi/materia-scientifica-o-umanistica,0,BreadcrumbList+EducationalAudience+ImageObject+LearningResou,,325,6,21,0,1,
esercizi/materie-scolastiche.html,it,Materie scolastiche | Esercizi Thuis Italiaans,46,129,1,Materie scolastiche,https://thuisitaliaans.com/esercizi/materie-scolastiche,0,BreadcrumbList+EducationalAudience+ImageObject+LearningResou,,376,6,21,0,1,
esercizi/materie-universitarie-avanzate.html,it,Materie universitarie avanzate | Esercizi Thuis Italiaans,57,132,1,Materie universitarie avanzate,https://thuisitaliaans.com/esercizi/materie-universitarie-avanzate,0,BreadcrumbList+EducationalAudience+ImageObject+LearningResou,,356,6,21,0,1,
esercizi/materie-universitarie.html,it,Materie universitarie | Esercizi Thuis Italiaans,48,142,1,Materie universitarie,https://thuisitaliaans.com/esercizi/materie-universitarie,0,BreadcrumbList+EducationalAudience+ImageObject+LearningResou,,327,6,21,0,1,
esercizi/membri-della-famiglia-allargata.html,it,Membri della famiglia allargata | Esercizi Thuis Italiaans,58,76,1,Membri della famiglia allargata,https://thuisitaliaans.com/esercizi/membri-della-famiglia-allargata,0,BreadcrumbList+EducationalAudience+ImageObject+LearningResou,,345,6,21,0,1,
esercizi/mesi-dell-anno.html,it,Mesi dell'anno | Esercizi Thuis Italiaans,41,137,1,Mesi dell'anno,https://thuisitaliaans.com/esercizi/mesi-dell-anno,0,BreadcrumbList+EducationalAudience+ImageObject+LearningResou,,322,6,21,0,1,
esercizi/metti-in-ordine-giornata.html,it,Metti in ordine: la giornata di Marco | Esercizi Thuis Italiaans,64,137,1,Metti in ordine: la giornata di Marco,https://thuisitaliaans.com/esercizi/metti-in-ordine-giornata,0,BreadcrumbList+EducationalAudience+ImageObject+LearningResou,,399,6,21,0,1,
esercizi/mezzi-di-trasporto.html,it,Mezzi di trasporto | Esercizi Thuis Italiaans,45,127,1,Mezzi di trasporto,https://thuisitaliaans.com/esercizi/mezzi-di-trasporto,0,BreadcrumbList+EducationalAudience+ImageObject+LearningResou,,329,6,21,0,2,
esercizi/mezzo-di-trasporto-veloce-o-lento.html,it,Mezzo di trasporto veloce o lento | Esercizi Thuis Italiaans,60,141,1,Mezzo di trasporto veloce o lento,https://thuisitaliaans.com/esercizi/mezzo-di-trasporto-veloce-o-lento,0,BreadcrumbList+EducationalAudience+ImageObject+LearningResou,,346,6,21,0,1,
esercizi/mobile-o-elettrodomestico.html,it,Mobile o elettrodomestico | Esercizi Thuis Italiaans,52,135,1,Mobile o elettrodomestico,https://thuisitaliaans.com/esercizi/mobile-o-elettrodomestico,0,BreadcrumbList+EducationalAudience+ImageObject+LearningResou,,320,6,21,0,1,
esercizi/moda-e-tessuti.html,it,Moda e tessuti | Esercizi Thuis Italiaans,41,121,1,Moda e tessuti,https://thuisitaliaans.com/esercizi/moda-e-tessuti,0,BreadcrumbList+EducationalAudience+ImageObject+LearningResou,,315,6,21,0,2,
esercizi/modi-di-dire-con-gli-animali.html,it,Modi di dire con gli animali | Esercizi Thuis Italiaans,55,82,1,Modi di dire con gli animali,https://thuisitaliaans.com/esercizi/modi-di-dire-con-gli-animali,0,BreadcrumbList+EducationalAudience+ImageObject+LearningResou,,353,6,21,0,1,
esercizi/modi-di-dire-con-il-tempo.html,it,Modi di dire con il tempo | Esercizi Thuis Italiaans,52,142,1,Modi di dire con il tempo,https://thuisitaliaans.com/esercizi/modi-di-dire-con-il-tempo,0,BreadcrumbList+EducationalAudience+ImageObject+LearningResou,,357,6,21,0,1,
esercizi/modi-di-dire-sul-carattere.html,it,Modi di dire sul carattere | Esercizi Thuis Italiaans,53,135,1,Modi di dire sul carattere,https://thuisitaliaans.com/esercizi/modi-di-dire-sul-carattere,0,BreadcrumbList+EducationalAudience+ImageObject+LearningResou,,401,6,21,0,1,
esercizi/molto-e-troppo-come-aggettivi.html,it,Molto e troppo come aggettivi | Esercizi Thuis Italiaans,56,137,1,Molto e troppo come aggettivi,https://thuisitaliaans.com/esercizi/molto-e-troppo-come-aggettivi,0,BreadcrumbList+EducationalAudience+ImageObject+LearningResou,,357,6,21,0,1,
esercizi/molto-tanto-troppo.html,it,"Molto, tanto, troppo | Esercizi Thuis Italiaans",47,126,1,"Molto, tanto, troppo",https://thuisitaliaans.com/esercizi/molto-tanto-troppo,0,BreadcrumbList+EducationalAudience+ImageObject+LearningResou,,346,6,21,0,1,
esercizi/monumenti-italiani.html,it,Monumenti italiani | Esercizi Thuis Italiaans,45,146,1,Monumenti italiani,https://thuisitaliaans.com/esercizi/monumenti-italiani,0,BreadcrumbList+EducationalAudience+ImageObject+LearningResou,,332,6,21,0,1,
esercizi/musei-e-patrimonio-culturale.html,it,Musei e patrimonio culturale | Esercizi Thuis Italiaans,55,88,1,Musei e patrimonio culturale,https://thuisitaliaans.com/esercizi/musei-e-patrimonio-culturale,0,BreadcrumbList+EducationalAudience+ImageObject+LearningResou,,336,6,21,0,1,
esercizi/ne-con-espressioni-di-quantita.html,it,Ne con espressioni di quantità | Esercizi Thuis Italiaans,57,146,1,Ne con espressioni di quantità,https://thuisitaliaans.com/esercizi/ne-con-espressioni-di-quantita,0,BreadcrumbList+EducationalAudience+ImageObject+LearningResou,,388,6,21,0,1,
esercizi/ne-partitivo.html,it,Ne partitivo | Esercizi Thuis Italiaans,39,131,1,Ne partitivo,https://thuisitaliaans.com/esercizi/ne-partitivo,0,BreadcrumbList+EducationalAudience+ImageObject+LearningResou,,338,6,21,0,1,
esercizi/negoziare-uno-stipendio.html,it,Negoziare uno stipendio | Esercizi Thuis Italiaans,50,138,1,Negoziare uno stipendio,https://thuisitaliaans.com/esercizi/negoziare-uno-stipendio,0,BreadcrumbList+EducationalAudience+ImageObject+LearningResou,,320,6,21,0,1,
esercizi/neologismi-digitali.html,it,Neologismi digitali | Esercizi Thuis Italiaans,46,140,1,Neologismi digitali,https://thuisitaliaans.com/esercizi/neologismi-digitali,0,BreadcrumbList+EducationalAudience+ImageObject+LearningResou,,345,6,21,0,1,
esercizi/neologismi-e-gerghi-2.html,it,Neologismi e gerghi (2) | Esercizi Thuis Italiaans,50,73,1,Neologismi e gerghi (2),https://thuisitaliaans.com/esercizi/neologismi-e-gerghi-2,0,BreadcrumbList+EducationalAudience+ImageObject+LearningResou,,308,6,21,0,1,
esercizi/neologismi-e-gerghi.html,it,Neologismi e gerghi | Esercizi Thuis Italiaans,46,91,1,Neologismi e gerghi,https://thuisitaliaans.com/esercizi/neologismi-e-gerghi,0,BreadcrumbList+EducationalAudience+ImageObject+LearningResou,,370,6,21,0,1,
esercizi/nome-maschile-o-femminile-2.html,it,Nome maschile o femminile (2) | Esercizi Thuis Italiaans,56,129,1,Nome maschile o femminile (2),https://thuisitaliaans.com/esercizi/nome-maschile-o-femminile-2,0,BreadcrumbList+EducationalAudience+ImageObject+LearningResou,,342,6,21,0,1,
esercizi/numeri-da-1-a-10.html,it,Numeri da 1 a 10 | Esercizi Thuis Italiaans,43,139,1,Numeri da 1 a 10,https://thuisitaliaans.com/esercizi/numeri-da-1-a-10,0,BreadcrumbList+EducationalAudience+ImageObject+LearningResou,,331,6,21,0,1,
esercizi/numeri-e-identikit-personale.html,it,Numeri e identikit personale | Esercizi Thuis Italiaans,55,146,1,Numeri e identikit personale,https://thuisitaliaans.com/esercizi/numeri-e-identikit-personale,0,BreadcrumbList+EducationalAudience+ImageObject+LearningResou,,369,6,21,0,1,
esercizi/numeri-pari-o-dispari-in-lettere.html,it,Numeri pari o dispari (in lettere) | Esercizi Thuis Italiaans,61,131,1,Numeri pari o dispari (in lettere),https://thuisitaliaans.com/esercizi/numeri-pari-o-dispari-in-lettere,0,BreadcrumbList+EducationalAudience+ImageObject+LearningResou,,333,6,21,0,1,
esercizi/oggetti-del-bagno.html,it,Oggetti del bagno | Esercizi Thuis Italiaans,44,138,1,Oggetti del bagno,https://thuisitaliaans.com/esercizi/oggetti-del-bagno,0,BreadcrumbList+EducationalAudience+ImageObject+LearningResou,,337,6,21,0,1,
esercizi/oggetti-dell-aula.html,it,Oggetti dell'aula | Esercizi Thuis Italiaans,44,72,1,Oggetti dell'aula,https://thuisitaliaans.com/esercizi/oggetti-dell-aula,0,BreadcrumbList+EducationalAudience+ImageObject+LearningResou,,339,6,21,0,1,
esercizi/oggetti-di-casa.html,it,Oggetti di casa | Esercizi Thuis Italiaans,42,133,1,Oggetti di casa,https://thuisitaliaans.com/esercizi/oggetti-di-casa,0,BreadcrumbList+EducationalAudience+ImageObject+LearningResou,,331,6,21,0,1,
esercizi/ordinare-al-bar.html,it,Ordinare al bar | Esercizi Thuis Italiaans,42,139,1,Ordinare al bar,https://thuisitaliaans.com/esercizi/ordinare-al-bar,0,BreadcrumbList+EducationalAudience+ImageObject+LearningResou,,342,6,21,0,1,
esercizi/ordinare-la-pizza-a-domicilio.html,it,Ordinare la pizza a domicilio | Esercizi Thuis Italiaans,56,80,1,Ordinare la pizza a domicilio,https://thuisitaliaans.com/esercizi/ordinare-la-pizza-a-domicilio,0,BreadcrumbList+EducationalAudience+ImageObject+LearningResou,,324,6,21,0,1,
esercizi/ordinare-un-gelato.html,it,Ordinare un gelato | Esercizi Thuis Italiaans,45,132,1,Ordinare un gelato,https://thuisitaliaans.com/esercizi/ordinare-un-gelato,0,BreadcrumbList+EducationalAudience+ImageObject+LearningResou,,331,6,21,0,1,
esercizi/organizzare-un-trasloco.html,it,Organizzare un trasloco | Esercizi Thuis Italiaans,50,131,1,Organizzare un trasloco,https://thuisitaliaans.com/esercizi/organizzare-un-trasloco,0,BreadcrumbList+EducationalAudience+ImageObject+LearningResou,,318,6,21,0,1,
esercizi/parla-dei-tuoi-film-o-serie-preferiti.html,it,Parla dei tuoi film o serie preferiti | Esercizi Thuis Italiaans,64,70,1,Parla dei tuoi film o serie preferiti,https://thuisitaliaans.com/esercizi/parla-dei-tuoi-film-o-serie-preferiti,0,BreadcrumbList+EducationalAudience+ImageObject+LearningResou,,344,6,21,0,1,
esercizi/parla-dei-tuoi-studi-o-del-tuo-lavoro.html,it,Parla dei tuoi studi o del tuo lavoro | Esercizi Thuis Italiaans,64,82,1,Parla dei tuoi studi o del tuo lavoro,https://thuisitaliaans.com/esercizi/parla-dei-tuoi-studi-o-del-tuo-lavoro,0,BreadcrumbList+EducationalAudience+ImageObject+LearningResou,,346,6,21,0,1,
esercizi/parla-dei-tuoi-viaggi.html,it,Parla dei tuoi viaggi | Esercizi Thuis Italiaans,48,139,1,Parla dei tuoi viaggi,https://thuisitaliaans.com/esercizi/parla-dei-tuoi-viaggi,0,BreadcrumbList+EducationalAudience+ImageObject+LearningResou,,368,6,21,0,1,
esercizi/parla-del-cibo-che-ami.html,it,Parla del cibo che ami | Esercizi Thuis Italiaans,49,137,1,Parla del cibo che ami,https://thuisitaliaans.com/esercizi/parla-del-cibo-che-ami,0,BreadcrumbList+EducationalAudience+ImageObject+LearningResou,,337,6,21,0,1,
esercizi/parla-della-tua-casa-ideale.html,it,Parla della tua casa ideale | Esercizi Thuis Italiaans,54,146,1,Parla della tua casa ideale,https://thuisitaliaans.com/esercizi/parla-della-tua-casa-ideale,0,BreadcrumbList+EducationalAudience+ImageObject+LearningResou,,333,6,21,0,1,
esercizi/parla-della-tua-citta.html,it,Parla della tua città | Esercizi Thuis Italiaans,48,144,1,Parla della tua città,https://thuisitaliaans.com/esercizi/parla-della-tua-citta,0,BreadcrumbList+EducationalAudience+ImageObject+LearningResou,,333,6,21,0,1,
esercizi/parla-delle-tue-emozioni.html,it,Parla delle tue emozioni | Esercizi Thuis Italiaans,51,143,1,Parla delle tue emozioni,https://thuisitaliaans.com/esercizi/parla-delle-tue-emozioni,0,BreadcrumbList+EducationalAudience+ImageObject+LearningResou,,323,6,21,0,1,
esercizi/parla-di-te-stesso.html,it,Parla di te stesso | Esercizi Thuis Italiaans,45,137,1,Parla di te stesso,https://thuisitaliaans.com/esercizi/parla-di-te-stesso,0,BreadcrumbList+EducationalAudience+ImageObject+LearningResou,,341,6,21,0,1,
esercizi/parti-del-corpo-sopra-o-sotto-la-cintura.html,it,Parti del corpo: sopra o sotto la cintura | Esercizi Thuis Italiaans,68,139,1,Parti del corpo: sopra o sotto la cintura,https://thuisitaliaans.com/esercizi/parti-del-corpo-sopra-o-sotto-la-cintura,0,BreadcrumbList+EducationalAudience+ImageObject+LearningResou,,343,6,21,0,1,title lungo
esercizi/particella-ci-con-verbi-crederci-pensarci.html,it,"Particella ci con verbi (crederci, pensarci) | Esercizi Thuis Italiaans",71,141,1,"Particella ci con verbi (crederci, pensarci)",https://thuisitaliaans.com/esercizi/particella-ci-con-verbi-crederci-pensarci,0,BreadcrumbList+EducationalAudience+ImageObject+LearningResou,,361,6,21,0,1,title lungo
esercizi/passato-prossimo-ausiliare-giusto.html,it,Passato prossimo: ausiliare giusto | Esercizi Thuis Italiaans,61,80,1,Passato prossimo: ausiliare giusto,https://thuisitaliaans.com/esercizi/passato-prossimo-ausiliare-giusto,0,BreadcrumbList+EducationalAudience+ImageObject+LearningResou,,363,6,21,0,1,
esercizi/passato-prossimo-con-verbi-di-movimento.html,it,Passato prossimo con verbi di movimento | Esercizi Thuis Italiaans,66,101,1,Passato prossimo con verbi di movimento,https://thuisitaliaans.com/esercizi/passato-prossimo-con-verbi-di-movimento,0,BreadcrumbList+EducationalAudience+ImageObject+LearningResou,,384,6,21,0,1,title lungo
esercizi/passato-prossimo-imperfetto.html,it,Passato prossimo o imperfetto? | Esercizi Thuis Italiaans,57,93,1,Passato prossimo o imperfetto?,https://thuisitaliaans.com/esercizi/passato-prossimo-imperfetto,0,BreadcrumbList+EducationalAudience+ImageObject+LearningResou,,423,6,21,0,2,
esercizi/passato-prossimo-le-prime-frasi.html,it,Passato prossimo: le prime frasi | Esercizi Thuis Italiaans,59,85,1,Passato prossimo: le prime frasi,https://thuisitaliaans.com/esercizi/passato-prossimo-le-prime-frasi,0,BreadcrumbList+EducationalAudience+ImageObject+LearningResou,,374,6,21,0,1,
esercizi/passato-prossimo-o-imperfetto-la-scelta.html,it,Passato prossimo o imperfetto: la scelta | Esercizi Thuis Italiaans,67,85,1,Passato prossimo o imperfetto: la scelta,https://thuisitaliaans.com/esercizi/passato-prossimo-o-imperfetto-la-scelta,0,BreadcrumbList+EducationalAudience+ImageObject+LearningResou,,367,6,21,0,1,title lungo
esercizi/perdere-un-bagaglio-in-aeroporto.html,it,Perdere un bagaglio in aeroporto | Esercizi Thuis Italiaans,59,71,1,Perdere un bagaglio in aeroporto,https://thuisitaliaans.com/esercizi/perdere-un-bagaglio-in-aeroporto,0,BreadcrumbList+EducationalAudience+ImageObject+LearningResou,,326,6,21,0,1,
esercizi/periodo-ipotetico-dell-irrealta-3-tipo.html,it,Periodo ipotetico dell'irrealtà (3° tipo) | Esercizi Thuis Italiaans,68,77,1,Periodo ipotetico dell'irrealtà (3° tipo),https://thuisitaliaans.com/esercizi/periodo-ipotetico-dell-irrealta-3-tipo,0,BreadcrumbList+EducationalAudience+ImageObject+LearningResou,,346,6,21,0,1,title lungo
esercizi/periodo-ipotetico.html,it,Periodo ipotetico | Esercizi Thuis Italiaans,44,140,1,Periodo ipotetico,https://thuisitaliaans.com/esercizi/periodo-ipotetico,0,BreadcrumbList+EducationalAudience+ImageObject+LearningResou,,390,6,21,0,1,
esercizi/piatti-al-ristorante.html,it,Piatti al ristorante | Esercizi Thuis Italiaans,47,71,1,Piatti al ristorante,https://thuisitaliaans.com/esercizi/piatti-al-ristorante,0,BreadcrumbList+EducationalAudience+ImageObject+LearningResou,,323,6,21,0,1,
esercizi/piatto-dolce-o-salato-2.html,it,Piatto dolce o salato (2) | Esercizi Thuis Italiaans,52,116,1,Piatto dolce o salato (2),https://thuisitaliaans.com/esercizi/piatto-dolce-o-salato-2,0,BreadcrumbList+EducationalAudience+ImageObject+LearningResou,,320,6,21,0,1,
esercizi/plurali-irregolari.html,it,Plurali irregolari | Esercizi Thuis Italiaans,45,125,1,Plurali irregolari,https://thuisitaliaans.com/esercizi/plurali-irregolari,0,BreadcrumbList+EducationalAudience+ImageObject+LearningResou,,368,6,21,0,1,
esercizi/politica-e-cittadinanza.html,it,Politica e cittadinanza | Esercizi Thuis Italiaans,50,72,1,Politica e cittadinanza,https://thuisitaliaans.com/esercizi/politica-e-cittadinanza,0,BreadcrumbList+EducationalAudience+ImageObject+LearningResou,,380,6,21,0,1,
esercizi/prenotare-un-hotel-per-telefono.html,it,Prenotare un hotel per telefono | Esercizi Thuis Italiaans,58,146,1,Prenotare un hotel per telefono,https://thuisitaliaans.com/esercizi/prenotare-un-hotel-per-telefono,0,BreadcrumbList+EducationalAudience+ImageObject+LearningResou,,328,6,21,0,1,
esercizi/prenotare-un-tavolo-al-ristorante.html,it,Prenotare un tavolo al ristorante | Esercizi Thuis Italiaans,60,70,1,Prenotare un tavolo al ristorante,https://thuisitaliaans.com/esercizi/prenotare-un-tavolo-al-ristorante,0,BreadcrumbList+EducationalAudience+ImageObject+LearningResou,,320,6,21,0,1,
esercizi/preposizione-di-tempo-o-di-luogo.html,it,Preposizione di tempo o di luogo | Esercizi Thuis Italiaans,59,141,1,Preposizione di tempo o di luogo,https://thuisitaliaans.com/esercizi/preposizione-di-tempo-o-di-luogo,0,BreadcrumbList+EducationalAudience+ImageObject+LearningResou,,346,6,21,0,1,
esercizi/preposizione-in-o-a-con-le-citta-paesi.html,it,Preposizione in o a con le città/paesi | Esercizi Thuis Italiaans,65,136,1,Preposizione in o a con le città/paesi,https://thuisitaliaans.com/esercizi/preposizione-in-o-a-con-le-citta-paesi,0,BreadcrumbList+EducationalAudience+ImageObject+LearningResou,,328,6,21,0,1,
esercizi/preposizioni-articolate.html,it,Preposizioni articolate | Esercizi Thuis Italiaans,50,87,1,Preposizioni articolate,https://thuisitaliaans.com/esercizi/preposizioni-articolate,0,BreadcrumbList+EducationalAudience+ImageObject+LearningResou,,364,6,21,0,1,
esercizi/preposizioni-comuni.html,it,Preposizioni comuni | Esercizi Thuis Italiaans,46,141,1,Preposizioni comuni,https://thuisitaliaans.com/esercizi/preposizioni-comuni,0,BreadcrumbList+EducationalAudience+ImageObject+LearningResou,,348,6,21,0,1,
esercizi/preposizioni-con-i-mezzi-di-trasporto.html,it,Preposizioni con i mezzi di trasporto | Esercizi Thuis Italiaans,64,137,1,Preposizioni con i mezzi di trasporto,https://thuisitaliaans.com/esercizi/preposizioni-con-i-mezzi-di-trasporto,0,BreadcrumbList+EducationalAudience+ImageObject+LearningResou,,383,6,21,0,1,
esercizi/preposizioni-di-luogo.html,it,Preposizioni di luogo | Esercizi Thuis Italiaans,48,130,1,Preposizioni di luogo,https://thuisitaliaans.com/esercizi/preposizioni-di-luogo,0,BreadcrumbList+EducationalAudience+ImageObject+LearningResou,,348,6,21,0,1,
esercizi/preposizioni-di-tempo.html,it,Preposizioni di tempo | Esercizi Thuis Italiaans,48,133,1,Preposizioni di tempo,https://thuisitaliaans.com/esercizi/preposizioni-di-tempo,0,BreadcrumbList+EducationalAudience+ImageObject+LearningResou,,397,6,21,0,1,
esercizi/preposizioni-semplici-o-articolate.html,it,Preposizioni semplici o articolate | Esercizi Thuis Italiaans,61,126,1,Preposizioni semplici o articolate,https://thuisitaliaans.com/esercizi/preposizioni-semplici-o-articolate,0,BreadcrumbList+EducationalAudience+ImageObject+LearningResou,,321,6,21,0,1,
esercizi/presentare-un-amico.html,it,Presentare un amico | Esercizi Thuis Italiaans,46,143,1,Presentare un amico,https://thuisitaliaans.com/esercizi/presentare-un-amico,0,BreadcrumbList+EducationalAudience+ImageObject+LearningResou,,329,6,21,0,1,
esercizi/presentare-una-tesi-di-laurea.html,it,Presentare una tesi di laurea | Esercizi Thuis Italiaans,56,145,1,Presentare una tesi di laurea,https://thuisitaliaans.com/esercizi/presentare-una-tesi-di-laurea,0,BreadcrumbList+EducationalAudience+ImageObject+LearningResou,,323,6,21,0,1,
esercizi/presentarsi.html,it,Presentarsi | Esercizi Thuis Italiaans,38,145,1,Presentarsi,https://thuisitaliaans.com/esercizi/presentarsi,0,BreadcrumbList+EducationalAudience+ImageObject+LearningResou,,342,6,21,0,1,
esercizi/presente-dei-verbi-in-ere.html,it,Presente dei verbi in -ere | Esercizi Thuis Italiaans,53,71,1,Presente dei verbi in -ere,https://thuisitaliaans.com/esercizi/presente-dei-verbi-in-ere,0,BreadcrumbList+EducationalAudience+ImageObject+LearningResou,,394,6,21,0,1,
esercizi/presente-dei-verbi-in-ire.html,it,Presente dei verbi in -ire | Esercizi Thuis Italiaans,53,71,1,Presente dei verbi in -ire,https://thuisitaliaans.com/esercizi/presente-dei-verbi-in-ire,0,BreadcrumbList+EducationalAudience+ImageObject+LearningResou,,391,6,21,0,1,
esercizi/presente-dovere-potere-volere-insieme.html,it,"Presente: dovere, potere, volere insieme | Esercizi Thuis Italiaans",67,139,1,"Presente: dovere, potere, volere insieme",https://thuisitaliaans.com/esercizi/presente-dovere-potere-volere-insieme,0,BreadcrumbList+EducationalAudience+ImageObject+LearningResou,,353,6,21,0,1,title lungo
esercizi/presente-essere-o-avere.html,it,Presente: essere o avere? | Esercizi Thuis Italiaans,52,143,1,Presente: essere o avere?,https://thuisitaliaans.com/esercizi/presente-essere-o-avere,0,BreadcrumbList+EducationalAudience+ImageObject+LearningResou,,374,6,21,0,1,
esercizi/presente-fare-e-stare.html,it,Presente: fare e stare | Esercizi Thuis Italiaans,49,145,1,Presente: fare e stare,https://thuisitaliaans.com/esercizi/presente-fare-e-stare,0,BreadcrumbList+EducationalAudience+ImageObject+LearningResou,,359,6,21,0,1,
esercizi/prima-di-e-dopo-infinito.html,it,Prima di e dopo + infinito | Esercizi Thuis Italiaans,53,136,1,Prima di e dopo + infinito,https://thuisitaliaans.com/esercizi/prima-di-e-dopo-infinito,0,BreadcrumbList+EducationalAudience+ImageObject+LearningResou,,355,6,21,0,1,
esercizi/prodotti-tipici-e-made-in-italy.html,it,Prodotti tipici e Made in Italy | Esercizi Thuis Italiaans,58,135,1,Prodotti tipici e Made in Italy,https://thuisitaliaans.com/esercizi/prodotti-tipici-e-made-in-italy,0,BreadcrumbList+EducationalAudience+ImageObject+LearningResou,,386,6,21,0,1,
esercizi/pronome-combinato-o-semplice.html,it,Pronome combinato o semplice | Esercizi Thuis Italiaans,55,119,1,Pronome combinato o semplice,https://thuisitaliaans.com/esercizi/pronome-combinato-o-semplice,0,BreadcrumbList+EducationalAudience+ImageObject+LearningResou,,329,6,21,0,1,
esercizi/pronome-diretto-o-indiretto.html,it,Pronome diretto o indiretto | Esercizi Thuis Italiaans,54,118,1,Pronome diretto o indiretto,https://thuisitaliaans.com/esercizi/pronome-diretto-o-indiretto,0,BreadcrumbList+EducationalAudience+ImageObject+LearningResou,,359,6,21,0,1,
esercizi/pronomi-combinati-con-il-congiuntivo.html,it,Pronomi combinati con il congiuntivo | Esercizi Thuis Italiaans,63,146,1,Pronomi combinati con il congiuntivo,https://thuisitaliaans.com/esercizi/pronomi-combinati-con-il-congiuntivo,0,BreadcrumbList+EducationalAudience+ImageObject+LearningResou,,371,6,21,0,1,
esercizi/pronomi-combinati-me-lo-te-la.html,it,"Pronomi combinati: me lo, te la... | Esercizi Thuis Italiaans",61,126,1,"Pronomi combinati: me lo, te la...",https://thuisitaliaans.com/esercizi/pronomi-combinati-me-lo-te-la,0,BreadcrumbList+EducationalAudience+ImageObject+LearningResou,,404,6,21,0,1,
esercizi/pronomi-diretti-con-i-tempi-composti.html,it,Pronomi diretti con i tempi composti | Esercizi Thuis Italiaans,63,81,1,Pronomi diretti con i tempi composti,https://thuisitaliaans.com/esercizi/pronomi-diretti-con-i-tempi-composti,0,BreadcrumbList+EducationalAudience+ImageObject+LearningResou,,361,6,21,0,1,
esercizi/pronomi-diretti-e-indiretti.html,it,Pronomi diretti e indiretti | Esercizi Thuis Italiaans,54,129,1,Pronomi diretti e indiretti,https://thuisitaliaans.com/esercizi/pronomi-diretti-e-indiretti,0,BreadcrumbList+EducationalAudience+ImageObject+LearningResou,,392,6,21,0,1,
esercizi/pronomi-diretti-semplici-rispondere-si-o-no.html,it,Pronomi diretti semplici: rispondere sì o no | Esercizi Thuis Italiaans,71,140,1,Pronomi diretti semplici: rispondere sì o no,https://thuisitaliaans.com/esercizi/pronomi-diretti-semplici-rispondere-si-o-no,0,BreadcrumbList+EducationalAudience+ImageObject+LearningResou,,364,6,21,0,1,title lungo
esercizi/pronomi-possessivi-senza-nome.html,it,Pronomi possessivi senza nome | Esercizi Thuis Italiaans,56,138,1,Pronomi possessivi senza nome,https://thuisitaliaans.com/esercizi/pronomi-possessivi-senza-nome,0,BreadcrumbList+EducationalAudience+ImageObject+LearningResou,,341,6,21,0,1,
esercizi/pronomi-relativi-che-cui.html,it,Pronomi relativi che/cui | Esercizi Thuis Italiaans,51,140,1,Pronomi relativi che/cui,https://thuisitaliaans.com/esercizi/pronomi-relativi-che-cui,0,BreadcrumbList+EducationalAudience+ImageObject+LearningResou,,356,6,21,0,1,
esercizi/pronomi-relativi-complessi-il-quale-la-cui.html,it,"Pronomi relativi complessi: il quale, la cui | Esercizi Thuis Italiaans",71,138,1,"Pronomi relativi complessi: il quale, la cui",https://thuisitaliaans.com/esercizi/pronomi-relativi-complessi-il-quale-la-cui,0,BreadcrumbList+EducationalAudience+ImageObject+LearningResou,,378,6,21,0,1,title lungo
esercizi/pronomi-relativi-con-preposizione.html,it,Pronomi relativi con preposizione | Esercizi Thuis Italiaans,60,75,1,Pronomi relativi con preposizione,https://thuisitaliaans.com/esercizi/pronomi-relativi-con-preposizione,0,BreadcrumbList+EducationalAudience+ImageObject+LearningResou,,351,6,21,0,1,
esercizi/pronomi-relativi-doppi-quello-che-cio-che.html,it,"Pronomi relativi doppi (quello che, ciò che) | Esercizi Thuis Italiaans",71,130,1,"Pronomi relativi doppi (quello che, ciò che)",https://thuisitaliaans.com/esercizi/pronomi-relativi-doppi-quello-che-cio-che,0,BreadcrumbList+EducationalAudience+ImageObject+LearningResou,,378,6,21,0,1,title lungo
esercizi/pronomi-relativi-misti-chi-quanto.html,it,"Pronomi relativi misti: chi, quanto | Esercizi Thuis Italiaans",62,134,1,"Pronomi relativi misti: chi, quanto",https://thuisitaliaans.com/esercizi/pronomi-relativi-misti-chi-quanto,0,BreadcrumbList+EducationalAudience+ImageObject+LearningResou,,358,6,21,0,1,
esercizi/pronomi-riflessivi-nei-tempi-composti.html,it,Pronomi riflessivi nei tempi composti | Esercizi Thuis Italiaans,64,87,1,Pronomi riflessivi nei tempi composti,https://thuisitaliaans.com/esercizi/pronomi-riflessivi-nei-tempi-composti,0,BreadcrumbList+EducationalAudience+ImageObject+LearningResou,,373,6,21,0,1,
esercizi/proposte-e-inviti.html,it,Proposte e inviti | Esercizi Thuis Italiaans,44,89,1,Proposte e inviti,https://thuisitaliaans.com/esercizi/proposte-e-inviti,0,BreadcrumbList+EducationalAudience+ImageObject+LearningResou,,365,6,21,0,1,
esercizi/psicologia-e-dipendenze-digitali.html,it,Psicologia e dipendenze digitali | Esercizi Thuis Italiaans,59,95,1,Psicologia e dipendenze digitali,https://thuisitaliaans.com/esercizi/psicologia-e-dipendenze-digitali,0,BreadcrumbList+EducationalAudience+ImageObject+LearningResou,,369,6,21,0,1,
esercizi/racconta-un-ricordo-di-viaggio.html,it,Racconta un ricordo di viaggio | Esercizi Thuis Italiaans,57,144,1,Racconta un ricordo di viaggio,https://thuisitaliaans.com/esercizi/racconta-un-ricordo-di-viaggio,0,BreadcrumbList+EducationalAudience+ImageObject+LearningResou,,341,6,21,0,1,
esercizi/raccontare-ieri-con-il-passato-prossimo.html,it,Raccontare ieri con il passato prossimo | Esercizi Thuis Italiaans,66,77,1,Raccontare ieri con il passato prossimo,https://thuisitaliaans.com/esercizi/raccontare-ieri-con-il-passato-prossimo,0,BreadcrumbList+EducationalAudience+ImageObject+LearningResou,,362,6,21,0,1,title lungo
esercizi/raccontare-l-infanzia.html,it,Raccontare l'infanzia | Esercizi Thuis Italiaans,48,143,1,Raccontare l'infanzia,https://thuisitaliaans.com/esercizi/raccontare-l-infanzia,0,BreadcrumbList+EducationalAudience+ImageObject+LearningResou,,327,6,21,0,1,
esercizi/recensire-un-ristorante.html,it,Recensire un ristorante | Esercizi Thuis Italiaans,50,140,1,Recensire un ristorante,https://thuisitaliaans.com/esercizi/recensire-un-ristorante,0,BreadcrumbList+EducationalAudience+ImageObject+LearningResou,,319,6,21,0,1,
esercizi/registro-formale-o-informale.html,it,Registro formale o informale | Esercizi Thuis Italiaans,55,132,1,Registro formale o informale,https://thuisitaliaans.com/esercizi/registro-formale-o-informale,0,BreadcrumbList+EducationalAudience+ImageObject+LearningResou,,359,6,21,0,1,
esercizi/registro-parola-comune-o-tecnica.html,it,Registro: parola comune o tecnica | Esercizi Thuis Italiaans,60,141,1,Registro: parola comune o tecnica,https://thuisitaliaans.com/esercizi/registro-parola-comune-o-tecnica,0,BreadcrumbList+EducationalAudience+ImageObject+LearningResou,,325,6,21,0,1,
esercizi/registro-scritto-o-parlato.html,it,Registro scritto o parlato | Esercizi Thuis Italiaans,53,71,1,Registro scritto o parlato,https://thuisitaliaans.com/esercizi/registro-scritto-o-parlato,0,BreadcrumbList+EducationalAudience+ImageObject+LearningResou,,342,6,21,0,1,
esercizi/relativi-semplici-che-unisce-due-frasi.html,it,Relativi semplici: che unisce due frasi | Esercizi Thuis Italiaans,66,79,1,Relativi semplici: che unisce due frasi,https://thuisitaliaans.com/esercizi/relativi-semplici-che-unisce-due-frasi,0,BreadcrumbList+EducationalAudience+ImageObject+LearningResou,,406,6,21,0,1,title lungo
esercizi/riconoscere-il-passato-remoto.html,it,Riconoscere il passato remoto | Esercizi Thuis Italiaans,56,140,1,Riconoscere il passato remoto,https://thuisitaliaans.com/esercizi/riconoscere-il-passato-remoto,0,BreadcrumbList+EducationalAudience+ImageObject+LearningResou,,380,6,21,0,1,
esercizi/ricostruisci-frase-bar.html,it,Ricostruisci la frase: al bar | Esercizi Thuis Italiaans,56,112,1,Ricostruisci la frase: al bar,https://thuisitaliaans.com/esercizi/ricostruisci-frase-bar,0,BreadcrumbList+EducationalAudience+ImageObject+LearningResou,,296,6,21,0,0,pagina sottile; niente tabelle/liste/FAQ da citare
esercizi/riempi-spazi-mercato.html,it,Una giornata al mercato | Esercizi Thuis Italiaans,50,86,1,Una giornata al mercato,https://thuisitaliaans.com/esercizi/riempi-spazi-mercato,0,BreadcrumbList+EducationalAudience+ImageObject+LearningResou,,458,6,21,0,1,
esercizi/rifletti-su-un-dilemma-etico.html,it,Rifletti su un dilemma etico | Esercizi Thuis Italiaans,55,71,1,Rifletti su un dilemma etico,https://thuisitaliaans.com/esercizi/rifletti-su-un-dilemma-etico,0,BreadcrumbList+EducationalAudience+ImageObject+LearningResou,,336,6,21,0,1,
esercizi/riordina-dialogo-ristorante.html,it,Riordina il dialogo: al ristorante | Esercizi Thuis Italiaans,61,146,1,Riordina il dialogo: al ristorante,https://thuisitaliaans.com/esercizi/riordina-dialogo-ristorante,0,BreadcrumbList+EducationalAudience+ImageObject+LearningResou,,262,6,21,0,0,pagina sottile; niente tabelle/liste/FAQ da citare
esercizi/riordina-paragrafi.html,it,Riordina i paragrafi | Esercizi Thuis Italiaans,47,72,1,Riordina i paragrafi,https://thuisitaliaans.com/esercizi/riordina-paragrafi,0,BreadcrumbList+EducationalAudience+ImageObject+LearningResou,,272,6,21,0,0,pagina sottile; niente tabelle/liste/FAQ da citare
esercizi/rispondere-al-telefono.html,it,Rispondere al telefono | Esercizi Thuis Italiaans,49,129,1,Rispondere al telefono,https://thuisitaliaans.com/esercizi/rispondere-al-telefono,0,BreadcrumbList+EducationalAudience+ImageObject+LearningResou,,338,6,21,0,1,
esercizi/ruota-domande.html,it,La ruota delle domande | Esercizi Thuis Italiaans,49,79,1,La ruota delle domande,https://thuisitaliaans.com/esercizi/ruota-domande,0,BreadcrumbList+EducationalAudience+ImageObject+LearningResou,,401,6,21,0,1,
esercizi/salute-e-benessere.html,it,Salute e benessere | Esercizi Thuis Italiaans,45,81,1,Salute e benessere,https://thuisitaliaans.com/esercizi/salute-e-benessere,0,BreadcrumbList+EducationalAudience+ImageObject+LearningResou,,390,6,21,0,1,
esercizi/saluti-e-formule-di-cortesia.html,it,Saluti e formule di cortesia | Esercizi Thuis Italiaans,55,73,1,Saluti e formule di cortesia,https://thuisitaliaans.com/esercizi/saluti-e-formule-di-cortesia,0,BreadcrumbList+EducationalAudience+ImageObject+LearningResou,,383,6,21,0,1,
esercizi/saluti-regionali-informali.html,it,Saluti regionali informali | Esercizi Thuis Italiaans,53,85,1,Saluti regionali informali,https://thuisitaliaans.com/esercizi/saluti-regionali-informali,0,BreadcrumbList+EducationalAudience+ImageObject+LearningResou,,364,6,21,0,1,
esercizi/sapere-e-conoscere.html,it,Sapere e conoscere | Esercizi Thuis Italiaans,45,140,1,Sapere e conoscere,https://thuisitaliaans.com/esercizi/sapere-e-conoscere,0,BreadcrumbList+EducationalAudience+ImageObject+LearningResou,,330,6,21,0,1,
esercizi/scrivere-un-post-di-blog.html,it,Scrivere un post di blog | Esercizi Thuis Italiaans,51,140,1,Scrivere un post di blog,https://thuisitaliaans.com/esercizi/scrivere-un-post-di-blog,0,BreadcrumbList+EducationalAudience+ImageObject+LearningResou,,339,6,21,0,1,
esercizi/scrivere-una-mail-formale.html,it,Scrivere una mail formale | Esercizi Thuis Italiaans,52,137,1,Scrivere una mail formale,https://thuisitaliaans.com/esercizi/scrivere-una-mail-formale,0,BreadcrumbList+EducationalAudience+ImageObject+LearningResou,,357,6,21,0,1,
esercizi/scuola-e-universita.html,it,Scuola e università | Esercizi Thuis Italiaans,46,138,1,Scuola e università,https://thuisitaliaans.com/esercizi/scuola-e-universita,0,BreadcrumbList+EducationalAudience+ImageObject+LearningResou,,380,6,21,0,1,
esercizi/scusarsi-per-un-ritardo-a-lezione.html,it,Scusarsi per un ritardo a lezione | Esercizi Thuis Italiaans,60,143,1,Scusarsi per un ritardo a lezione,https://thuisitaliaans.com/esercizi/scusarsi-per-un-ritardo-a-lezione,0,BreadcrumbList+EducationalAudience+ImageObject+LearningResou,,317,6,21,0,1,
esercizi/sia-che-e-ne-ne.html,it,Sia... che e né... né | Esercizi Thuis Italiaans,48,130,1,Sia... che e né... né,https://thuisitaliaans.com/esercizi/sia-che-e-ne-ne,0,BreadcrumbList+EducationalAudience+ImageObject+LearningResou,,348,6,21,0,1,
esercizi/sogni-per-il-futuro.html,it,Sogni per il futuro | Esercizi Thuis Italiaans,46,78,1,Sogni per il futuro,https://thuisitaliaans.com/esercizi/sogni-per-il-futuro,0,BreadcrumbList+EducationalAudience+ImageObject+LearningResou,,352,6,21,0,1,
esercizi/sport-e-nutrizione.html,it,Sport e nutrizione | Esercizi Thuis Italiaans,45,140,1,Sport e nutrizione,https://thuisitaliaans.com/esercizi/sport-e-nutrizione,0,BreadcrumbList+EducationalAudience+ImageObject+LearningResou,,373,6,21,0,1,
esercizi/stagione-o-mese.html,it,Stagione o mese | Esercizi Thuis Italiaans,42,134,1,Stagione o mese,https://thuisitaliaans.com/esercizi/stagione-o-mese,0,BreadcrumbList+EducationalAudience+ImageObject+LearningResou,,319,6,21,0,1,
esercizi/stagioni-calde-o-fredde.html,it,Stagioni calde o fredde | Esercizi Thuis Italiaans,50,115,1,Stagioni calde o fredde,https://thuisitaliaans.com/esercizi/stagioni-calde-o-fredde,0,BreadcrumbList+EducationalAudience+ImageObject+LearningResou,,319,6,21,0,1,
esercizi/stanza-interna-o-spazio-esterno.html,it,Stanza interna o spazio esterno | Esercizi Thuis Italiaans,58,143,1,Stanza interna o spazio esterno,https://thuisitaliaans.com/esercizi/stanza-interna-o-spazio-esterno,0,BreadcrumbList+EducationalAudience+ImageObject+LearningResou,,326,6,21,0,1,
esercizi/stare-per-infinito.html,it,Stare per + infinito | Esercizi Thuis Italiaans,47,83,1,Stare per + infinito,https://thuisitaliaans.com/esercizi/stare-per-infinito,0,BreadcrumbList+EducationalAudience+ImageObject+LearningResou,,348,6,21,0,1,
esercizi/stati-d-animo-positivi-o-negativi.html,it,Stati d'animo: positivi o negativi | Esercizi Thuis Italiaans,61,126,1,Stati d'animo: positivi o negativi,https://thuisitaliaans.com/esercizi/stati-d-animo-positivi-o-negativi,0,BreadcrumbList+EducationalAudience+ImageObject+LearningResou,,324,6,21,0,1,
esercizi/strutture-con-l-infinito.html,it,Strutture con l'infinito | Esercizi Thuis Italiaans,51,144,1,Strutture con l'infinito,https://thuisitaliaans.com/esercizi/strutture-con-l-infinito,0,BreadcrumbList+EducationalAudience+ImageObject+LearningResou,,397,6,21,0,1,
esercizi/suffissi-alterativi-accrescitivi-e-dispregiativi.html,it,Suffissi alterativi: accrescitivi e dispregiativi | Esercizi Thuis Italiaans,76,70,1,Suffissi alterativi: accrescitivi e dispregiativi,https://thuisitaliaans.com/esercizi/suffissi-alterativi-accrescitivi-e-dispregiativi,0,BreadcrumbList+EducationalAudience+ImageObject+LearningResou,,369,6,21,0,1,title lungo
esercizi/suggerimento-tra-parentesi-futuro.html,it,Suggerimento tra parentesi: futuro | Esercizi Thuis Italiaans,61,71,1,Suggerimento tra parentesi: futuro,https://thuisitaliaans.com/esercizi/suggerimento-tra-parentesi-futuro,0,BreadcrumbList+EducationalAudience+ImageObject+LearningResou,,371,6,21,0,1,
esercizi/tecnologia-e-intelligenza-artificiale.html,it,Tecnologia e intelligenza artificiale | Esercizi Thuis Italiaans,64,83,1,Tecnologia e intelligenza artificiale,https://thuisitaliaans.com/esercizi/tecnologia-e-intelligenza-artificiale,0,BreadcrumbList+EducationalAudience+ImageObject+LearningResou,,349,6,21,0,1,
esercizi/tempo-libero-e-stagioni.html,it,Tempo libero e stagioni | Esercizi Thuis Italiaans,50,139,1,Tempo libero e stagioni,https://thuisitaliaans.com/esercizi/tempo-libero-e-stagioni,0,BreadcrumbList+EducationalAudience+ImageObject+LearningResou,,331,6,21,0,2,
esercizi/termini-del-cinema.html,it,Termini del cinema | Esercizi Thuis Italiaans,45,133,1,Termini del cinema,https://thuisitaliaans.com/esercizi/termini-del-cinema,0,BreadcrumbList+EducationalAudience+ImageObject+LearningResou,,338,6,21,0,1,
esercizi/termini-del-giornalismo-investigativo.html,it,Termini del giornalismo investigativo | Esercizi Thuis Italiaans,64,75,1,Termini del giornalismo investigativo,https://thuisitaliaans.com/esercizi/termini-del-giornalismo-investigativo,0,BreadcrumbList+EducationalAudience+ImageObject+LearningResou,,347,6,21,0,1,
esercizi/termini-enologici.html,it,Termini enologici | Esercizi Thuis Italiaans,44,141,1,Termini enologici,https://thuisitaliaans.com/esercizi/termini-enologici,0,BreadcrumbList+EducationalAudience+ImageObject+LearningResou,,345,6,21,0,1,
esercizi/tris-articoli-determinativi-e-indeterminativi.html,it,Tris: articoli determinativi e indeterminativi | Esercizi Thuis Italiaans,73,127,1,Tris: articoli determinativi e indeterminativi,https://thuisitaliaans.com/esercizi/tris-articoli-determinativi-e-indeterminativi,0,BreadcrumbList+EducationalAudience+ImageObject+LearningResou,,379,6,21,0,1,title lungo
esercizi/tris-congiuntivo-imperfetto.html,it,Tris: congiuntivo imperfetto | Esercizi Thuis Italiaans,55,127,1,Tris: congiuntivo imperfetto,https://thuisitaliaans.com/esercizi/tris-congiuntivo-imperfetto,0,BreadcrumbList+EducationalAudience+ImageObject+LearningResou,,366,6,21,0,1,
esercizi/tris-congiuntivo-presente-irregolare.html,it,Tris: congiuntivo presente irregolare | Esercizi Thuis Italiaans,64,145,1,Tris: congiuntivo presente irregolare,https://thuisitaliaans.com/esercizi/tris-congiuntivo-presente-irregolare,0,BreadcrumbList+EducationalAudience+ImageObject+LearningResou,,360,6,21,0,1,
esercizi/tris-del-congiuntivo.html,it,Tris del congiuntivo | Esercizi Thuis Italiaans,47,137,1,Tris del congiuntivo,https://thuisitaliaans.com/esercizi/tris-del-congiuntivo,0,BreadcrumbList+EducationalAudience+ImageObject+LearningResou,,359,6,21,0,1,
esercizi/tris-il-verbo-essere.html,it,Tris: il verbo essere | Esercizi Thuis Italiaans,48,141,1,Tris: il verbo essere,https://thuisitaliaans.com/esercizi/tris-il-verbo-essere,0,BreadcrumbList+EducationalAudience+ImageObject+LearningResou,,396,6,21,0,1,
esercizi/tris-la-famiglia-2.html,it,Tris: la famiglia (2) | Esercizi Thuis Italiaans,48,139,1,Tris: la famiglia (2),https://thuisitaliaans.com/esercizi/tris-la-famiglia-2,0,BreadcrumbList+EducationalAudience+ImageObject+LearningResou,,421,6,21,0,1,
esercizi/tris-passato-prossimo-con-essere-o-avere.html,it,Tris: passato prossimo con essere o avere | Esercizi Thuis Italiaans,68,142,1,Tris: passato prossimo con essere o avere,https://thuisitaliaans.com/esercizi/tris-passato-prossimo-con-essere-o-avere,0,BreadcrumbList+EducationalAudience+ImageObject+LearningResou,,368,6,21,0,1,title lungo
esercizi/tris-preposizioni-articolate.html,it,Tris: preposizioni articolate | Esercizi Thuis Italiaans,56,140,1,Tris: preposizioni articolate,https://thuisitaliaans.com/esercizi/tris-preposizioni-articolate,0,BreadcrumbList+EducationalAudience+ImageObject+LearningResou,,382,6,21,0,1,
esercizi/tris-preposizioni-semplici.html,it,Tris: preposizioni semplici | Esercizi Thuis Italiaans,54,140,1,Tris: preposizioni semplici,https://thuisitaliaans.com/esercizi/tris-preposizioni-semplici,0,BreadcrumbList+EducationalAudience+ImageObject+LearningResou,,382,6,21,0,1,
esercizi/tris-presente-dei-verbi-regolari.html,it,Tris: presente dei verbi regolari | Esercizi Thuis Italiaans,60,143,1,Tris: presente dei verbi regolari,https://thuisitaliaans.com/esercizi/tris-presente-dei-verbi-regolari,0,BreadcrumbList+EducationalAudience+ImageObject+LearningResou,,411,6,21,0,1,
esercizi/tris-presente-irregolare.html,it,Tris: presente irregolare | Esercizi Thuis Italiaans,52,145,1,Tris: presente irregolare,https://thuisitaliaans.com/esercizi/tris-presente-irregolare,0,BreadcrumbList+EducationalAudience+ImageObject+LearningResou,,392,6,21,0,1,
esercizi/tris-pronomi-relativi.html,it,Tris: pronomi relativi | Esercizi Thuis Italiaans,49,133,1,Tris: pronomi relativi,https://thuisitaliaans.com/esercizi/tris-pronomi-relativi,0,BreadcrumbList+EducationalAudience+ImageObject+LearningResou,,391,6,21,0,1,
esercizi/tris-verbi-irregolari.html,it,Tris linguistico | Esercizi Thuis Italiaans,43,95,1,Tris linguistico: i verbi irregolari,https://thuisitaliaans.com/esercizi/tris-verbi-irregolari,0,BreadcrumbList+EducationalAudience+ImageObject+LearningResou,,377,6,21,0,1,
esercizi/trova-differenze-testo.html,it,Trova le differenze | Esercizi Thuis Italiaans,46,81,1,Trova le differenze,https://thuisitaliaans.com/esercizi/trova-differenze-testo,0,BreadcrumbList+EducationalAudience+ImageObject+LearningResou,,297,6,21,0,0,pagina sottile; niente tabelle/liste/FAQ da citare
esercizi/trova-intruso.html,it,Trova l'intruso | Esercizi Thuis Italiaans,42,82,1,Trova l'intruso,https://thuisitaliaans.com/esercizi/trova-intruso,0,BreadcrumbList+EducationalAudience+ImageObject+LearningResou,,364,6,21,0,1,
esercizi/un-cambio-di-programma-in-viaggio.html,it,Un cambio di programma in viaggio | Esercizi Thuis Italiaans,60,79,1,Un cambio di programma in viaggio,https://thuisitaliaans.com/esercizi/un-cambio-di-programma-in-viaggio,0,BreadcrumbList+EducationalAudience+ImageObject+LearningResou,,331,6,21,0,1,
esercizi/un-colloquio-di-lavoro.html,it,Un colloquio di lavoro | Esercizi Thuis Italiaans,49,142,1,Un colloquio di lavoro,https://thuisitaliaans.com/esercizi/un-colloquio-di-lavoro,0,BreadcrumbList+EducationalAudience+ImageObject+LearningResou,,318,6,21,0,1,
esercizi/un-editoriale-di-opinione.html,it,Un editoriale di opinione | Esercizi Thuis Italiaans,52,73,1,Un editoriale di opinione,https://thuisitaliaans.com/esercizi/un-editoriale-di-opinione,0,BreadcrumbList+EducationalAudience+ImageObject+LearningResou,,332,6,21,0,1,
esercizi/un-imprevisto-in-viaggio.html,it,Un imprevisto in viaggio | Esercizi Thuis Italiaans,51,71,1,Un imprevisto in viaggio,https://thuisitaliaans.com/esercizi/un-imprevisto-in-viaggio,0,BreadcrumbList+EducationalAudience+ImageObject+LearningResou,,329,6,21,0,1,
esercizi/un-primo-giorno-di-lavoro.html,it,Un primo giorno di lavoro | Esercizi Thuis Italiaans,52,72,1,Un primo giorno di lavoro,https://thuisitaliaans.com/esercizi/un-primo-giorno-di-lavoro,0,BreadcrumbList+EducationalAudience+ImageObject+LearningResou,,333,6,21,0,1,
esercizi/un-reclamo-scritto-formale.html,it,Un reclamo scritto formale | Esercizi Thuis Italiaans,53,135,1,Un reclamo scritto formale,https://thuisitaliaans.com/esercizi/un-reclamo-scritto-formale,0,BreadcrumbList+EducationalAudience+ImageObject+LearningResou,,334,6,21,0,1,
esercizi/un-weekend-a-firenze.html,it,Un weekend a Firenze | Esercizi Thuis Italiaans,47,142,1,Un weekend a Firenze,https://thuisitaliaans.com/esercizi/un-weekend-a-firenze,0,BreadcrumbList+EducationalAudience+ImageObject+LearningResou,,349,6,21,0,1,
esercizi/unisci-frasi-periodo-ipotetico.html,it,Unisci le frasi: periodo ipotetico | Esercizi Thuis Italiaans,61,90,1,Unisci le frasi: periodo ipotetico,https://thuisitaliaans.com/esercizi/unisci-frasi-periodo-ipotetico,0,BreadcrumbList+EducationalAudience+ImageObject+LearningResou,,386,6,21,0,1,
esercizi/uso-di-magari-e-forse.html,it,Uso di magari e forse | Esercizi Thuis Italiaans,48,131,1,Uso di magari e forse,https://thuisitaliaans.com/esercizi/uso-di-magari-e-forse,0,BreadcrumbList+EducationalAudience+ImageObject+LearningResou,,343,6,21,0,1,
esercizi/utensili-da-cucina.html,it,Utensili da cucina | Esercizi Thuis Italiaans,45,124,1,Utensili da cucina,https://thuisitaliaans.com/esercizi/utensili-da-cucina,0,BreadcrumbList+EducationalAudience+ImageObject+LearningResou,,362,6,21,0,1,
esercizi/verbi-al-congiuntivo-presente.html,it,Verbi al congiuntivo presente | Esercizi Thuis Italiaans,56,138,1,Verbi al congiuntivo presente,https://thuisitaliaans.com/esercizi/verbi-al-congiuntivo-presente,0,BreadcrumbList+EducationalAudience+ImageObject+LearningResou,,338,6,21,0,2,
esercizi/verbi-che-cambiano-significato-con-essere-avere.html,it,Verbi che cambiano significato con essere/avere | Esercizi Thuis Italiaans,74,83,1,Verbi che cambiano significato con essere/avere,https://thuisitaliaans.com/esercizi/verbi-che-cambiano-significato-con-essere-avere,0,BreadcrumbList+EducationalAudience+ImageObject+LearningResou,,377,6,21,0,1,title lungo
esercizi/verbi-con-essere-o-avere-2.html,it,Verbi con essere o avere (2) | Esercizi Thuis Italiaans,55,143,1,Verbi con essere o avere (2),https://thuisitaliaans.com/esercizi/verbi-con-essere-o-avere-2,0,BreadcrumbList+EducationalAudience+ImageObject+LearningResou,,330,6,21,0,1,
esercizi/verbi-con-preposizione-fissa-pensare-a-parlare-di.html,it,"Verbi con preposizione fissa (pensare a, parlare di) | Esercizi Thuis Italiaans",79,144,1,"Verbi con preposizione fissa (pensare a, parlare di)",https://thuisitaliaans.com/esercizi/verbi-con-preposizione-fissa-pensare-a-parlare-di,0,BreadcrumbList+EducationalAudience+ImageObject+LearningResou,,378,6,21,0,1,title lungo
esercizi/verbi-con-pronomi-indiretti-piacere-dare-regalare.html,it,"Verbi con pronomi indiretti: piacere, dare, regalare | Esercizi Thuis Italiaans",79,145,1,"Verbi con pronomi indiretti: piacere, dare, regalare",https://thuisitaliaans.com/esercizi/verbi-con-pronomi-indiretti-piacere-dare-regalare,0,BreadcrumbList+EducationalAudience+ImageObject+LearningResou,,432,6,21,0,1,title lungo
esercizi/verbi-e-preposizioni-comuni.html,it,Verbi e preposizioni comuni | Esercizi Thuis Italiaans,54,137,1,Verbi e preposizioni comuni,https://thuisitaliaans.com/esercizi/verbi-e-preposizioni-comuni,0,BreadcrumbList+EducationalAudience+ImageObject+LearningResou,,349,6,21,0,1,
esercizi/verbi-ed-espressioni-sui-social.html,it,Verbi ed espressioni sui social | Esercizi Thuis Italiaans,58,137,1,Verbi ed espressioni sui social,https://thuisitaliaans.com/esercizi/verbi-ed-espressioni-sui-social,0,BreadcrumbList+EducationalAudience+ImageObject+LearningResou,,387,6,21,0,1,
esercizi/verbi-in-are-ere-o-ire.html,it,"Verbi in -are, -ere o -ire | Esercizi Thuis Italiaans",53,123,1,"Verbi in -are, -ere o -ire",https://thuisitaliaans.com/esercizi/verbi-in-are-ere-o-ire,0,BreadcrumbList+EducationalAudience+ImageObject+LearningResou,,323,6,21,0,1,
esercizi/verbi-pronominali-andarsene-farcela.html,it,"Verbi pronominali: andarsene, farcela | Esercizi Thuis Italiaans",64,73,1,"Verbi pronominali: andarsene, farcela",https://thuisitaliaans.com/esercizi/verbi-pronominali-andarsene-farcela,0,BreadcrumbList+EducationalAudience+ImageObject+LearningResou,,362,6,21,0,1,
esercizi/verbi-pronominali-comuni.html,it,Verbi pronominali comuni | Esercizi Thuis Italiaans,51,70,1,Verbi pronominali comuni,https://thuisitaliaans.com/esercizi/verbi-pronominali-comuni,0,BreadcrumbList+EducationalAudience+ImageObject+LearningResou,,351,6,21,0,1,
esercizi/verbi-regolari-in-are-parlare.html,it,Verbi regolari in -are: parlare | Esercizi Thuis Italiaans,58,83,1,Verbi regolari in -are: parlare,https://thuisitaliaans.com/esercizi/verbi-regolari-in-are-parlare,0,BreadcrumbList+EducationalAudience+ImageObject+LearningResou,,398,6,21,0,1,
esercizi/verbi-regolari-o-irregolari-al-presente.html,it,Verbi regolari o irregolari al presente | Esercizi Thuis Italiaans,66,139,1,Verbi regolari o irregolari al presente,https://thuisitaliaans.com/esercizi/verbi-regolari-o-irregolari-al-presente,0,BreadcrumbList+EducationalAudience+ImageObject+LearningResou,,323,6,21,0,1,title lungo
esercizi/verbi-riflessivi-al-presente.html,it,Verbi riflessivi al presente | Esercizi Thuis Italiaans,55,73,1,Verbi riflessivi al presente,https://thuisitaliaans.com/esercizi/verbi-riflessivi-al-presente,0,BreadcrumbList+EducationalAudience+ImageObject+LearningResou,,355,6,21,0,1,
esercizi/verbi-riflessivi-quiz-sul-presente.html,it,Verbi riflessivi: quiz sul presente | Esercizi Thuis Italiaans,62,135,1,Verbi riflessivi: quiz sul presente,https://thuisitaliaans.com/esercizi/verbi-riflessivi-quiz-sul-presente,0,BreadcrumbList+EducationalAudience+ImageObject+LearningResou,,355,6,21,0,1,
esercizi/verbi-servili-volere-potere-dovere.html,it,"Verbi servili: volere, potere, dovere | Esercizi Thuis Italiaans",64,144,1,"Verbi servili: volere, potere, dovere",https://thuisitaliaans.com/esercizi/verbi-servili-volere-potere-dovere,0,BreadcrumbList+EducationalAudience+ImageObject+LearningResou,,377,6,21,0,1,
esercizi/verbo-regolare-o-irregolare-al-passato-remoto.html,it,Verbo regolare o irregolare al passato remoto | Esercizi Thuis Italiaans,72,139,1,Verbo regolare o irregolare al passato remoto,https://thuisitaliaans.com/esercizi/verbo-regolare-o-irregolare-al-passato-remoto,0,BreadcrumbList+EducationalAudience+ImageObject+LearningResou,,333,6,21,0,1,title lungo
esercizi/verbo-transitivo-o-intransitivo-base.html,it,Verbo transitivo o intransitivo (base) | Esercizi Thuis Italiaans,65,122,1,Verbo transitivo o intransitivo (base),https://thuisitaliaans.com/esercizi/verbo-transitivo-o-intransitivo-base,0,BreadcrumbList+EducationalAudience+ImageObject+LearningResou,,326,6,21,0,1,
esercizi/vero-falso-pausa-pranzo.html,it,Vero o Falso: la pausa pranzo in Italia | Esercizi Thuis Italiaans,66,98,1,La pausa pranzo in Italia,https://thuisitaliaans.com/esercizi/vero-falso-pausa-pranzo,0,BreadcrumbList+EducationalAudience+ImageObject+LearningResou,,418,6,21,0,1,title lungo
esercizi/vivere-in-affitto-in-italia.html,it,Vivere in affitto in Italia | Esercizi Thuis Italiaans,54,79,1,Vivere in affitto in Italia,https://thuisitaliaans.com/esercizi/vivere-in-affitto-in-italia,0,BreadcrumbList+EducationalAudience+ImageObject+LearningResou,,406,6,21,0,1,
footer-sitemap.html,,,0,0,0,,,0,,,160,0,59,0,1,title assente; description assente; h1 assente; canonical assente; lang assente; og:locale assente; pagina sottile; niente data di aggiornamento; niente autore/publisher
index.html,nl,Thuis Italiaans | Persoonlijke Italiaanse lessen,48,122,1,Spreek Italiaans met vertrouwen.,https://thuisitaliaans.com/,4,Audience+City+CollegeOrUniversity+ContactPoint+Course+Course,,2765,2,106,0,1,
it/conversazione-italiano.html,it,Lezioni di conversazione in italiano — parlare con scioltezza | thuisitaliaans,78,144,1,Lezioni di conversazione in italiano,https://thuisitaliaans.com/it/conversazione-italiano,4,Answer+BreadcrumbList+City+FAQPage+ListItem+Offer+Place+Ques,si,422,2,42,0,2,title lungo
it/index.html,it,Lezioni di italiano per stranieri con insegnante madrelingua | thuisitaliaans,77,150,1,Parla italiano con sicurezza.,https://thuisitaliaans.com/it/,4,Course+CourseInstance+ItemList+ListItem+Offer+Person+Service,,2389,2,53,0,1,title lungo
it/italiano-per-bambini.html,it,Italiano per bambini — imparare giocando | thuisitaliaans,57,143,1,Italiano per bambini,https://thuisitaliaans.com/it/italiano-per-bambini,4,Answer+BreadcrumbList+City+FAQPage+ListItem+Offer+Place+Ques,si,418,2,42,0,2,
it/italiano-per-principianti.html,it,Imparare l'italiano da zero con un insegnante | thuisitaliaans,62,142,1,Italiano per principianti,https://thuisitaliaans.com/it/italiano-per-principianti,4,Answer+BreadcrumbList+City+FAQPage+ListItem+Offer+Place+Ques,si,555,2,42,0,2,
it/italiano-professionale.html,it,Italiano professionale — lezioni su misura | thuisitaliaans,59,138,1,Italiano professionale,https://thuisitaliaans.com/it/italiano-professionale,4,Answer+BreadcrumbList+City+FAQPage+ListItem+Offer+Place+Ques,si,412,2,42,0,2,
it/lezioni-italiano-amsterdam.html,it,Lezioni di italiano ad Amsterdam — private con madrelingua | thuisitaliaans,75,133,1,Lezioni di italiano ad Amsterdam,https://thuisitaliaans.com/it/lezioni-italiano-amsterdam,4,Answer+BreadcrumbList+City+FAQPage+ListItem+Offer+Place+Ques,si,465,2,42,0,2,title lungo
it/lezioni-italiano-ede-utrecht.html,it,"Lezioni di italiano a Ede, Utrecht e Amersfoort | thuisitaliaans",64,147,1,"Lezioni di italiano a Ede, Utrecht e Amersfoort",https://thuisitaliaans.com/it/lezioni-italiano-ede-utrecht,4,Answer+BreadcrumbList+City+FAQPage+ListItem+Offer+Place+Ques,si,495,2,42,0,2,
it/lezioni-italiano-online.html,it,Lezioni di italiano online con insegnante madrelingua | thuisitaliaans,70,143,1,Lezioni di italiano online,https://thuisitaliaans.com/it/lezioni-italiano-online,4,Answer+BreadcrumbList+City+FAQPage+ListItem+Offer+Place+Ques,si,443,2,42,0,2,title lungo
it/preparazione-esami-italiano.html,it,"Certificazione di italiano: preparazione a CILS, CELI e PLIDA | thuisitaliaans",78,137,1,"Preparazione a CILS, CELI e PLIDA",https://thuisitaliaans.com/it/preparazione-esami-italiano,4,Answer+BreadcrumbList+City+FAQPage+ListItem+Offer+Place+Ques,si,544,2,42,0,2,title lungo
it/prezzi.html,it,Prezzi delle lezioni di italiano | thuisitaliaans,49,146,1,Prezzi,https://thuisitaliaans.com/it/prezzi,4,Answer+FAQPage+Offer+Question+Service+UnitPriceSpecification,si,581,2,42,0,2,
lessen/avondcursus-italiaans.html,nl,Avondcursus Italiaans — of juist niet? | thuisitaliaans,55,131,1,Avondcursus Italiaans,https://thuisitaliaans.com/avondcursus-italiaans,0,Answer+BreadcrumbList+City+FAQPage+ListItem+Offer+Place+Ques,si,1007,2,109,0,2,canonical diverso dal percorso
lessen/conversatieles-italiaans.html,nl,Conversatieles Italiaans — vloeiender leren spreken | thuisitaliaans,68,133,1,Conversatieles Italiaans,https://thuisitaliaans.com/conversatieles-italiaans,4,Answer+BreadcrumbList+City+FAQPage+ListItem+Offer+Place+Ques,si,465,2,82,0,2,title lungo; canonical diverso dal percorso
lessen/cursus-italiaans-amsterdam.html,nl,Cursus Italiaans in Amsterdam — klein en persoonlijk | thuisitaliaans,69,141,1,Cursus Italiaans in Amsterdam,https://thuisitaliaans.com/cursus-italiaans-amsterdam,0,AdministrativeArea+Answer+BreadcrumbList+City+FAQPage+ListIt,si,783,2,98,0,2,title lungo; canonical diverso dal percorso
lessen/groepsles-italiaans.html,nl,Groepsles Italiaans in kleine groepen — start februari 2027 | thuisitaliaans,76,152,1,Groepsles Italiaans in kleine groepen,https://thuisitaliaans.com/groepsles-italiaans,0,Answer+BreadcrumbList+City+FAQPage+ListItem+Offer+Place+Ques,si,1043,2,111,0,2,title lungo; canonical diverso dal percorso
lessen/italiaans-examen-certificaat.html,nl,"Italiaans certificaat halen: CILS, CELI en PLIDA training | thuisitaliaans",74,139,1,"Examentraining CILS, CELI en PLIDA",https://thuisitaliaans.com/italiaans-examen-certificaat,4,Answer+BreadcrumbList+City+FAQPage+ListItem+Offer+Place+Ques,si,518,2,82,0,2,title lungo; canonical diverso dal percorso
lessen/italiaans-online.html,nl,Online Italiaanse les met een moedertaalspreker | thuisitaliaans,64,133,1,Online Italiaanse les,https://thuisitaliaans.com/italiaans-online,4,Answer+BreadcrumbList+City+FAQPage+ListItem+Offer+Place+Ques,si,395,2,82,0,2,canonical diverso dal percorso
lessen/italiaans-op-de-zuidas.html,nl,Italiaans op de Zuidas — les op kantoor voor professionals | thuisitaliaans,75,143,1,Italiaans op de Zuidas,https://thuisitaliaans.com/italiaans-op-de-zuidas,0,Answer+BreadcrumbList+BusinessAudience+City+FAQPage+ListItem,si,723,2,94,0,2,title lungo; canonical diverso dal percorso
lessen/italiaans-voor-50-plus.html,nl,"Italiaans leren na je 50e — rustig tempo, echte gesprekken | thuisitaliaans",75,147,1,Italiaans leren na je 50e,https://thuisitaliaans.com/italiaans-voor-50-plus,0,Answer+Audience+BreadcrumbList+City+FAQPage+ListItem+Offer+P,si,857,2,104,0,2,title lungo; canonical diverso dal percorso
lessen/italiaans-voor-beginners.html,nl,Italiaans leren voor beginners — vanaf nul met een docent | thuisitaliaans,74,145,1,Italiaans voor beginners,https://thuisitaliaans.com/italiaans-voor-beginners,4,Answer+BreadcrumbList+City+FAQPage+ListItem+Offer+Place+Ques,si,466,2,82,0,2,title lungo; canonical diverso dal percorso
lessen/italiaans-voor-gevorderden.html,nl,"Italiaans voor gevorderden — verder dan B2, tot C1 en C2 | Thuis Italiaans",74,137,1,Italiaans voor gevorderden,https://thuisitaliaans.com/italiaans-voor-gevorderden,0,Answer+BreadcrumbList+Country+FAQPage+ListItem+Offer+Questio,si,743,2,89,0,2,title lungo; canonical diverso dal percorso
lessen/italiaans-voor-horeca.html,nl,"Italiaans voor de horeca — keuken, bediening en gastheerschap | thuisitaliaans",78,151,1,Italiaans voor de horeca,https://thuisitaliaans.com/italiaans-voor-horeca,0,Answer+BreadcrumbList+BusinessAudience+City+FAQPage+ListItem,si,670,2,91,0,2,title lungo; canonical diverso dal percorso
lessen/italiaans-voor-kinderen.html,nl,Italiaans voor kinderen — spelenderwijs leren | thuisitaliaans,62,134,1,Italiaans voor kinderen,https://thuisitaliaans.com/italiaans-voor-kinderen,4,Answer+BreadcrumbList+City+FAQPage+ListItem+Offer+Place+Ques,si,498,2,83,0,2,canonical diverso dal percorso
lessen/italiaans-voor-studenten.html,nl,"Italiaans voor studenten — Erasmus, scriptie en certificaat | thuisitaliaans",76,153,1,Italiaans voor studenten,https://thuisitaliaans.com/italiaans-voor-studenten,0,Answer+BreadcrumbList+City+EducationalAudience+FAQPage+ListI,si,871,2,121,0,2,title lungo; canonical diverso dal percorso
lessen/italiaans-voor-vakantie.html,nl,Italiaans leren voor je vakantie — in een paar maanden op weg | thuisitaliaans,78,141,1,Italiaans leren voor je vakantie,https://thuisitaliaans.com/italiaans-voor-vakantie,0,Answer+BreadcrumbList+City+FAQPage+ListItem+Offer+Place+Ques,si,844,2,108,0,2,title lungo; canonical diverso dal percorso
lessen/italiaanse-les-almere.html,nl,Italiaanse les in Almere — bij jou thuis of online | thuisitaliaans,67,143,1,Italiaanse les in Almere,https://thuisitaliaans.com/italiaanse-les-almere,0,AdministrativeArea+Answer+BreadcrumbList+City+FAQPage+ListIt,si,588,2,89,0,2,title lungo; canonical diverso dal percorso
lessen/italiaanse-les-amersfoort.html,nl,Italiaanse les in Amersfoort | thuisitaliaans,45,122,1,Italiaanse les in Amersfoort,https://thuisitaliaans.com/italiaanse-les-amersfoort,1,City+Offer+Service+WebPage,,680,2,91,0,2,canonical diverso dal percorso; hreflang senza x-default
lessen/italiaanse-les-amstelveen.html,nl,Italiaanse les in Amstelveen — privéles bij jou thuis | thuisitaliaans,70,158,1,Italiaanse les in Amstelveen,https://thuisitaliaans.com/italiaanse-les-amstelveen,0,AdministrativeArea+Answer+BreadcrumbList+City+FAQPage+ListIt,si,602,2,90,0,2,title lungo; canonical diverso dal percorso
lessen/italiaanse-les-amsterdam-of-online.html,nl,Italiaanse les in Amsterdam: op locatie of online? | thuisitaliaans,67,130,1,Italiaanse les in Amsterdam: op locatie of online?,https://thuisitaliaans.com/italiaanse-les-amsterdam-of-online,0,AdministrativeArea+Answer+BreadcrumbList+City+FAQPage+ListIt,si,752,2,90,0,2,title lungo; canonical diverso dal percorso
lessen/italiaanse-les-amsterdam.html,nl,Italiaanse les in Amsterdam — privéles met moedertaalspreker | thuisitaliaans,77,141,1,Italiaanse les in Amsterdam,https://thuisitaliaans.com/italiaanse-les-amsterdam,4,Answer+BreadcrumbList+City+FAQPage+ListItem+Offer+Place+Ques,si,576,2,90,0,2,title lungo; canonical diverso dal percorso
lessen/italiaanse-les-apeldoorn.html,nl,Italiaanse les in Apeldoorn en op de Veluwe | thuisitaliaans,60,135,1,Italiaanse les in Apeldoorn en op de Veluwe,https://thuisitaliaans.com/italiaanse-les-apeldoorn,0,AdministrativeArea+Answer+BreadcrumbList+City+FAQPage+ListIt,si,647,2,88,0,2,canonical diverso dal percorso
lessen/italiaanse-les-arnhem.html,nl,Italiaanse les in Arnhem — privéles op locatie of online | Thuis Italiaans,74,123,1,Italiaanse les in Arnhem,https://thuisitaliaans.com/italiaanse-les-arnhem,0,Answer+BreadcrumbList+City+FAQPage+ListItem+Offer+Question+S,si,654,2,88,0,2,title lungo; canonical diverso dal percorso
lessen/italiaanse-les-barneveld.html,nl,Italiaanse les in Barneveld — privéles aan huis of online | Thuis Italiaans,75,128,1,Italiaanse les in Barneveld,https://thuisitaliaans.com/italiaanse-les-barneveld,0,Answer+BreadcrumbList+City+FAQPage+ListItem+Offer+Question+S,si,734,2,87,0,2,title lungo; canonical diverso dal percorso
lessen/italiaanse-les-bennekom.html,nl,Italiaanse les in Bennekom — privéles aan huis | Thuis Italiaans,64,132,1,Italiaanse les in Bennekom,https://thuisitaliaans.com/italiaanse-les-bennekom,0,Answer+BreadcrumbList+City+FAQPage+ListItem+Offer+Question+S,si,693,2,87,0,2,canonical diverso dal percorso
lessen/italiaanse-les-ede-utrecht.html,nl,Italiaanse les in Ede en omgeving | thuisitaliaans,50,129,1,Italiaanse les in Ede en omgeving,https://thuisitaliaans.com/italiaanse-les-ede-utrecht,4,Answer+BreadcrumbList+City+FAQPage+ListItem+Offer+Place+Ques,si,615,2,98,0,2,canonical diverso dal percorso
lessen/italiaanse-les-haarlem.html,nl,Italiaanse les in Haarlem — privéles bij jou thuis | thuisitaliaans,67,135,1,Italiaanse les in Haarlem,https://thuisitaliaans.com/italiaanse-les-haarlem,0,AdministrativeArea+Answer+BreadcrumbList+City+FAQPage+ListIt,si,661,2,91,0,2,title lungo; canonical diverso dal percorso
lessen/italiaanse-les-harderwijk.html,nl,"Italiaanse les in Harderwijk, Ermelo en Putten | thuisitaliaans",63,131,1,"Italiaanse les in Harderwijk, Ermelo en Putten",https://thuisitaliaans.com/italiaanse-les-harderwijk,0,AdministrativeArea+Answer+BreadcrumbList+City+FAQPage+ListIt,si,619,2,87,0,2,canonical diverso dal percorso
lessen/italiaanse-les-hilversum.html,nl,Italiaanse les in Hilversum en 't Gooi — ook overdag | thuisitaliaans,69,134,1,Italiaanse les in Hilversum en 't Gooi,https://thuisitaliaans.com/italiaanse-les-hilversum,0,Answer+BreadcrumbList+City+FAQPage+ListItem+Offer+Place+Ques,si,741,2,91,0,2,title lungo; canonical diverso dal percorso
lessen/italiaanse-les-hoofddorp.html,nl,Italiaanse les in Hoofddorp en Haarlemmermeer | thuisitaliaans,62,141,1,Italiaanse les in Hoofddorp en Haarlemmermeer,https://thuisitaliaans.com/italiaanse-les-hoofddorp,0,AdministrativeArea+Answer+BreadcrumbList+City+FAQPage+ListIt,si,622,2,88,0,2,canonical diverso dal percorso
lessen/italiaanse-les-nieuwegein.html,nl,"Italiaanse les in Nieuwegein, Houten en IJsselstein | thuisitaliaans",68,132,1,"Italiaanse les in Nieuwegein, Houten en IJsselstein",https://thuisitaliaans.com/italiaanse-les-nieuwegein,0,Answer+BreadcrumbList+City+FAQPage+ListItem+Offer+Place+Ques,si,619,2,91,0,2,title lungo; canonical diverso dal percorso
lessen/italiaanse-les-nijkerk.html,nl,"Italiaanse les in Nijkerk, Hoevelaken en Voorthuizen | thuisitaliaans",69,139,1,"Italiaanse les in Nijkerk, Hoevelaken en Voorthuizen",https://thuisitaliaans.com/italiaanse-les-nijkerk,0,AdministrativeArea+Answer+BreadcrumbList+City+FAQPage+ListIt,si,544,2,90,0,2,title lungo; canonical diverso dal percorso
lessen/italiaanse-les-nijmegen.html,nl,Italiaanse les in Nijmegen — privéles en examentraining | thuisitaliaans,72,136,1,Italiaanse les in Nijmegen,https://thuisitaliaans.com/italiaanse-les-nijmegen,0,AdministrativeArea+Answer+BreadcrumbList+City+FAQPage+ListIt,si,700,2,91,0,2,title lungo; canonical diverso dal percorso
lessen/italiaanse-les-op-kantoor.html,nl,Italiaanse les op kantoor — in-company tussen Ede en Amsterdam | thuisitaliaans,79,151,1,Italiaanse les op kantoor,https://thuisitaliaans.com/italiaanse-les-op-kantoor,0,Answer+BreadcrumbList+BusinessAudience+City+FAQPage+ListItem,si,853,2,91,0,2,title lungo; canonical diverso dal percorso
lessen/italiaanse-les-renkum.html,nl,"Italiaanse les in Renkum, Oosterbeek en Doorwerth | thuisitaliaans",66,145,1,Italiaanse les in Renkum en Oosterbeek,https://thuisitaliaans.com/italiaanse-les-renkum,0,AdministrativeArea+Answer+BreadcrumbList+City+FAQPage+ListIt,si,603,2,92,0,2,title lungo; canonical diverso dal percorso
lessen/italiaanse-les-rhenen.html,nl,"Italiaanse les in Rhenen, Amerongen en Leersum | thuisitaliaans",63,137,1,Italiaanse les in Rhenen en op de Heuvelrug,https://thuisitaliaans.com/italiaanse-les-rhenen,0,AdministrativeArea+Answer+BreadcrumbList+City+FAQPage+ListIt,si,558,2,94,0,2,canonical diverso dal percorso
lessen/italiaanse-les-samen.html,nl,Samen Italiaans leren — les met z'n tweeën | thuisitaliaans,59,145,1,Samen Italiaans leren: les met z'n tweeën,https://thuisitaliaans.com/italiaanse-les-samen,0,Answer+BreadcrumbList+City+FAQPage+ListItem+Offer+Place+Ques,si,1018,2,109,0,2,canonical diverso dal percorso
lessen/italiaanse-les-tiel.html,nl,"Italiaanse les in Tiel, Culemborg en de Betuwe | thuisitaliaans",63,131,1,Italiaanse les in Tiel en de Betuwe,https://thuisitaliaans.com/italiaanse-les-tiel,0,AdministrativeArea+Answer+BreadcrumbList+City+FAQPage+ListIt,si,552,2,93,0,2,canonical diverso dal percorso
lessen/italiaanse-les-utrecht.html,nl,Italiaanse les in Utrecht | thuisitaliaans,42,124,1,Italiaanse les in Utrecht,https://thuisitaliaans.com/italiaanse-les-utrecht,1,City+Offer+Service+WebPage,,793,2,93,0,2,canonical diverso dal percorso; hreflang senza x-default
lessen/italiaanse-les-veenendaal.html,nl,Italiaanse les in Veenendaal — verder dan de vakantiecursus | Thuis Italiaans,77,132,1,Italiaanse les in Veenendaal,https://thuisitaliaans.com/italiaanse-les-veenendaal,0,Answer+BreadcrumbList+City+FAQPage+ListItem+Offer+Question+S,si,696,2,87,0,2,title lungo; canonical diverso dal percorso
lessen/italiaanse-les-wageningen.html,nl,Italian lessons in Wageningen — privéles voor internationals | Thuis Italiaans,78,137,1,Italiaanse les in Wageningen,https://thuisitaliaans.com/italiaanse-les-wageningen,0,Answer+BreadcrumbList+City+FAQPage+ListItem+Offer+Question+S,si,699,2,87,0,2,title lungo; canonical diverso dal percorso
lessen/italiaanse-les-zaanstreek.html,nl,"Italiaanse les in Zaandam, Purmerend en de Zaanstreek | thuisitaliaans",70,125,1,Italiaanse les in de Zaanstreek en Waterland,https://thuisitaliaans.com/italiaanse-les-zaanstreek,0,AdministrativeArea+Answer+BreadcrumbList+City+FAQPage+ListIt,si,584,2,93,0,2,title lungo; canonical diverso dal percorso
lessen/italiaanse-les-zeist.html,nl,"Italiaanse les in Zeist, Driebergen en Bilthoven | thuisitaliaans",65,147,1,"Italiaanse les in Zeist, Driebergen en Bilthoven",https://thuisitaliaans.com/italiaanse-les-zeist,0,Answer+BreadcrumbList+City+FAQPage+ListItem+Offer+Place+Ques,si,599,2,90,0,2,canonical diverso dal percorso
lessen/italiaanse-taalcursus-vergelijken.html,nl,Cursus Italiaans kiezen: vijf soorten aanbod vergeleken | thuisitaliaans,72,141,1,Welke cursus Italiaans past bij jou?,https://thuisitaliaans.com/italiaanse-taalcursus-vergelijken,0,Answer+BreadcrumbList+City+FAQPage+ListItem+Offer+Place+Ques,si,1228,2,113,0,2,title lungo; canonical diverso dal percorso
lessen/priveles-italiaans.html,nl,Privéles Italiaans — één op één met een moedertaalspreker | thuisitaliaans,74,148,1,Privéles Italiaans,https://thuisitaliaans.com/priveles-italiaans,0,Answer+Audience+BreadcrumbList+City+FAQPage+ListItem+Offer+P,si,1034,2,110,0,2,title lungo; canonical diverso dal percorso
lessen/proefles-italiaans.html,nl,Gratis proefles Italiaans — kennismaking zonder verplichting | thuisitaliaans,77,144,1,Gratis proefles Italiaans,https://thuisitaliaans.com/proefles-italiaans,0,Answer+BreadcrumbList+City+FAQPage+ListItem+Offer+Place+Ques,si,814,2,110,0,2,title lungo; canonical diverso dal percorso
lessen/spoedcursus-italiaans.html,nl,Spoedcursus Italiaans — intensief traject met een deadline | thuisitaliaans,75,155,1,Spoedcursus Italiaans,https://thuisitaliaans.com/spoedcursus-italiaans,0,Answer+BreadcrumbList+City+FAQPage+ListItem+Offer+Place+Ques,si,883,2,107,0,2,title lungo; canonical diverso dal percorso
lessen/tarieven.html,nl,Tarieven Italiaanse les | thuisitaliaans,40,131,1,Tarieven,https://thuisitaliaans.com/tarieven,4,Answer+FAQPage+Offer+Question+Service+UnitPriceSpecification,si,543,2,84,0,2,canonical diverso dal percorso
lessen/waarom-thuis-italiaans.html,nl,"Waarom Thuis Italiaans — app, taalschool of privéles? | Thuis Italiaans",71,173,1,"App, taalschool, marktplaats of privéles?",https://thuisitaliaans.com/waarom-thuis-italiaans,3,Article+BreadcrumbList+ListItem+WebPage,,1064,2,83,0,1,title lungo; description lunga; canonical diverso dal percorso
lessen/why-thuis-italiaans.html,en,"Why Thuis Italiaans — app, language school or private lessons? | Thuis Italiaans",80,137,1,"App, language school, marketplace or private lessons?",https://thuisitaliaans.com/why-thuis-italiaans,3,BreadcrumbList+ListItem+WebPage,,940,2,81,0,1,title lungo; canonical diverso dal percorso
lessen/zakelijk-italiaans.html,nl,Zakelijk Italiaans — les op maat voor professionals | thuisitaliaans,68,143,1,Zakelijk Italiaans,https://thuisitaliaans.com/zakelijk-italiaans,4,Answer+BreadcrumbList+City+FAQPage+ListItem+Offer+Place+Ques,si,434,2,86,0,2,title lungo; canonical diverso dal percorso
libri-privacy.html,it,Privacy e note legali · Libri | thuisitaliaans,46,108,1,Privacy e note legali &middot; Libri,https://thuisitaliaans.com/libri-privacy,3,WebPage,,170,0,4,0,0,noindex; hreflang senza x-default; og:locale assente; pagina sottile; niente tabelle/liste/FAQ da citare
libri.html,it,Libri in italiano facile A1–C1: classici per chi studia | ti,60,152,1,Libri in italiano facile: i classici riscritti per chi studia,https://thuisitaliaans.com/libri,4,Answer+Book+BreadcrumbList+CollectionPage+FAQPage+ListItem+O,si,1138,26,51,0,1,
libri/canne-al-vento.html,it,Canne al vento – Libro in italiano facile (B1) | Deledda,56,129,1,Canne al vento: libro in italiano per studenti intermedi (B1),https://thuisitaliaans.com/libri/canne-al-vento,4,Answer+Book+BreadcrumbList+EducationalAudience+FAQPage+ListI,si,1378,7,25,0,2,
libri/cuore.html,it,Cuore – Libro in italiano facile (A1) | De Amicis,49,154,1,Cuore: libro in italiano per principianti (A1),https://thuisitaliaans.com/libri/cuore,4,Answer+Book+BreadcrumbList+EducationalAudience+FAQPage+ListI,si,1426,7,25,0,2,
libri/demetrio-pianelli.html,it,Demetrio Pianelli – Libro in italiano facile (A2) | De Marchi,61,134,1,Demetrio Pianelli: libro in italiano per principianti (A2),https://thuisitaliaans.com/libri/demetrio-pianelli,4,Answer+Book+BreadcrumbList+EducationalAudience+FAQPage+ListI,si,1466,7,25,0,2,
libri/don-giovanni-in-sicilia.html,it,Don Giovanni in Sicilia – Libro in italiano facile (A2) | Brancati,66,142,1,Don Giovanni in Sicilia: libro in italiano per principianti (A2),https://thuisitaliaans.com/libri/don-giovanni-in-sicilia,4,Answer+Book+BreadcrumbList+EducationalAudience+FAQPage+ListI,si,850,5,25,0,2,title lungo
libri/eva.html,it,Eva – Libro in italiano facile (A1) | Verga,43,149,1,Eva: libro in italiano per principianti (A1),https://thuisitaliaans.com/libri/eva,4,Answer+Book+BreadcrumbList+EducationalAudience+FAQPage+ListI,si,1409,7,25,0,2,
libri/giacinta.html,it,Giacinta – Libro in italiano facile (A1) | Capuana,50,153,1,Giacinta: libro in italiano per principianti (A1),https://thuisitaliaans.com/libri/giacinta,4,Answer+Book+BreadcrumbList+EducationalAudience+FAQPage+ListI,si,1407,7,25,0,2,
libri/gian-burrasca.html,it,Il giornalino di Gian Burrasca – Libro in italiano facile (A1) | Vamba,70,136,1,Il giornalino di Gian Burrasca: libro in italiano per principianti (A1,https://thuisitaliaans.com/libri/gian-burrasca,4,Answer+Book+BreadcrumbList+EducationalAudience+FAQPage+ListI,si,1476,7,25,0,2,title lungo
libri/i-promessi-sposi.html,it,I promessi sposi – Libro in italiano facile (B2) | Manzoni,58,135,1,I promessi sposi: libro in italiano per studenti intermedi (B2),https://thuisitaliaans.com/libri/i-promessi-sposi,4,Answer+Book+BreadcrumbList+EducationalAudience+FAQPage+ListI,si,1505,7,25,0,2,
libri/i-vicere.html,it,I Viceré – Libro in italiano facile (C1) | De Roberto,53,128,1,I Viceré: libro in italiano per studenti avanzati (C1),https://thuisitaliaans.com/libri/i-vicere,4,Answer+Book+BreadcrumbList+EducationalAudience+FAQPage+ListI,si,1414,7,25,0,2,
libri/il-corsaro-nero.html,it,Il corsaro nero – Libro in italiano facile (A2) | Salgari,57,130,1,Il corsaro nero: libro in italiano per principianti (A2),https://thuisitaliaans.com/libri/il-corsaro-nero,4,Answer+Book+BreadcrumbList+EducationalAudience+FAQPage+ListI,si,1415,7,25,0,2,
libri/il-fu-mattia-pascal.html,it,Il fu Mattia Pascal – Libro in italiano facile (B1) | Pirandello,64,136,1,Il fu Mattia Pascal: libro in italiano per studenti intermedi (B1),https://thuisitaliaans.com/libri/il-fu-mattia-pascal,4,Answer+Book+BreadcrumbList+EducationalAudience+FAQPage+ListI,si,1438,7,25,0,2,
libri/il-milione.html,it,Il Milione – Libro in italiano facile (B2) | Marco Polo,55,152,1,Il Milione: libro in italiano per studenti intermedi (B2),https://thuisitaliaans.com/libri/il-milione,4,Answer+Book+BreadcrumbList+EducationalAudience+FAQPage+ListI,si,1376,7,25,0,2,
libri/il-paese-di-cuccagna.html,it,Il paese di Cuccagna – Libro in italiano facile (B1) | Serao,60,134,1,Il paese di Cuccagna: libro in italiano per studenti intermedi (B1),https://thuisitaliaans.com/libri/il-paese-di-cuccagna,4,Answer+Book+BreadcrumbList+EducationalAudience+FAQPage+ListI,si,1466,7,25,0,2,
libri/il-piacere.html,it,Il piacere – Libro in italiano facile (C1) | D'Annunzio,55,135,1,Il piacere: libro in italiano per studenti avanzati (C1),https://thuisitaliaans.com/libri/il-piacere,4,Answer+Book+BreadcrumbList+EducationalAudience+FAQPage+ListI,si,1448,7,25,0,2,
libri/il-servitore-di-due-padroni.html,it,Il servitore di due padroni – Libro in italiano facile (B1) | Goldoni,69,141,1,Il servitore di due padroni: libro in italiano per studenti intermedi ,https://thuisitaliaans.com/libri/il-servitore-di-due-padroni,4,Answer+Book+BreadcrumbList+EducationalAudience+FAQPage+ListI,si,1469,7,25,0,2,title lungo
libri/la-citta-del-sole.html,it,La città del Sole – Libro in italiano facile (B2) | Campanella,62,136,1,La città del Sole: libro in italiano per studenti intermedi (B2),https://thuisitaliaans.com/libri/la-citta-del-sole,4,Answer+Book+BreadcrumbList+EducationalAudience+FAQPage+ListI,si,1462,7,25,0,2,
libri/la-coscienza-di-zeno.html,it,La coscienza di Zeno – Libro in italiano facile (A2) | Svevo,60,132,1,La coscienza di Zeno: libro in italiano per principianti (A2),https://thuisitaliaans.com/libri/la-coscienza-di-zeno,4,Answer+Book+BreadcrumbList+EducationalAudience+FAQPage+ListI,si,1455,7,25,0,2,
libri/la-giovinezza-di-cesare.html,it,La giovinezza di Cesare – Libro in italiano facile (B2) | Rovani,64,139,1,La giovinezza di Cesare: libro in italiano per studenti intermedi (B2),https://thuisitaliaans.com/libri/la-giovinezza-di-cesare,4,Answer+Book+BreadcrumbList+EducationalAudience+FAQPage+ListI,si,1448,7,25,0,2,
libri/la-vita-nuova.html,it,La Vita Nuova – Libro in italiano facile (B2) | Dante,53,129,1,La Vita Nuova: libro in italiano per studenti intermedi (B2),https://thuisitaliaans.com/libri/la-vita-nuova,4,Answer+Book+BreadcrumbList+EducationalAudience+FAQPage+ListI,si,1446,7,25,0,2,
libri/le-terre-del-sacramento.html,it,Le terre del Sacramento – Libro in italiano facile (A1) | Jovine,64,140,1,Le terre del Sacramento: libro in italiano per principianti (A1),https://thuisitaliaans.com/libri/le-terre-del-sacramento,4,Answer+Book+BreadcrumbList+EducationalAudience+FAQPage+ListI,si,834,5,25,0,2,
libri/lettere-di-viaggio.html,it,Lettere di viaggio – Libro in italiano facile (A2) | Colombo e Vespucci,71,137,1,Lettere di viaggio: libro in italiano per principianti (A2),https://thuisitaliaans.com/libri/lettere-di-viaggio,4,Answer+Book+BreadcrumbList+EducationalAudience+FAQPage+ListI,si,1475,7,25,0,2,title lungo
libri/orlando-furioso.html,it,Orlando furioso – Libro in italiano facile (B1) | Ariosto,57,132,1,Orlando furioso: libro in italiano per studenti intermedi (B1),https://thuisitaliaans.com/libri/orlando-furioso,4,Answer+Book+BreadcrumbList+EducationalAudience+FAQPage+ListI,si,1551,7,25,0,2,
libri/orlando-innamorato.html,it,L&#x27;Orlando innamorato – Libro in italiano facile (A2) | Boiardo,67,146,1,L&#x27;Orlando innamorato: libro in italiano per principianti (A2),https://thuisitaliaans.com/libri/orlando-innamorato,4,Answer+Book+BreadcrumbList+EducationalAudience+FAQPage+ListI,si,1433,7,25,0,2,title lungo
libri/piccolo-mondo-antico.html,it,Piccolo mondo antico – Libro in italiano facile (C1) | Fogazzaro,64,138,1,Piccolo mondo antico: libro in italiano per studenti avanzati (C1),https://thuisitaliaans.com/libri/piccolo-mondo-antico,4,Answer+Book+BreadcrumbList+EducationalAudience+FAQPage+ListI,si,1451,7,25,0,2,
libri/pinocchio.html,it,Le avventure di Pinocchio – Libro in italiano facile (A2) | Collodi,67,139,1,Le avventure di Pinocchio: libro in italiano per principianti (A2),https://thuisitaliaans.com/libri/pinocchio,4,Answer+Book+BreadcrumbList+EducationalAudience+FAQPage+ListI,si,1486,7,25,0,2,title lungo
libri/sidereus-nuncius.html,it,Il Sidereus Nuncius – Libro in italiano facile (B2) | Galileo,61,135,1,Il Sidereus Nuncius: libro in italiano per studenti intermedi (B2),https://thuisitaliaans.com/libri/sidereus-nuncius,4,Answer+Book+BreadcrumbList+EducationalAudience+FAQPage+ListI,si,1394,7,25,0,2,
lingue/apprendre-italien-app.html,fr,Apprendre l'italien : l'app iOS qui vous mène de A1 à C2 — Ti,61,194,1,"Apprenez l'italien, du premier mot à Dante.",https://thuisitaliaans.com/lingue/apprendre-italien-app,15,Answer+BreadcrumbList+FAQPage+ImageObject+ListItem+MobileApp,si,464,8,11,0,0,description lunga; FAQPage senza domande visibili; niente tabelle/liste/FAQ da citare
lingue/aprender-italiano-app.html,es,Aprender italiano: la app iOS que te lleva de A1 a C2 — Ti,58,181,1,"Aprende italiano, desde la primera palabra hasta Dante.",https://thuisitaliaans.com/lingue/aprender-italiano-app,15,Answer+BreadcrumbList+FAQPage+ImageObject+ListItem+MobileApp,si,471,8,11,0,0,description lunga; FAQPage senza domande visibili; niente tabelle/liste/FAQ da citare
lingue/aprender-italiano-pt-app.html,pt,Aprender italiano: a app iOS que te leva de A1 a C2 — Ti,56,174,1,"Aprende italiano, da primeira palavra até Dante.",https://thuisitaliaans.com/lingue/aprender-italiano-pt-app,15,Answer+BreadcrumbList+FAQPage+ImageObject+ListItem+MobileApp,si,460,8,11,0,0,description lunga; FAQPage senza domande visibili; niente tabelle/liste/FAQ da citare
lingue/articles-italiens.html,fr,"Articles italiens (il, la, lo, l', i, gli, le) : guide complet",62,129,1,"Les articles italiens, une fois pour toutes",https://thuisitaliaans.com/lingue/articles-italiens,11,Article+BreadcrumbList+ImageObject+ListItem+Organization+Web,,210,8,11,0,1,pagina sottile
lingue/articulos-italianos.html,es,"Artículos italianos (il, la, lo, l', i, gli, le): guía completa",63,149,1,"Los artículos italianos, de una vez",https://thuisitaliaans.com/lingue/articulos-italianos,11,Article+BreadcrumbList+ImageObject+ListItem+Organization+Web,,230,8,11,0,1,pagina sottile
lingue/artigos-italianos.html,pt,"Artigos italianos (il, la, lo, l', i, gli, le)",46,80,1,Os artigos italianos,https://thuisitaliaans.com/lingue/artigos-italianos,11,Article+BreadcrumbList+ImageObject+ListItem+Organization+Web,,157,8,11,0,1,pagina sottile
lingue/best-free-italian-app.html,en,The Best Free Apps to Learn Italian (2026 Review),49,169,1,The best free apps to learn Italian in 2026.,https://thuisitaliaans.com/lingue/best-free-italian-app,3,Article+BreadcrumbList+ImageObject+ListItem+Organization+Web,,525,8,11,0,1,description lunga
lingue/bestellen-italienisch.html,de,"Auf Italienisch bestellen: Café, Restaurant, Pizza",50,69,1,Auf Italienisch bestellen,https://thuisitaliaans.com/lingue/bestellen-italienisch,12,Article+BreadcrumbList+ImageObject+ListItem+Organization+Web,,144,8,11,0,1,description corta; pagina sottile
lingue/choose-your-italian-reading-level.html,en,How to Choose Your Italian Reading Level (A1 to C1) — Ti,56,125,1,How to Choose Your Italian Reading Level (A1 to C1),https://thuisitaliaans.com/lingue/choose-your-italian-reading-level,0,Article+Person+WebPage,,379,7,15,0,2,
lingue/cils-vs-celi-vs-plida.html,en,CILS vs CELI vs PLIDA vs Roma Tre: Which Italian Test to Take?,62,141,1,CILS vs CELI vs PLIDA vs Roma Tre,https://thuisitaliaans.com/lingue/cils-vs-celi-vs-plida,0,Article+BreadcrumbList+ImageObject+ListItem+Organization+Web,,281,8,11,0,1,pagina sottile
lingue/colores-italiano.html,es,Los colores en italiano con reglas de concordancia,50,133,1,Los colores en italiano,https://thuisitaliaans.com/lingue/colores-italiano,5,Article+BreadcrumbList+ImageObject+ListItem+Organization+Web,,226,8,11,0,1,pagina sottile
lingue/comida-italiano-pt.html,pt,Vocabulário de comida em italiano,33,88,1,Vocabulário de comida em italiano,https://thuisitaliaans.com/lingue/comida-italiano-pt,6,Article+BreadcrumbList+ImageObject+ListItem+Organization+Web,,185,8,11,0,1,pagina sottile
lingue/commander-italien.html,fr,Comment commander à manger en italien,37,76,1,Commander à manger en italien,https://thuisitaliaans.com/lingue/commander-italien,12,Article+BreadcrumbList+ImageObject+ListItem+Organization+Web,,160,8,11,0,1,pagina sottile
lingue/direcciones-italiano.html,es,Cómo preguntar direcciones en italiano,38,127,1,Cómo preguntar direcciones en italiano,https://thuisitaliaans.com/lingue/direcciones-italiano,3,Article+BreadcrumbList+ImageObject+ListItem+Organization+Web,,255,8,11,0,1,pagina sottile
lingue/erreurs-italien-francophones.html,fr,10 erreurs fréquentes en italien pour les francophones,54,122,1,10 erreurs italiennes des francophones,https://thuisitaliaans.com/lingue/erreurs-italien-francophones,5,Article+BreadcrumbList+ImageObject+ListItem+Organization+Web,,226,8,11,0,1,pagina sottile
lingue/errores-italiano-espanoles.html,es,Errores comunes de italiano para hispanohablantes,49,137,1,10 errores italianos que hacen los hispanohablantes,https://thuisitaliaans.com/lingue/errores-italiano-espanoles,5,Article+BreadcrumbList+ImageObject+ListItem+Organization+Web,,238,8,11,0,1,pagina sottile
lingue/familia-italiano.html,es,Vocabulario de la familia en italiano,37,127,1,La familia en italiano,https://thuisitaliaans.com/lingue/familia-italiano,5,Article+BreadcrumbList+ImageObject+ListItem+Organization+Web,,233,8,11,0,1,pagina sottile
lingue/familie-italienisch.html,de,Die Familie auf Italienisch: Vokabelset,39,103,1,Die Familie auf Italienisch,https://thuisitaliaans.com/lingue/familie-italienisch,5,Article+BreadcrumbList+ImageObject+ListItem+Organization+Web,,166,8,11,0,1,pagina sottile
lingue/famille-italien.html,fr,La famille en italien : vocabulaire complet,43,111,1,La famille en italien,https://thuisitaliaans.com/lingue/famille-italien,5,Article+BreadcrumbList+ImageObject+ListItem+Organization+Web,,186,8,11,0,1,pagina sottile
lingue/fehler-italienisch-deutsche.html,de,10 typische Italienisch-Fehler von Deutschsprachigen,52,128,1,10 Italienisch-Fehler von Deutschsprachigen,https://thuisitaliaans.com/lingue/fehler-italienisch-deutsche,5,Article+BreadcrumbList+ImageObject+ListItem+Organization+Web,,202,8,11,0,1,pagina sottile
lingue/graded-readers-vs-parallel-text.html,en,Graded Readers vs Parallel Text: which actually works — Ti,58,112,1,Graded Readers vs Parallel Text: which actually works,https://thuisitaliaans.com/lingue/graded-readers-vs-parallel-text,0,Article+Person+WebPage,,375,7,10,0,1,
lingue/how-long-to-learn-italian.html,en,How Long Does It Take to Learn Italian? A Realistic Timeline,60,162,1,How long does it really take to learn Italian?,https://thuisitaliaans.com/lingue/how-long-to-learn-italian,0,Article+BreadcrumbList+ImageObject+ListItem+Organization+Web,,479,8,11,0,1,
lingue/how-to-ask-directions-italian.html,en,How to Ask For Directions in Italian,36,147,1,How to ask for directions in Italian,https://thuisitaliaans.com/lingue/how-to-ask-directions-italian,3,Article+BreadcrumbList+ImageObject+ListItem+Organization+Web,,268,8,11,0,1,pagina sottile
lingue/how-to-introduce-yourself-italian.html,en,How to Introduce Yourself in Italian: 10 Phrases,48,152,1,How to introduce yourself in Italian,https://thuisitaliaans.com/lingue/how-to-introduce-yourself-italian,12,Article+BreadcrumbList+ImageObject+ListItem+Organization+Web,,241,8,11,0,1,pagina sottile
lingue/how-to-order-food-italian.html,en,"How to Order Food in Italian: Café, Restaurant, Takeaway",56,124,1,How to order food in Italian,https://thuisitaliaans.com/lingue/how-to-order-food-italian,12,Article+BreadcrumbList+ImageObject+ListItem+Organization+Web,,284,8,11,0,1,pagina sottile
lingue/how-to-read-a-novel-in-italian.html,en,How to Read Your First Novel in Italian — Ti,44,135,1,How to Read Your First Novel in Italian,https://thuisitaliaans.com/lingue/how-to-read-a-novel-in-italian,0,Article+Person+WebPage,,405,7,13,0,1,
lingue/idiomes-italiens.html,fr,15 expressions idiomatiques italiennes indispensables,53,116,1,15 expressions italiennes à connaître,https://thuisitaliaans.com/lingue/idiomes-italiens,5,Article+BreadcrumbList+ImageObject+ListItem+Organization+Web,,251,8,11,0,1,pagina sottile
lingue/imperfetto-italiano.html,es,El imperfetto italiano: cómo y cuándo usarlo,44,140,1,El imperfetto italiano,https://thuisitaliaans.com/lingue/imperfetto-italiano,3,Article+BreadcrumbList+ImageObject+ListItem+Organization+Web,,225,8,11,0,1,pagina sottile
lingue/index.html,en,Ti — Learn Italian in 14 Languages | Thuis Italiaans,52,97,1,Learn Italian in your language.,https://thuisitaliaans.com/lingue/,0,WebPage,,1820,8,243,0,1,og:locale assente
lingue/invata-italiana-aplicatie.html,ro,Învață italiana: aplicația iOS care te duce de la A1 la C2 — Ti,63,179,1,"Învață italiana, de la primul cuvânt până la Dante.",https://thuisitaliaans.com/lingue/invata-italiana-aplicatie,15,Answer+BreadcrumbList+FAQPage+ImageObject+ListItem+MobileApp,si,489,8,19,0,1,description lunga; FAQPage senza domande visibili
lingue/italiaans-leren-app.html,nl,Italiaans leren: de iOS-app die je van A1 tot C2 begeleidt — Ti,63,184,1,"Leer Italiaans, van je eerste woord tot Dante.",https://thuisitaliaans.com/lingue/italiaans-leren-app,15,Answer+BreadcrumbList+FAQPage+ImageObject+ListItem+MobileApp,si,448,8,11,0,0,description lunga; FAQPage senza domande visibili; niente tabelle/liste/FAQ da citare
lingue/italiaans-lidwoorden.html,nl,"Italiaanse lidwoorden (il, la, lo, l', i, gli, le)",50,78,1,Italiaanse lidwoorden,https://thuisitaliaans.com/lingue/italiaans-lidwoorden,11,Article+BreadcrumbList+ImageObject+ListItem+Organization+Web,,150,8,11,0,1,pagina sottile
lingue/italiaans-permesso-nl.html,nl,Italiaans voor het permesso di soggiorno,40,125,1,Italiaans voor het permesso di soggiorno,https://thuisitaliaans.com/lingue/italiaans-permesso-nl,13,Article+BreadcrumbList+ImageObject+ListItem+Organization+Web,,182,8,11,0,1,pagina sottile
lingue/italiaans-tegenwoordige-tijd.html,nl,De Italiaanse tegenwoordige tijd: regelmatige en onregelmatige werkwoorden,74,104,1,De Italiaanse tegenwoordige tijd,https://thuisitaliaans.com/lingue/italiaans-tegenwoordige-tijd,13,Article+BreadcrumbList+ImageObject+ListItem+Organization+Web,,182,8,11,0,1,title lungo; pagina sottile
lingue/italiaans-voor-beginners.html,nl,Italiaans voor beginners: je eerste 50 woorden en zinnen,56,140,1,Italiaans voor absolute beginners.,https://thuisitaliaans.com/lingue/italiaans-voor-beginners,7,Article+BreadcrumbList+ImageObject+ListItem+Organization+Web,,496,8,11,0,1,
lingue/italian-a2-permesso-soggiorno-bn.html,bn,ইতালিতে দীর্ঘমেয়াদি রেসিডেন্স পারমিটের জন্য A2 পরীক্ষা — Ti,60,112,1,ইতালিতে দীর্ঘমেয়াদি পারমিটের জন্য A2 পরীক্ষা,https://thuisitaliaans.com/lingue/italian-a2-permesso-soggiorno-bn,7,Article+Person+WebPage,,338,8,8,0,0,og:locale assente; niente tabelle/liste/FAQ da citare
lingue/italian-abarjona-bn.html,bn,বর্জ্য আলাদা করা ও ভবনের ইতালীয় — Ti,37,58,1,বর্জ্য আলাদা করা ও ভবনের ইতালীয়,https://thuisitaliaans.com/lingue/italian-abarjona-bn,6,Article+Person+WebPage,,176,7,8,0,2,description corta; og:locale assente; pagina sottile
lingue/italian-apologies-thanks.html,en,How to Apologise and Thank in Italian,37,119,1,How to apologise and thank in Italian,https://thuisitaliaans.com/lingue/italian-apologies-thanks,0,Article+BreadcrumbList+ImageObject+ListItem+Organization+Web,,242,8,11,0,1,pagina sottile
lingue/italian-articles.html,en,"Italian Articles (il, la, lo, l', i, gli, le): The Complete Guide",65,150,1,"Italian articles, once and for all",https://thuisitaliaans.com/lingue/italian-articles,11,Article+BreadcrumbList+ImageObject+ListItem+Organization+Web,,241,8,11,0,1,pagina sottile
lingue/italian-bajar-bn.html,bn,সুপারমার্কেটে বাজার করার ইতালীয় — Ti,37,56,1,সুপারমার্কেটে বাজার করার ইতালীয়,https://thuisitaliaans.com/lingue/italian-bajar-bn,6,Article+Person+WebPage,,156,7,8,0,2,description corta; og:locale assente; pagina sottile
lingue/italian-bank-bn.html,bn,ব্যাংকে ইতালীয় — Ti,20,52,1,ব্যাংকে ইতালীয়,https://thuisitaliaans.com/lingue/italian-bank-bn,9,Article+Person+WebPage,,127,7,8,0,2,description corta; og:locale assente; pagina sottile
lingue/italian-bank-ti.html,ti,ጣልያንኛ ኣብ ባንክ — Ti,17,35,1,ጣልያንኛ ኣብ ባንክ,https://thuisitaliaans.com/lingue/italian-bank-ti,9,Article+Person+WebPage,,128,7,8,0,2,description corta; og:locale assente; pagina sottile
lingue/italian-bethimhirti-ti.html,ti,ጣልያንኛ ንቤት ትምህርቲ ደቅኻ — Ti,24,53,1,ጣልያንኛ ንቤት ትምህርቲ ደቅኻ,https://thuisitaliaans.com/lingue/italian-bethimhirti-ti,9,Article+Person+WebPage,,133,7,8,0,2,description corta; og:locale assente; pagina sottile
lingue/italian-bhara-bn.html,bn,বাড়ি ভাড়া নেওয়ার ইতালীয় — Ti,32,58,1,বাড়ি ভাড়া নেওয়ার ইতালীয়,https://thuisitaliaans.com/lingue/italian-bhara-bn,9,Article+Person+WebPage,,130,7,8,0,2,description corta; og:locale assente; pagina sottile
lingue/italian-bill-bn.html,bn,বিল ও ডাকঘরের ইতালীয় — Ti,26,76,1,বিল ও ডাকঘরের ইতালীয়,https://thuisitaliaans.com/lingue/italian-bill-bn,6,Article+Person+WebPage,,187,7,8,0,2,og:locale assente; pagina sottile
lingue/italian-body-parts.html,en,Italian Body Parts Vocabulary,29,148,1,Italian body parts vocabulary,https://thuisitaliaans.com/lingue/italian-body-parts,0,Article+BreadcrumbList+ImageObject+ListItem+Organization+Web,,226,8,11,0,1,pagina sottile
lingue/italian-bollette-ti.html,ti,ጣልያንኛ፡ ሕሳባትን ፖስታን — Ti,22,54,1,ጣልያንኛ፡ ሕሳባትን ፖስታን,https://thuisitaliaans.com/lingue/italian-bollette-ti,6,Article+Person+WebPage,,196,7,8,0,2,description corta; og:locale assente; pagina sottile
lingue/italian-bornomala-bn.html,bn,ইতালীয় বর্ণমালা ও উচ্চারণ — Ti,31,72,1,ইতালীয় বর্ণমালা ও উচ্চারণ,https://thuisitaliaans.com/lingue/italian-bornomala-bn,6,Article+Person+WebPage,,202,7,8,0,2,og:locale assente; pagina sottile
lingue/italian-bortoman-kal-bn.html,bn,ইতালীয় বর্তমান কাল (presente indicativo) — Ti,46,79,1,ইতালীয় বর্তমান কাল,https://thuisitaliaans.com/lingue/italian-bortoman-kal-bn,4,Article+BreadcrumbList+ImageObject+ListItem+Organization+Web,,189,8,11,0,0,pagina sottile; niente tabelle/liste/FAQ da citare
lingue/italian-citizenship-test-a2.html,en,Italian Citizenship Test (CILS A2): How It Works & How to Prepare,65,183,1,"The Italian citizenship language test, explained.",https://thuisitaliaans.com/lingue/italian-citizenship-test-a2,14,Answer+Article+BreadcrumbList+FAQPage+ImageObject+ListItem+O,si,613,8,11,0,1,description lunga; FAQPage senza domande visibili
lingue/italian-cittadinanza-ti.html,ti,ናይ ጣልያንኛ ፈተና ንዜግነት (CILS A2) — Ti,33,69,1,ጣልያንኛ ፈተና ንዜግነት (CILS A2),https://thuisitaliaans.com/lingue/italian-cittadinanza-ti,14,Article+BreadcrumbList+ImageObject+ListItem+Organization+Web,,215,8,11,0,1,description corta; pagina sottile
lingue/italian-classics-for-learners.html,en,Italian Classics You Can Actually Read at Your Level — Ti,57,111,1,Italian Classics You Can Actually Read at Your Level,https://thuisitaliaans.com/lingue/italian-classics-for-learners,0,Article+Person+WebPage,,595,7,21,0,2,
lingue/italian-clothing-vocabulary.html,en,Italian Clothing Vocabulary and Shopping Phrases,48,147,1,Italian clothing vocabulary,https://thuisitaliaans.com/lingue/italian-clothing-vocabulary,0,Article+BreadcrumbList+ImageObject+ListItem+Organization+Web,,256,8,11,0,1,pagina sottile
lingue/italian-codice-fiscale-bn.html,bn,কোদিচে ফিসকালে করাতে ইতালীয় — Ti,33,68,1,কোদিচে ফিসকালে করাতে ইতালীয়,https://thuisitaliaans.com/lingue/italian-codice-fiscale-bn,6,Article+Person+WebPage,,173,7,8,0,2,description corta; og:locale assente; pagina sottile
lingue/italian-codice-fiscale-ti.html,ti,ጣልያንኛ ንኮዲቸ ፊስካለ (ናይ ግብሪ ቁጽሪ) — Ti,33,47,1,ጣልያንኛ ንኮዲቸ ፊስካለ (ናይ ግብሪ ቁጽሪ),https://thuisitaliaans.com/lingue/italian-codice-fiscale-ti,6,Article+Person+WebPage,,184,7,8,0,2,description corta; og:locale assente; pagina sottile
lingue/italian-cognates.html,en,1000 Italian Words You Already Know: The Cognates Guide,55,133,1,1000 Italian words you already know,https://thuisitaliaans.com/lingue/italian-cognates,0,Article+BreadcrumbList+ImageObject+ListItem+Organization+Web,,309,8,11,0,1,
lingue/italian-colors.html,en,Italian Colors: Vocabulary With Agreement Rules,47,139,1,Italian colors,https://thuisitaliaans.com/lingue/italian-colors,5,Article+BreadcrumbList+ImageObject+ListItem+Organization+Web,,216,8,11,0,1,pagina sottile
lingue/italian-common-mistakes.html,en,Italian Mistakes English Speakers Make (And How to Fix Them),60,145,1,10 Italian mistakes English speakers make,https://thuisitaliaans.com/lingue/italian-common-mistakes,5,Article+BreadcrumbList+ImageObject+ListItem+Organization+Web,,245,8,11,0,1,pagina sottile
lingue/italian-conditional.html,en,Italian Conditional (Condizionale): The Polite Verb Form,56,160,1,The Italian conditional,https://thuisitaliaans.com/lingue/italian-conditional,0,Article+BreadcrumbList+ImageObject+ListItem+Organization+Web,,216,8,11,0,1,pagina sottile
lingue/italian-daktar-bn.html,bn,ডাক্তার ও ফার্মেসিতে ইতালীয় — Ti,33,65,1,ডাক্তার ও ফার্মেসিতে ইতালীয়,https://thuisitaliaans.com/lingue/italian-daktar-bn,9,Article+Person+WebPage,,144,7,8,0,2,description corta; og:locale assente; pagina sottile
lingue/italian-days-months.html,en,Days of the Week and Months in Italian,38,118,1,"Days, months, and dates in Italian",https://thuisitaliaans.com/lingue/italian-days-months,0,Article+BreadcrumbList+ImageObject+ListItem+Organization+Web,,199,8,11,0,1,pagina sottile
lingue/italian-dialects-vs-standard-italian.html,en,Italian Dialects vs Standard Italian: gabagool explained — Ti,61,135,1,Italian Dialects vs Standard Italian: gabagool explained,https://thuisitaliaans.com/lingue/italian-dialects-vs-standard-italian,0,Article+Person+WebPage,,386,7,12,0,1,
lingue/italian-differenziata-ti.html,ti,ጣልያንኛ፡ ጓሓፍ ምፍላይን ህንጻን — Ti,26,53,1,ጣልያንኛ፡ ጓሓፍ ምፍላይን ህንጻን,https://thuisitaliaans.com/lingue/italian-differenziata-ti,6,Article+Person+WebPage,,175,7,8,0,2,description corta; og:locale assente; pagina sottile
lingue/italian-dottore-ti.html,ti,ጣልያንኛ ኣብ ሓኪም ን ፐርፐፐርን ወ Pronto Soccorso — Ti,44,52,1,ጣልያንኛ ኣብ ሓኪም ን Pronto Soccorso,https://thuisitaliaans.com/lingue/italian-dottore-ti,0,Article+BreadcrumbList+ImageObject+ListItem+Organization+Web,,198,8,11,0,1,description corta; pagina sottile
lingue/italian-family-vocabulary.html,en,"Italian Family Vocabulary: Parents, Siblings, Extended Family",61,145,1,Italian family vocabulary,https://thuisitaliaans.com/lingue/italian-family-vocabulary,5,Article+BreadcrumbList+ImageObject+ListItem+Organization+Web,,255,8,11,0,1,pagina sottile
lingue/italian-fidelat-ti.html,ti,ናይ ጣልያንኛ ፊደላትን ኣደማምጻን — Ti,26,45,1,ናይ ጣልያንኛ ፊደላትን ኣደማምጻን,https://thuisitaliaans.com/lingue/italian-fidelat-ti,6,Article+Person+WebPage,,204,7,8,0,2,description corta; og:locale assente; pagina sottile
lingue/italian-food-vocabulary.html,en,Italian Food Vocabulary: 60 Words You'll Actually Use,53,129,1,Italian food vocabulary,https://thuisitaliaans.com/lingue/italian-food-vocabulary,6,Article+BreadcrumbList+ImageObject+ListItem+Organization+Web,,289,8,11,0,1,pagina sottile
lingue/italian-for-beginners.html,en,Italian for Beginners: Your First 50 Words and Phrases,54,138,1,Italian for absolute beginners.,https://thuisitaliaans.com/lingue/italian-for-beginners,7,Article+BreadcrumbList+ImageObject+ListItem+Organization+Web,,538,8,11,0,1,
lingue/italian-for-english-speakers.html,en,"Italian for English Speakers: Cognates, False Friends, Tips",59,141,1,Italian for English speakers: the cheat sheet,https://thuisitaliaans.com/lingue/italian-for-english-speakers,6,Article+BreadcrumbList+ImageObject+ListItem+Organization+Web,,301,8,11,0,1,
lingue/italian-for-genealogy-research.html,en,"Italian for Genealogy: how to read birth, marriage and death records — Ti",73,148,1,"Italian for Genealogy: how to read birth, marriage and death records",https://thuisitaliaans.com/lingue/italian-for-genealogy-research,0,Article+Person+WebPage,,472,7,10,0,2,title lungo
lingue/italian-for-heritage-travel.html,en,Italian for Visiting Your Family&rsquo;s Town in Italy — Ti,59,138,1,Italian for Visiting Your Family&rsquo;s Town in Italy,https://thuisitaliaans.com/lingue/italian-for-heritage-travel,0,Article+Person+WebPage,,413,7,13,0,2,
lingue/italian-for-italian-americans.html,en,Italian for Italian Americans: what your family actually spoke — Ti,67,149,1,Italian for Italian Americans: what your family actually spoke,https://thuisitaliaans.com/lingue/italian-for-italian-americans,0,Article+Person+WebPage,,422,7,15,0,1,title lungo
lingue/italian-for-opera-singers.html,en,Italian for Singers: understanding what you are singing — Ti,60,134,1,Italian for Singers: understanding what you are singing,https://thuisitaliaans.com/lingue/italian-for-opera-singers,0,Article+Person+WebPage,,407,7,11,0,2,
lingue/italian-for-retirees-moving-to-italy.html,en,Italian for Retiring in Italy: the language you will actually use — Ti,70,133,1,Italian for Retiring in Italy: the language you will actually use,https://thuisitaliaans.com/lingue/italian-for-retirees-moving-to-italy,0,Article+Person+WebPage,,411,7,9,0,2,title lungo
lingue/italian-future-tense.html,en,Italian Future Tense: Simple and Compound Explained,51,142,1,The Italian future tense,https://thuisitaliaans.com/lingue/italian-future-tense,0,Article+BreadcrumbList+ImageObject+ListItem+Organization+Web,,253,8,11,0,1,pagina sottile
lingue/italian-greetings-farewells.html,en,Italian Greetings and Farewells: Which One When?,48,123,1,Italian greetings and farewells,https://thuisitaliaans.com/lingue/italian-greetings-farewells,0,Article+BreadcrumbList+ImageObject+ListItem+Organization+Web,,272,8,11,0,1,pagina sottile
lingue/italian-hadega-ti.html,ti,ጣልያንኛ ኣብ እዋን ህጹጽ ኩነታት — Ti,26,66,1,ጣልያንኛ ኣብ እዋን ህጹጽ ኩነታት,https://thuisitaliaans.com/lingue/italian-hadega-ti,6,Article+Person+WebPage,,166,7,8,0,2,description corta; og:locale assente; pagina sottile
lingue/italian-hakim-ti.html,ti,ጣልያንኛ ኣብ ሓኪምን ፋርማሲን — Ti,24,58,1,ጣልያንኛ ኣብ ሓኪምን ፋርማሲን,https://thuisitaliaans.com/lingue/italian-hakim-ti,9,Article+Person+WebPage,,139,7,8,0,2,description corta; og:locale assente; pagina sottile
lingue/italian-hidzi-gzee-ti.html,ti,ናይ ጣልያንኛ ናይ ሕጂ ግዜ (presente indicativo) — Ti,44,61,1,ናይ ጣልያንኛ ናይ ሕጂ ግዜ,https://thuisitaliaans.com/lingue/italian-hidzi-gzee-ti,4,Article+BreadcrumbList+ImageObject+ListItem+Organization+Web,,192,8,11,0,0,description corta; pagina sottile; niente tabelle/liste/FAQ da citare
lingue/italian-house-vocabulary.html,en,Italian House and Rooms Vocabulary,34,129,1,Italian house vocabulary,https://thuisitaliaans.com/lingue/italian-house-vocabulary,0,Article+BreadcrumbList+ImageObject+ListItem+Organization+Web,,241,8,11,0,1,pagina sottile
lingue/italian-idioms.html,en,15 Italian Idioms You'll Hear Every Day,39,138,1,15 Italian idioms you'll hear every day,https://thuisitaliaans.com/lingue/italian-idioms,5,Article+BreadcrumbList+ImageObject+ListItem+Organization+Web,,288,8,11,0,1,pagina sottile
lingue/italian-imperative.html,en,"Italian Imperative: Commands, Instructions, Recipes",51,125,1,The Italian imperative,https://thuisitaliaans.com/lingue/italian-imperative,0,Article+BreadcrumbList+ImageObject+ListItem+Organization+Web,,207,8,11,0,1,pagina sottile
lingue/italian-imperfetto.html,en,Italian Imperfetto: How and When to Use It,42,123,1,The Italian imperfetto,https://thuisitaliaans.com/lingue/italian-imperfetto,3,Article+BreadcrumbList+ImageObject+ListItem+Organization+Web,,238,8,11,0,1,pagina sottile
lingue/italian-in-6-months.html,en,Can You Learn Italian in 6 Months? Realistic Plan,49,132,1,Learning Italian in 6 months: what's realistic,https://thuisitaliaans.com/lingue/italian-in-6-months,5,Article+BreadcrumbList+ImageObject+ListItem+Organization+Web,,306,8,11,0,1,
lingue/italian-interview-bn.html,bn,চাকরির ইন্টারভিউতে ইতালীয় — Ti,31,56,1,চাকরির ইন্টারভিউতে ইতালীয়,https://thuisitaliaans.com/lingue/italian-interview-bn,9,Article+Person+WebPage,,136,7,8,0,2,description corta; og:locale assente; pagina sottile
lingue/italian-jobs-vocabulary.html,en,Italian Jobs and Professions Vocabulary,39,140,1,Italian jobs and professions,https://thuisitaliaans.com/lingue/italian-jobs-vocabulary,6,Article+BreadcrumbList+ImageObject+ListItem+Organization+Web,,248,8,11,0,1,pagina sottile
lingue/italian-joruri-obostha-bn.html,bn,জরুরি অবস্থা ও জরুরি বিভাগে ইতালীয় — Ti,40,75,1,জরুরি অবস্থা ও জরুরি বিভাগে ইতালীয়,https://thuisitaliaans.com/lingue/italian-joruri-obostha-bn,6,Article+Person+WebPage,,166,7,8,0,2,og:locale assente; pagina sottile
lingue/italian-kajer-jonno-bn.html,bn,কাজের জন্য ইতালীয় — Ti,23,95,1,কাজের জন্য ইতালীয়,https://thuisitaliaans.com/lingue/italian-kajer-jonno-bn,0,Article+BreadcrumbList+ImageObject+ListItem+Organization+Web,,249,8,11,0,1,pagina sottile
lingue/italian-kiray-ti.html,ti,ጣልያንኛ ንክራይ ገዛ — Ti,18,44,1,ጣልያንኛ ንክራይ ገዛ,https://thuisitaliaans.com/lingue/italian-kiray-ti,9,Article+Person+WebPage,,124,7,8,0,2,description corta; og:locale assente; pagina sottile
lingue/italian-license-bn.html,bn,ড্রাইভিং লাইসেন্সের ইতালীয় — Ti,32,76,1,ড্রাইভিং লাইসেন্সের ইতালীয়,https://thuisitaliaans.com/lingue/italian-license-bn,9,Article+Person+WebPage,,134,7,8,0,2,og:locale assente; pagina sottile
lingue/italian-menbari-ti.html,ti,ጣልያንኛ ንመንበርን ምምሕዳር ከተማን — Ti,28,54,1,ጣልያንኛ ንመንበርን ምምሕዳር ከተማን,https://thuisitaliaans.com/lingue/italian-menbari-ti,9,Article+Person+WebPage,,127,7,8,0,2,description corta; og:locale assente; pagina sottile
lingue/italian-menshi-ti.html,ti,ጣልያንኛ ንመዘወሪ ፍቓድ — Ti,20,45,1,ጣልያንኛ ንመዘወሪ ፍቓድ,https://thuisitaliaans.com/lingue/italian-menshi-ti,9,Article+Person+WebPage,,130,7,8,0,2,description corta; og:locale assente; pagina sottile
lingue/italian-nagorikto-a2-bn.html,bn,নাগরিকত্বের জন্য ইতালীয় পরীক্ষা (CILS A2) — Ti,47,99,1,নাগরিকত্বের জন্য ইতালীয় (CILS A2),https://thuisitaliaans.com/lingue/italian-nagorikto-a2-bn,14,Article+BreadcrumbList+ImageObject+ListItem+Organization+Web,,201,8,11,0,1,pagina sottile
lingue/italian-numbers-1-100.html,en,Italian Numbers 1 to 100: How to Count in Italian,49,127,1,Italian numbers 1 to 100,https://thuisitaliaans.com/lingue/italian-numbers-1-100,11,Article+BreadcrumbList+ImageObject+ListItem+Organization+Web,,265,8,11,0,1,pagina sottile
lingue/italian-passato-prossimo.html,en,Italian Passato Prossimo: The Compound Past Tense Explained,59,155,1,The Italian passato prossimo,https://thuisitaliaans.com/lingue/italian-passato-prossimo,6,Article+BreadcrumbList+ImageObject+ListItem+Organization+Web,,284,8,11,0,1,pagina sottile
lingue/italian-permesso-bn.html,bn,permesso di soggiorno-এর জন্য ইতালীয় — Ti,42,95,1,permesso di soggiorno-এর জন্য ইতালীয়,https://thuisitaliaans.com/lingue/italian-permesso-bn,13,Article+BreadcrumbList+ImageObject+ListItem+Organization+Web,,224,8,11,0,1,pagina sottile
lingue/italian-permesso-di-soggiorno.html,en,Italian Vocabulary for Permesso di Soggiorno,44,141,1,Italian for the permesso di soggiorno,https://thuisitaliaans.com/lingue/italian-permesso-di-soggiorno,13,Article+BreadcrumbList+ImageObject+ListItem+Organization+Web,,291,8,11,0,1,pagina sottile
lingue/italian-permesso-soggiorno-ti.html,ti,ጣልያንኛ ንፍቓድ ምንባር (permesso di soggiorno) — Ti,44,87,1,ጣልያንኛ ንፍቓድ ምንባር,https://thuisitaliaans.com/lingue/italian-permesso-soggiorno-ti,13,Article+BreadcrumbList+ImageObject+ListItem+Organization+Web,,235,8,11,0,1,pagina sottile
lingue/italian-phone-calls.html,en,How to Make a Phone Call in Italian,35,143,1,How to make a phone call in Italian,https://thuisitaliaans.com/lingue/italian-phone-calls,0,Article+BreadcrumbList+ImageObject+ListItem+Organization+Web,,225,8,11,0,1,pagina sottile
lingue/italian-poribohon-bn.html,bn,ট্রেন ও বাসের ইতালীয় — Ti,26,68,1,ট্রেন ও বাসের ইতালীয়,https://thuisitaliaans.com/lingue/italian-poribohon-bn,6,Article+Person+WebPage,,165,7,8,0,2,description corta; og:locale assente; pagina sottile
lingue/italian-porichoy-bn.html,bn,ইতালীয় ভাষায় নিজের পরিচয় দেওয়া — Ti,39,78,1,ইতালীয় ভাষায় নিজের পরিচয় দেওয়া,https://thuisitaliaans.com/lingue/italian-porichoy-bn,12,Article+BreadcrumbList+ImageObject+ListItem+Organization+Web,,217,8,11,0,0,pagina sottile; niente tabelle/liste/FAQ da citare
lingue/italian-prepositions.html,en,"Italian Prepositions (di, a, da, in, con, per): A Practical Guide",65,135,1,Italian prepositions,https://thuisitaliaans.com/lingue/italian-prepositions,6,Article+BreadcrumbList+ImageObject+ListItem+Organization+Web,,295,8,11,0,1,pagina sottile
lingue/italian-present-tense.html,en,The Italian Present Tense: Regular and Irregular Verbs,54,133,1,The Italian present tense,https://thuisitaliaans.com/lingue/italian-present-tense,13,Article+BreadcrumbList+ImageObject+ListItem+Organization+Web,,294,8,11,0,1,pagina sottile
lingue/italian-presentazione-ti.html,ti,ብጣልያንኛ ከመይ ኢልካ ትፋለጥ — Ti,24,58,1,ብጣልያንኛ ከመይ ኢልካ ትፋለጥ,https://thuisitaliaans.com/lingue/italian-presentazione-ti,12,Article+BreadcrumbList+ImageObject+ListItem+Organization+Web,,202,8,11,0,0,description corta; pagina sottile; niente tabelle/liste/FAQ da citare
lingue/italian-prime-parole-ti.html,ti,ናይ ጣልያንኛ 50 መጀመርታ ቃላት — Ti,26,68,1,ናይ ጣልያንኛ 50 መጀመርታ ቃላት,https://thuisitaliaans.com/lingue/italian-prime-parole-ti,4,Article+BreadcrumbList+ImageObject+ListItem+Organization+Web,,325,8,11,0,0,description corta; niente tabelle/liste/FAQ da citare
lingue/italian-pronouns.html,en,"Italian Pronouns: Personal, Direct, Indirect, Reflexive",55,133,1,Italian pronouns without the panic,https://thuisitaliaans.com/lingue/italian-pronouns,0,Article+BreadcrumbList+ImageObject+ListItem+Organization+Web,,230,8,11,0,1,pagina sottile
lingue/italian-quaba-ti.html,ti,ጣልያንኛ ኣብ ቃለ መጠይቕ ስራሕ — Ti,25,39,1,ጣልያንኛ ኣብ ቃለ መጠይቕ ስራሕ,https://thuisitaliaans.com/lingue/italian-quaba-ti,9,Article+Person+WebPage,,145,7,8,0,2,description corta; og:locale assente; pagina sottile
lingue/italian-reading-practice-for-cils-celi-plida.html,en,"Italian Reading Practice for CILS, CELI and PLIDA — Ti",54,138,1,"Italian Reading Practice for CILS, CELI and PLIDA",https://thuisitaliaans.com/lingue/italian-reading-practice-for-cils-celi-plida,0,Article+Person+WebPage,,374,7,12,0,1,
lingue/italian-reflexive-verbs.html,en,"Italian Reflexive Verbs: Mi lavo, Ti alzi, Si veste",51,142,1,Italian reflexive verbs,https://thuisitaliaans.com/lingue/italian-reflexive-verbs,3,Article+BreadcrumbList+ImageObject+ListItem+Organization+Web,,236,8,11,0,1,pagina sottile
lingue/italian-residence-bn.html,bn,বসবাসের নিবন্ধন ও পৌরসভার ইতালীয় — Ti,38,68,1,বসবাসের নিবন্ধন ও পৌরসভার ইতালীয়,https://thuisitaliaans.com/lingue/italian-residence-bn,9,Article+Person+WebPage,,126,7,8,0,2,description corta; og:locale assente; pagina sottile
lingue/italian-restora-bn.html,bn,ইতালীয় রেস্তোরাঁয় — Ti,24,71,1,ইতালীয় রেস্তোরাঁয়,https://thuisitaliaans.com/lingue/italian-restora-bn,12,Article+BreadcrumbList+ImageObject+ListItem+Organization+Web,,185,8,11,0,1,pagina sottile
lingue/italian-ristorante-ti.html,ti,ኣብ ጣልያናዊ ቤት መግቢ ጣልያንኛ — Ti,26,48,1,ኣብ ጣልያናዊ ቤት መግቢ,https://thuisitaliaans.com/lingue/italian-ristorante-ti,12,Article+BreadcrumbList+ImageObject+ListItem+Organization+Web,,184,8,11,0,1,description corta; pagina sottile
lingue/italian-school-bn.html,bn,সন্তানের স্কুলের জন্য ইতালীয় — Ti,34,77,1,সন্তানের স্কুলের জন্য ইতালীয়,https://thuisitaliaans.com/lingue/italian-school-bn,9,Article+Person+WebPage,,127,7,8,0,2,og:locale assente; pagina sottile
lingue/italian-shikha-app.html,bn,ইতালীয় শেখা: A1 থেকে C2 পর্যন্ত iOS অ্যাপ — Ti,47,170,1,ইতালীয় শিখুন — প্রথম শব্দ থেকে দান্তে পর্যন্ত।,https://thuisitaliaans.com/lingue/italian-shikha-app,15,Answer+BreadcrumbList+FAQPage+ImageObject+ListItem+MobileApp,si,463,8,19,0,1,description lunga; FAQPage senza domande visibili
lingue/italian-shongkha-bn.html,bn,ইতালীয় সংখ্যা ১ থেকে ১০০ — Ti,30,63,1,ইতালীয় সংখ্যা ১ থেকে ১০০,https://thuisitaliaans.com/lingue/italian-shongkha-bn,11,Article+BreadcrumbList+ImageObject+ListItem+Organization+Web,,237,8,11,0,0,description corta; pagina sottile; niente tabelle/liste/FAQ da citare
lingue/italian-small-talk.html,en,Italian Small Talk: The Phrases That Break the Ice,50,126,1,Italian small talk,https://thuisitaliaans.com/lingue/italian-small-talk,0,Article+BreadcrumbList+ImageObject+ListItem+Organization+Web,,236,8,11,0,1,pagina sottile
lingue/italian-spid-bn.html,bn,কর নম্বর ও SPID-এর ইতালীয় — Ti,31,65,1,কর নম্বর ও SPID-এর ইতালীয়,https://thuisitaliaans.com/lingue/italian-spid-bn,9,Article+Person+WebPage,,123,7,8,0,2,description corta; og:locale assente; pagina sottile
lingue/italian-spid-ti.html,ti,ጣልያንኛ ንኮድ ግብርን SPID — Ti,24,45,1,ጣልያንኛ ንኮድ ግብርን SPID,https://thuisitaliaans.com/lingue/italian-spid-ti,9,Article+Person+WebPage,,122,7,8,0,2,description corta; og:locale assente; pagina sottile
lingue/italian-subjunctive.html,en,Italian Subjunctive (Congiuntivo): When and How,47,151,1,The Italian subjunctive,https://thuisitaliaans.com/lingue/italian-subjunctive,0,Article+BreadcrumbList+ImageObject+ListItem+Organization+Web,,240,8,11,0,1,pagina sottile
lingue/italian-supermercato-ti.html,ti,ጣልያንኛ ኣብ ሱፐርማርኬት — Ti,21,51,1,ጣልያንኛ ኣብ ሱፐርማርኬት,https://thuisitaliaans.com/lingue/italian-supermercato-ti,6,Article+Person+WebPage,,151,7,8,0,2,description corta; og:locale assente; pagina sottile
lingue/italian-timhro-app.html,ti,ጣልያንኛ ትምህርቲ: ካብ A1 ክሳብ C2 iOS ኣፕ — Ti,37,126,1,ጣልያንኛ ተምሃር — ካብ ቀዳመይቲ ቃል ክሳብ ዳንተ።,https://thuisitaliaans.com/lingue/italian-timhro-app,15,Answer+BreadcrumbList+FAQPage+ImageObject+ListItem+MobileApp,si,424,8,19,0,1,FAQPage senza domande visibili
lingue/italian-trasporti-ti.html,ti,ጣልያንኛ ኣብ ባቡርን ኣውቶቡስን — Ti,25,50,1,ጣልያንኛ ኣብ ባቡርን ኣውቶቡስን,https://thuisitaliaans.com/lingue/italian-trasporti-ti,6,Article+Person+WebPage,,167,7,8,0,2,description corta; og:locale assente; pagina sottile
lingue/italian-weather-vocabulary.html,en,Italian Weather Vocabulary: Talk About the Weather Like a Local,63,141,1,Italian weather vocabulary,https://thuisitaliaans.com/lingue/italian-weather-vocabulary,0,Article+BreadcrumbList+ImageObject+ListItem+Organization+Web,,202,8,11,0,1,pagina sottile
lingue/italiana-la-banca.html,ro,Italiana la bancă — Ti,22,79,1,Italiana la bancă,https://thuisitaliaans.com/lingue/italiana-la-banca,9,Article+Person+WebPage,,148,7,8,0,2,og:locale assente; pagina sottile
lingue/italiana-la-medic.html,ro,Italiana la medic și la farmacie — Ti,37,93,1,Italiana la medic și la farmacie,https://thuisitaliaans.com/lingue/italiana-la-medic,9,Article+Person+WebPage,,167,7,8,0,2,og:locale assente; pagina sottile
lingue/italiana-pentru-cetatenie.html,ro,Testul de italiană pentru cetățenia italiană (CILS A2): cum funcționează,72,141,1,"Testul de italiană pentru cetățenie, explicat.",https://thuisitaliaans.com/lingue/italiana-pentru-cetatenie,14,Answer+Article+BreadcrumbList+FAQPage+ImageObject+ListItem+O,si,559,8,11,0,1,title lungo; FAQPage senza domande visibili
lingue/italiana-pentru-chirie.html,ro,Italiana pentru închiriat o casă — Ti,37,95,1,Italiana pentru închiriat o casă,https://thuisitaliaans.com/lingue/italiana-pentru-chirie,9,Article+Person+WebPage,,141,7,8,0,2,og:locale assente; pagina sottile
lingue/italiana-pentru-interviu.html,ro,Italiana la interviul de angajare — Ti,38,77,1,Italiana la interviul de angajare,https://thuisitaliaans.com/lingue/italiana-pentru-interviu,9,Article+Person+WebPage,,155,7,8,0,2,og:locale assente; pagina sottile
lingue/italiana-pentru-munca.html,ro,Italiana pentru muncă: vocabular esențial,41,81,1,Italiana pentru muncă,https://thuisitaliaans.com/lingue/italiana-pentru-munca,6,Article+BreadcrumbList+ImageObject+ListItem+Organization+Web,,191,8,11,0,1,pagina sottile
lingue/italiana-pentru-permis.html,ro,Italiana pentru permisul de conducere — Ti,42,88,1,Italiana pentru permisul de conducere,https://thuisitaliaans.com/lingue/italiana-pentru-permis,9,Article+Person+WebPage,,148,7,8,0,2,og:locale assente; pagina sottile
lingue/italiana-pentru-rezidenta.html,ro,Italiana pentru rezidență și primărie — Ti,42,90,1,Italiana pentru rezidență și primărie,https://thuisitaliaans.com/lingue/italiana-pentru-rezidenta,9,Article+Person+WebPage,,150,7,8,0,2,og:locale assente; pagina sottile
lingue/italiana-pentru-scoala.html,ro,Italiana pentru școala copiilor — Ti,36,104,1,Italiana pentru școala copiilor,https://thuisitaliaans.com/lingue/italiana-pentru-scoala,9,Article+Person+WebPage,,153,7,8,0,2,og:locale assente; pagina sottile
lingue/italiana-pentru-spid.html,ro,Italiana pentru codul fiscal și SPID — Ti,41,81,1,Italiana pentru codul fiscal și SPID,https://thuisitaliaans.com/lingue/italiana-pentru-spid,9,Article+Person+WebPage,,146,7,8,0,2,og:locale assente; pagina sottile
lingue/italiana-permesso-ro.html,ro,Italiana pentru permesso di soggiorno,37,109,1,Italiana pentru permesso di soggiorno,https://thuisitaliaans.com/lingue/italiana-permesso-ro,13,Article+BreadcrumbList+ImageObject+ListItem+Organization+Web,,182,8,11,0,1,pagina sottile
lingue/italiano-a2-autorizacao-residencia.html,pt,Exame A2 de italiano para a autorização de residência de longa duração — Ti,75,116,1,Exame A2 de italiano para a residência de longa duração,https://thuisitaliaans.com/lingue/italiano-a2-autorizacao-residencia,7,Article+Person+WebPage,,441,8,8,0,0,title lungo; og:locale assente; niente tabelle/liste/FAQ da citare
lingue/italiano-a2-permiso-residencia.html,es,Examen A2 de italiano para el permiso de residencia de larga duración — Ti,74,120,1,Examen A2 de italiano para el permiso de larga duración,https://thuisitaliaans.com/lingue/italiano-a2-permiso-residencia,7,Article+Person+WebPage,,446,8,8,0,0,title lungo; og:locale assente; niente tabelle/liste/FAQ da citare
lingue/italiano-en-6-meses.html,es,¿Aprender italiano en 6 meses? Plan realista,44,101,1,Aprender italiano en 6 meses: lo realista,https://thuisitaliaans.com/lingue/italiano-en-6-meses,5,Article+BreadcrumbList+ImageObject+ListItem+Organization+Web,,225,8,11,0,1,pagina sottile
lingue/italiano-hispanohablantes.html,es,"Italiano para hispanohablantes: ventajas, trampas y consejos",60,137,1,Italiano para hispanohablantes,https://thuisitaliaans.com/lingue/italiano-hispanohablantes,6,Article+BreadcrumbList+ImageObject+ListItem+Organization+Web,,265,8,11,0,1,pagina sottile
lingue/italiano-negocios.html,es,Italiano para los negocios: vocabulario y frases,48,88,1,Italiano para los negocios,https://thuisitaliaans.com/lingue/italiano-negocios,0,Article+BreadcrumbList+ImageObject+ListItem+Organization+Web,,225,8,11,0,1,pagina sottile
lingue/italiano-para-iniciantes.html,pt,Italiano para iniciantes: as tuas primeiras 50 palavras e frases,64,141,1,Italiano para iniciantes absolutos.,https://thuisitaliaans.com/lingue/italiano-para-iniciantes,7,Article+BreadcrumbList+ImageObject+ListItem+Organization+Web,,476,8,11,0,1,
lingue/italiano-para-lusofonos.html,pt,Italiano para falantes de português: vantagens e armadilhas,59,93,1,Italiano para falantes de português,https://thuisitaliaans.com/lingue/italiano-para-lusofonos,6,Article+BreadcrumbList+ImageObject+ListItem+Organization+Web,,212,8,11,0,1,pagina sottile
lingue/italiano-para-migrantes.html,es,Italiano para migrantes: primeros pasos y recursos,50,166,1,Italiano para migrantes: el primer año,https://thuisitaliaans.com/lingue/italiano-para-migrantes,0,Article+BreadcrumbList+ImageObject+ListItem+Organization+Web,,278,8,11,0,1,description lunga; pagina sottile
lingue/italiano-para-principiantes.html,es,Italiano para principiantes: tus primeras 50 palabras y frases,62,146,1,Italiano para principiantes absolutos.,https://thuisitaliaans.com/lingue/italiano-para-principiantes,7,Article+BreadcrumbList+ImageObject+ListItem+Organization+Web,,502,8,11,0,1,
lingue/italiano-permesso-soggiorno.html,es,Vocabulario italiano para el permesso di soggiorno,50,131,1,Italiano para el permesso di soggiorno,https://thuisitaliaans.com/lingue/italiano-permesso-soggiorno,13,Article+BreadcrumbList+ImageObject+ListItem+Organization+Web,,223,8,11,0,1,pagina sottile
lingue/italiano-trabajo-vocabulario.html,es,Vocabulario italiano para el trabajo,36,144,1,Vocabulario italiano para el trabajo,https://thuisitaliaans.com/lingue/italiano-trabajo-vocabulario,6,Article+BreadcrumbList+ImageObject+ListItem+Organization+Web,,242,8,11,0,1,pagina sottile
lingue/italiano-viajar.html,es,Italiano para viajar: 50 frases esenciales,42,105,1,Italiano para viajar,https://thuisitaliaans.com/lingue/italiano-viajar,0,Article+BreadcrumbList+ImageObject+ListItem+Organization+Web,,234,8,11,0,1,pagina sottile
lingue/italien-a2-titre-sejour.html,fr,Test d'italien A2 pour le titre de séjour longue durée — Ti,59,125,1,Test d'italien A2 pour le titre de séjour longue durée,https://thuisitaliaans.com/lingue/italien-a2-titre-sejour,7,Article+Person+WebPage,,463,8,8,0,0,og:locale assente; niente tabelle/liste/FAQ da citare
lingue/italien-debutant.html,fr,Italien pour débutants : vos 50 premiers mots et phrases,56,151,1,L'italien pour débutants absolus.,https://thuisitaliaans.com/lingue/italien-debutant,7,Article+BreadcrumbList+ImageObject+ListItem+Organization+Web,,496,8,11,0,1,
lingue/italien-en-6-mois.html,fr,Apprendre l'italien en 6 mois : plan réaliste,45,100,1,L'italien en 6 mois : ce qui est réaliste,https://thuisitaliaans.com/lingue/italien-en-6-mois,5,Article+BreadcrumbList+ImageObject+ListItem+Organization+Web,,220,8,11,0,1,pagina sottile
lingue/italien-permesso.html,fr,Vocabulaire italien pour le permesso di soggiorno,49,118,1,L'italien pour le permesso di soggiorno,https://thuisitaliaans.com/lingue/italien-permesso,13,Article+BreadcrumbList+ImageObject+ListItem+Organization+Web,,188,8,11,0,1,pagina sottile
lingue/italien-pour-francophones.html,fr,L'italien pour francophones : avantages et pièges,49,127,1,L'italien pour francophones,https://thuisitaliaans.com/lingue/italien-pour-francophones,6,Article+BreadcrumbList+ImageObject+ListItem+Organization+Web,,231,8,11,0,1,pagina sottile
lingue/italienisch-essen.html,de,Italienisch: Essen und Trinken - Vokabeln,41,102,1,Italienischer Wortschatz zu Essen,https://thuisitaliaans.com/lingue/italienisch-essen,6,Article+BreadcrumbList+ImageObject+ListItem+Organization+Web,,178,8,11,0,1,pagina sottile
lingue/italienisch-fuer-anfaenger.html,de,Italienisch für Anfänger: deine ersten 50 Wörter und Sätze,58,144,1,Italienisch für absolute Anfänger.,https://thuisitaliaans.com/lingue/italienisch-fuer-anfaenger,7,Article+BreadcrumbList+ImageObject+ListItem+Organization+Web,,480,8,11,0,1,
lingue/italienisch-fuer-deutsche.html,de,Italienisch für Deutschsprachige: Vorteile und Fallen,53,124,1,Italienisch für Deutschsprachige,https://thuisitaliaans.com/lingue/italienisch-fuer-deutsche,6,Article+BreadcrumbList+ImageObject+ListItem+Organization+Web,,180,8,11,0,1,pagina sottile
lingue/italienisch-in-6-monaten.html,de,Italienisch in 6 Monaten lernen: realistischer Plan,51,94,1,Italienisch in 6 Monaten: was ist realistisch,https://thuisitaliaans.com/lingue/italienisch-in-6-monaten,5,Article+BreadcrumbList+ImageObject+ListItem+Organization+Web,,194,8,11,0,1,pagina sottile
lingue/italienisch-lernen-app.html,de,"Italienisch lernen: die iOS-App, die dich von A1 bis C2 führt — Ti",66,178,1,Italienisch lernen — vom ersten Wort bis Dante.,https://thuisitaliaans.com/lingue/italienisch-lernen-app,15,Answer+BreadcrumbList+FAQPage+ImageObject+ListItem+MobileApp,si,430,8,11,0,0,title lungo; description lunga; FAQPage senza domande visibili; niente tabelle/liste/FAQ da citare
lingue/italienisch-permesso.html,de,Italienisch für das Permesso di Soggiorno,41,118,1,Italienisch für das Permesso di Soggiorno,https://thuisitaliaans.com/lingue/italienisch-permesso,13,Article+BreadcrumbList+ImageObject+ListItem+Organization+Web,,173,8,11,0,1,pagina sottile
lingue/italienisch-praesens.html,de,Das italienische Präsens: regelmäßige und unregelmäßige Verben,62,110,1,Das italienische Präsens,https://thuisitaliaans.com/lingue/italienisch-praesens,13,Article+BreadcrumbList+ImageObject+ListItem+Organization+Web,,205,8,11,0,1,pagina sottile
lingue/italienisch-staatsbuergerschaft-test.html,de,Italienisch-Test für die italienische Staatsbürgerschaft (CILS A2),66,161,1,"Der Italienisch-Test für die Einbürgerung, erklärt.",https://thuisitaliaans.com/lingue/italienisch-staatsbuergerschaft-test,14,Answer+Article+BreadcrumbList+FAQPage+ImageObject+ListItem+O,si,531,8,11,0,1,title lungo; FAQPage senza domande visibili
lingue/italienische-artikel.html,de,"Italienische Artikel (il, la, lo, l', i, gli, le): der komplette Guide",70,110,1,"Die italienischen Artikel, ein für alle Mal",https://thuisitaliaans.com/lingue/italienische-artikel,11,Article+BreadcrumbList+ImageObject+ListItem+Organization+Web,,181,8,11,0,1,title lungo; pagina sottile
lingue/italienische-praepositionen.html,de,"Italienische Präpositionen (di, a, da, in, con, per)",52,109,1,Die italienischen Präpositionen,https://thuisitaliaans.com/lingue/italienische-praepositionen,6,Article+BreadcrumbList+ImageObject+ListItem+Organization+Web,,209,8,11,0,1,pagina sottile
lingue/italienische-redewendungen.html,de,"15 italienische Redewendungen, die du täglich hörst",51,88,1,15 italienische Redewendungen,https://thuisitaliaans.com/lingue/italienische-redewendungen,5,Article+BreadcrumbList+ImageObject+ListItem+Organization+Web,,227,8,11,0,1,pagina sottile
lingue/italienische-zahlen.html,de,Italienische Zahlen von 1 bis 100: auf Italienisch zählen,57,97,1,Italienische Zahlen von 1 bis 100,https://thuisitaliaans.com/lingue/italienische-zahlen,11,Article+BreadcrumbList+ImageObject+ListItem+Organization+Web,,196,8,11,0,1,pagina sottile
lingue/italiiska-alfavit.html,uk,Італійський алфавіт і вимова — Ti,33,76,1,Італійський алфавіт і вимова,https://thuisitaliaans.com/lingue/italiiska-alfavit,6,Article+Person+WebPage,,205,7,8,0,2,og:locale assente; pagina sottile
lingue/italiiska-artykli.html,uk,"Італійські артиклі (il, la, lo, l', i, gli, le) — Ti",52,93,1,Італійські артиклі,https://thuisitaliaans.com/lingue/italiiska-artykli,11,Article+BreadcrumbList+ImageObject+ListItem+Organization+Web,,203,8,11,0,1,pagina sottile
lingue/italiiska-bank.html,uk,Італійська в банку — Ti,23,74,1,Італійська в банку,https://thuisitaliaans.com/lingue/italiiska-bank,9,Article+Person+WebPage,,136,7,8,0,2,og:locale assente; pagina sottile
lingue/italiiska-chysla.html,uk,Італійські числа від 1 до 100 — Ti,34,72,1,Італійські числа від 1 до 100,https://thuisitaliaans.com/lingue/italiiska-chysla,11,Article+BreadcrumbList+ImageObject+ListItem+Organization+Web,,270,8,11,0,0,pagina sottile; niente tabelle/liste/FAQ da citare
lingue/italiiska-dla-roboty.html,uk,Італійська для роботи: базовий словник,38,83,1,Італійська для роботи,https://thuisitaliaans.com/lingue/italiiska-dla-roboty,6,Article+BreadcrumbList+ImageObject+ListItem+Organization+Web,,179,8,11,0,1,pagina sottile
lingue/italiiska-dlia-hromadianstva.html,uk,Тест з італійської мови для громадянства (CILS A2),50,148,1,"Тест з італійської для громадянства, пояснено.",https://thuisitaliaans.com/lingue/italiiska-dlia-hromadianstva,14,Answer+Article+BreadcrumbList+FAQPage+ImageObject+ListItem+O,si,423,8,11,0,1,FAQPage senza domande visibili
lingue/italiiska-kodyche-fiskale.html,uk,Італійська для codice fiscale (податковий код) — Ti,51,83,1,Італійська для codice fiscale (податковий код),https://thuisitaliaans.com/lingue/italiiska-kodyche-fiskale,6,Article+Person+WebPage,,189,7,8,0,2,og:locale assente; pagina sottile
lingue/italiiska-likar.html,uk,Італійська у лікаря та в аптеці — Ti,36,73,1,Італійська у лікаря та в аптеці,https://thuisitaliaans.com/lingue/italiiska-likar,9,Article+Person+WebPage,,152,7,8,0,2,og:locale assente; pagina sottile
lingue/italiiska-nevidkladna-dopomoha.html,uk,Італійська на випадок екстреної ситуації — Ti,45,89,1,Італійська на випадок екстреної ситуації,https://thuisitaliaans.com/lingue/italiiska-nevidkladna-dopomoha,6,Article+Person+WebPage,,167,7,8,0,2,og:locale assente; pagina sottile
lingue/italiiska-orenda.html,uk,Італійська для оренди житла — Ti,32,71,1,Італійська для оренди житла,https://thuisitaliaans.com/lingue/italiiska-orenda,9,Article+Person+WebPage,,136,7,8,0,2,og:locale assente; pagina sottile
lingue/italiiska-permesso-soggiorno.html,uk,Італійська для permesso di soggiorno — Ti,41,97,1,Італійська для permesso di soggiorno,https://thuisitaliaans.com/lingue/italiiska-permesso-soggiorno,13,Article+BreadcrumbList+ImageObject+ListItem+Organization+Web,,233,8,11,0,1,pagina sottile
lingue/italiiska-pershi-slova.html,uk,Перші 50 італійських слів — Ti,30,102,1,Перші 50 італійських слів,https://thuisitaliaans.com/lingue/italiiska-pershi-slova,4,Article+BreadcrumbList+ImageObject+ListItem+Organization+Web,,327,8,11,0,0,niente tabelle/liste/FAQ da citare
lingue/italiiska-prava.html,uk,Італійська для водійських прав — Ti,35,70,1,Італійська для водійських прав,https://thuisitaliaans.com/lingue/italiiska-prava,9,Article+Person+WebPage,,132,7,8,0,2,og:locale assente; pagina sottile
lingue/italiiska-rakhunky.html,uk,Італійська: рахунки й пошта — Ti,32,84,1,Італійська: рахунки й пошта,https://thuisitaliaans.com/lingue/italiiska-rakhunky,6,Article+Person+WebPage,,192,7,8,0,2,og:locale assente; pagina sottile
lingue/italiiska-restoran.html,uk,Італійська в ресторані — Ti,27,79,1,Італійська в ресторані,https://thuisitaliaans.com/lingue/italiiska-restoran,12,Article+BreadcrumbList+ImageObject+ListItem+Organization+Web,,180,8,11,0,1,pagina sottile
lingue/italiiska-rezydentsiia.html,uk,Італійська для прописки та мерії — Ti,37,64,1,Італійська для прописки та мерії,https://thuisitaliaans.com/lingue/italiiska-rezydentsiia,9,Article+Person+WebPage,,132,7,8,0,2,description corta; og:locale assente; pagina sottile
lingue/italiiska-shkola.html,uk,Італійська для школи дітей — Ti,31,85,1,Італійська для школи дітей,https://thuisitaliaans.com/lingue/italiiska-shkola,9,Article+Person+WebPage,,133,7,8,0,2,og:locale assente; pagina sottile
lingue/italiiska-smittia.html,uk,Італійська: сортування сміття і будинок — Ti,44,65,1,Італійська: сортування сміття і будинок,https://thuisitaliaans.com/lingue/italiiska-smittia,6,Article+Person+WebPage,,187,7,8,0,2,description corta; og:locale assente; pagina sottile
lingue/italiiska-spid.html,uk,Італійська для податкового коду та SPID — Ti,44,82,1,Італійська для податкового коду та SPID,https://thuisitaliaans.com/lingue/italiiska-spid,9,Article+Person+WebPage,,132,7,8,0,2,og:locale assente; pagina sottile
lingue/italiiska-spivbesida.html,uk,Італійська на співбесіді — Ti,29,73,1,Італійська на співбесіді,https://thuisitaliaans.com/lingue/italiiska-spivbesida,9,Article+Person+WebPage,,142,7,8,0,2,og:locale assente; pagina sottile
lingue/italiiska-supermarket.html,uk,Італійська в супермаркеті — Ti,30,67,1,Італійська в супермаркеті,https://thuisitaliaans.com/lingue/italiiska-supermarket,6,Article+Person+WebPage,,157,7,8,0,2,description corta; og:locale assente; pagina sottile
lingue/italiiska-teperishnii-chas.html,uk,Теперішній час італійської (presente indicativo) — Ti,53,85,1,Теперішній час італійської,https://thuisitaliaans.com/lingue/italiiska-teperishnii-chas,13,Article+BreadcrumbList+ImageObject+ListItem+Organization+Web,,189,8,11,0,0,pagina sottile; niente tabelle/liste/FAQ da citare
lingue/italiiska-transport.html,uk,Італійська в потязі та автобусі — Ti,36,74,1,Італійська в потязі та автобусі,https://thuisitaliaans.com/lingue/italiiska-transport,6,Article+Person+WebPage,,174,7,8,0,2,og:locale assente; pagina sottile
lingue/italiiska-znakomstvo.html,uk,Як познайомитись італійською — Ti,33,70,1,Як познайомитись італійською,https://thuisitaliaans.com/lingue/italiiska-znakomstvo,12,Article+BreadcrumbList+ImageObject+ListItem+Organization+Web,,204,8,11,0,0,pagina sottile; niente tabelle/liste/FAQ da citare
lingue/italishtja-fjalet-e-para.html,sq,50 fjalët e para në italisht — Ti,33,115,1,50 fjalët e para në italisht,https://thuisitaliaans.com/lingue/italishtja-fjalet-e-para,4,Article+BreadcrumbList+ImageObject+ListItem+Organization+Web,,343,8,11,0,0,niente tabelle/liste/FAQ da citare
lingue/italishtja-koha-e-tashme.html,sq,Koha e tashme e italishtes (presente indicativo) — Ti,53,92,1,Koha e tashme e italishtes,https://thuisitaliaans.com/lingue/italishtja-koha-e-tashme,13,Article+BreadcrumbList+ImageObject+ListItem+Organization+Web,,210,8,11,0,0,pagina sottile; niente tabelle/liste/FAQ da citare
lingue/italishtja-ne-banke.html,sq,Italishtja në bankë — Ti,24,76,1,Italishtja në bankë,https://thuisitaliaans.com/lingue/italishtja-ne-banke,9,Article+Person+WebPage,,148,7,8,0,2,og:locale assente; pagina sottile
lingue/italishtja-ne-restorant.html,sq,Italishtja në restorant — Ti,28,89,1,Italishtja në restorant,https://thuisitaliaans.com/lingue/italishtja-ne-restorant,12,Article+BreadcrumbList+ImageObject+ListItem+Organization+Web,,196,8,11,0,1,pagina sottile
lingue/italishtja-numrat.html,sq,Numrat italianë nga 1 deri 100 — Ti,35,82,1,Numrat italianë nga 1 deri 100,https://thuisitaliaans.com/lingue/italishtja-numrat,11,Article+BreadcrumbList+ImageObject+ListItem+Organization+Web,,285,8,11,0,0,pagina sottile; niente tabelle/liste/FAQ da citare
lingue/italishtja-nyjat.html,sq,"Nyjat italiane (il, la, lo, l', i, gli, le) — Ti",48,104,1,Nyjat italiane,https://thuisitaliaans.com/lingue/italishtja-nyjat,11,Article+BreadcrumbList+ImageObject+ListItem+Organization+Web,,208,8,11,0,1,pagina sottile
lingue/italishtja-per-interviste.html,sq,Italishtja në intervistën e punës — Ti,38,71,1,Italishtja në intervistën e punës,https://thuisitaliaans.com/lingue/italishtja-per-interviste,9,Article+Person+WebPage,,162,7,8,0,2,og:locale assente; pagina sottile
lingue/italishtja-per-patenten.html,sq,Italishtja për patentën — Ti,28,83,1,Italishtja për patentën,https://thuisitaliaans.com/lingue/italishtja-per-patenten,9,Article+Person+WebPage,,141,7,8,0,2,og:locale assente; pagina sottile
lingue/italishtja-per-punen.html,sq,Italishtja për punën: fjalor thelbësor,38,80,1,Italishtja për punën,https://thuisitaliaans.com/lingue/italishtja-per-punen,6,Article+BreadcrumbList+ImageObject+ListItem+Organization+Web,,195,8,11,0,1,pagina sottile
lingue/italishtja-per-qira.html,sq,Italishtja për të marrë shtëpi me qira — Ti,43,84,1,Italishtja për të marrë shtëpi me qira,https://thuisitaliaans.com/lingue/italishtja-per-qira,9,Article+Person+WebPage,,146,7,8,0,2,og:locale assente; pagina sottile
lingue/italishtja-per-rezidencen.html,sq,Italishtja për rezidencën dhe bashkinë — Ti,43,80,1,Italishtja për rezidencën dhe bashkinë,https://thuisitaliaans.com/lingue/italishtja-per-rezidencen,9,Article+Person+WebPage,,142,7,8,0,2,og:locale assente; pagina sottile
lingue/italishtja-per-shkollen.html,sq,Italishtja për shkollën e fëmijëve — Ti,39,93,1,Italishtja për shkollën e fëmijëve,https://thuisitaliaans.com/lingue/italishtja-per-shkollen,9,Article+Person+WebPage,,141,7,8,0,2,og:locale assente; pagina sottile
lingue/italishtja-per-shtetesi.html,sq,Testi i italishtes për shtetësinë italiane (CILS A2),52,148,1,"Testi i italishtes për shtetësinë, i shpjeguar.",https://thuisitaliaans.com/lingue/italishtja-per-shtetesi,14,Answer+Article+BreadcrumbList+FAQPage+ImageObject+ListItem+O,si,462,8,11,0,1,FAQPage senza domande visibili
lingue/italishtja-per-spid.html,sq,Italishtja për kodin fiskal dhe SPID — Ti,41,77,1,Italishtja për kodin fiskal dhe SPID,https://thuisitaliaans.com/lingue/italishtja-per-spid,9,Article+Person+WebPage,,148,7,8,0,2,og:locale assente; pagina sottile
lingue/italishtja-permesso-soggiorno.html,sq,Italishtja për permesso di soggiorno — Ti,41,101,1,Italishtja për permesso di soggiorno,https://thuisitaliaans.com/lingue/italishtja-permesso-soggiorno,13,Article+BreadcrumbList+ImageObject+ListItem+Organization+Web,,250,8,11,0,1,pagina sottile
lingue/italishtja-prezantim.html,sq,Si të prezantohesh në italisht — Ti,35,99,1,Si të prezantohesh në italisht,https://thuisitaliaans.com/lingue/italishtja-prezantim,12,Article+BreadcrumbList+ImageObject+ListItem+Organization+Web,,218,8,11,0,0,pagina sottile; niente tabelle/liste/FAQ da citare
lingue/italishtja-te-mjeku.html,sq,Italishtja te mjeku dhe në farmaci — Ti,39,82,1,Italishtja te mjeku dhe në farmaci,https://thuisitaliaans.com/lingue/italishtja-te-mjeku,9,Article+Person+WebPage,,169,7,8,0,2,og:locale assente; pagina sottile
lingue/italiyya-a2-permesso-soggiorno.html,ar,اختبار A2 للإقامة الطويلة في إيطاليا: ما تحتاج معرفته — Ti,58,97,1,اختبار A2 للإقامة الطويلة في إيطاليا,https://thuisitaliaans.com/lingue/italiyya-a2-permesso-soggiorno,7,Article+Person+WebPage,,356,8,8,0,0,og:locale assente; niente tabelle/liste/FAQ da citare
lingue/italiyya-adawat-taarif.html,ar,"أدوات التعريف الإيطالية (il, la, lo, l', i, gli, le) — Ti",57,102,1,أدوات التعريف في الإيطالية,https://thuisitaliaans.com/lingue/italiyya-adawat-taarif,11,Article+BreadcrumbList+ImageObject+ListItem+Organization+Web,,267,8,11,0,1,pagina sottile
lingue/italiyya-alhadir.html,ar,المضارع في الإيطالية (presente indicativo) — Ti,47,80,1,المضارع في الإيطالية,https://thuisitaliaans.com/lingue/italiyya-alhadir,13,Article+BreadcrumbList+ImageObject+ListItem+Organization+Web,,192,8,11,0,0,pagina sottile; niente tabelle/liste/FAQ da citare
lingue/italiyya-alwan.html,ar,الألوان بالإيطالية — Ti,23,66,1,الألوان بالإيطالية,https://thuisitaliaans.com/lingue/italiyya-alwan,5,Article+BreadcrumbList+ImageObject+ListItem+Organization+Web,,230,8,11,0,0,description corta; pagina sottile; niente tabelle/liste/FAQ da citare
lingue/italiyya-arqam.html,ar,الأرقام الإيطالية من 1 إلى 100 — Ti,35,68,1,الأرقام الإيطالية من 1 إلى 100,https://thuisitaliaans.com/lingue/italiyya-arqam,11,Article+BreadcrumbList+ImageObject+ListItem+Organization+Web,,272,8,11,0,0,description corta; pagina sottile; niente tabelle/liste/FAQ da citare
lingue/italiyya-bank.html,ar,الإيطالية في البنك — Ti,23,50,1,الإيطالية في البنك,https://thuisitaliaans.com/lingue/italiyya-bank,9,Article+Person+WebPage,,128,7,8,0,2,description corta; og:locale assente; pagina sottile
lingue/italiyya-codice-fiscale.html,ar,الإيطالية من أجل الرقم الضريبي (codice fiscale) — Ti,52,57,1,الإيطالية من أجل الرقم الضريبي (codice fiscale),https://thuisitaliaans.com/lingue/italiyya-codice-fiscale,6,Article+Person+WebPage,,185,7,8,0,2,description corta; og:locale assente; pagina sottile
lingue/italiyya-fael-mudarie.html,ar,المضارع في اللغة الإيطالية: الأفعال المنتظمة وغير المنتظمة,58,107,1,المضارع في اللغة الإيطالية,https://thuisitaliaans.com/lingue/italiyya-fael-mudarie,4,Article+BreadcrumbList+ImageObject+ListItem+Organization+Web,,195,8,11,0,1,pagina sottile
lingue/italiyya-fawatir.html,ar,الإيطالية: الفواتير والبريد — Ti,32,74,1,الإيطالية: الفواتير والبريد,https://thuisitaliaans.com/lingue/italiyya-fawatir,6,Article+Person+WebPage,,190,7,8,0,2,og:locale assente; pagina sottile
lingue/italiyya-fi-almataam.html,ar,الإيطالية في المطعم — Ti,24,69,1,الإيطالية في المطعم,https://thuisitaliaans.com/lingue/italiyya-fi-almataam,12,Article+BreadcrumbList+ImageObject+ListItem+Organization+Web,,184,8,11,0,1,description corta; pagina sottile
lingue/italiyya-huruf.html,ar,الأبجدية الإيطالية والنطق — Ti,30,72,1,الأبجدية الإيطالية والنطق,https://thuisitaliaans.com/lingue/italiyya-huruf,6,Article+Person+WebPage,,200,7,8,0,2,og:locale assente; pagina sottile
lingue/italiyya-ijar.html,ar,الإيطالية لاستئجار بيت — Ti,27,71,1,الإيطالية لاستئجار بيت,https://thuisitaliaans.com/lingue/italiyya-ijar,9,Article+Person+WebPage,,129,7,8,0,2,og:locale assente; pagina sottile
lingue/italiyya-iqama-baladiya.html,ar,الإيطالية للإقامة والبلدية — Ti,31,68,1,الإيطالية للإقامة والبلدية,https://thuisitaliaans.com/lingue/italiyya-iqama-baladiya,9,Article+Person+WebPage,,130,7,8,0,2,description corta; og:locale assente; pagina sottile
lingue/italiyya-lil-jinsiyya.html,ar,اختبار الإيطالية للجنسية الإيطالية (CILS A2): كيف يعمل وكيف تستعد,65,121,1,اختبار الإيطالية للجنسية، بشكل واضح.,https://thuisitaliaans.com/lingue/italiyya-lil-jinsiyya,14,Answer+Article+BreadcrumbList+FAQPage+ImageObject+ListItem+O,si,398,8,11,0,1,FAQPage senza domande visibili
lingue/italiyya-madrasa.html,ar,الإيطالية لمدرسة الأولاد — Ti,29,78,1,الإيطالية لمدرسة الأولاد,https://thuisitaliaans.com/lingue/italiyya-madrasa,9,Article+Person+WebPage,,129,7,8,0,2,og:locale assente; pagina sottile
lingue/italiyya-muqabala.html,ar,الإيطالية في مقابلة العمل — Ti,30,61,1,الإيطالية في مقابلة العمل,https://thuisitaliaans.com/lingue/italiyya-muqabala,9,Article+Person+WebPage,,142,7,8,0,2,description corta; og:locale assente; pagina sottile
lingue/italiyya-muwasalat.html,ar,الإيطالية في القطار والحافلة — Ti,33,56,1,الإيطالية في القطار والحافلة,https://thuisitaliaans.com/lingue/italiyya-muwasalat,6,Article+Person+WebPage,,165,7,8,0,2,description corta; og:locale assente; pagina sottile
lingue/italiyya-nufayat.html,ar,الإيطالية: فرز النفايات والعمارة — Ti,37,50,1,الإيطالية: فرز النفايات والعمارة,https://thuisitaliaans.com/lingue/italiyya-nufayat,6,Article+Person+WebPage,,177,7,8,0,2,description corta; og:locale assente; pagina sottile
lingue/italiyya-permesso-soggiorno.html,ar,الإيطالية لـ permesso di soggiorno (تصريح الإقامة) — Ti,55,98,1,الإيطالية لتصريح الإقامة,https://thuisitaliaans.com/lingue/italiyya-permesso-soggiorno,13,Article+BreadcrumbList+ImageObject+ListItem+Organization+Web,,231,8,11,0,1,pagina sottile
lingue/italiyya-rukhsa.html,ar,الإيطالية لرخصة القيادة — Ti,28,71,1,الإيطالية لرخصة القيادة,https://thuisitaliaans.com/lingue/italiyya-rukhsa,9,Article+Person+WebPage,,128,7,8,0,2,og:locale assente; pagina sottile
lingue/italiyya-spid.html,ar,الإيطالية للرمز الضريبي وSPID — Ti,34,80,1,الإيطالية للرمز الضريبي وSPID,https://thuisitaliaans.com/lingue/italiyya-spid,9,Article+Person+WebPage,,128,7,8,0,2,og:locale assente; pagina sottile
lingue/italiyya-supermarket.html,ar,الإيطالية في السوبرماركت — Ti,29,61,1,الإيطالية في السوبرماركت,https://thuisitaliaans.com/lingue/italiyya-supermarket,6,Article+Person+WebPage,,149,7,8,0,2,description corta; og:locale assente; pagina sottile
lingue/italiyya-taarif-bi-nafs.html,ar,كيف تعرّف بنفسك بالإيطالية — Ti,31,68,1,كيف تعرّف بنفسك بالإيطالية,https://thuisitaliaans.com/lingue/italiyya-taarif-bi-nafs,12,Article+BreadcrumbList+ImageObject+ListItem+Organization+Web,,208,8,11,0,0,description corta; pagina sottile; niente tabelle/liste/FAQ da citare
lingue/italiyya-tabib.html,ar,الإيطالية عند الطبيب وفي الصيدلية — Ti,38,75,1,الإيطالية عند الطبيب وفي الصيدلية,https://thuisitaliaans.com/lingue/italiyya-tabib,9,Article+Person+WebPage,,147,7,8,0,2,og:locale assente; pagina sottile
lingue/italiyya-tawari.html,ar,الإيطالية في حالات الطوارئ — Ti,31,67,1,الإيطالية في حالات الطوارئ,https://thuisitaliaans.com/lingue/italiyya-tawari,6,Article+Person+WebPage,,162,7,8,0,2,description corta; og:locale assente; pagina sottile
lingue/italyano-bangko.html,fi,Italyano sa bangko — Ti,23,73,1,Italyano sa bangko,https://thuisitaliaans.com/lingue/italyano-bangko,9,Article+Person+WebPage,,145,7,8,0,2,hreflang senza autoriferimento; og:locale assente; pagina sottile
lingue/italyano-doktor.html,fi,Italyano sa doktor at sa botika — Ti,36,89,1,Italyano sa doktor at sa botika,https://thuisitaliaans.com/lingue/italyano-doktor,9,Article+Person+WebPage,,167,7,8,0,2,hreflang senza autoriferimento; og:locale assente; pagina sottile
lingue/italyano-interbyu.html,fi,Italyano sa job interview — Ti,30,98,1,Italyano sa job interview,https://thuisitaliaans.com/lingue/italyano-interbyu,9,Article+Person+WebPage,,177,7,8,0,2,hreflang senza autoriferimento; og:locale assente; pagina sottile
lingue/italyano-lisensya.html,fi,Italyano para sa lisensya sa pagmamaneho — Ti,45,80,1,Italyano para sa lisensya sa pagmamaneho,https://thuisitaliaans.com/lingue/italyano-lisensya,9,Article+Person+WebPage,,150,7,8,0,2,hreflang senza autoriferimento; og:locale assente; pagina sottile
lingue/italyano-numero-1-100.html,fi,Mga numero sa italyano mula 1 hanggang 100 — Ti,47,93,1,Mga numero sa italyano mula 1 hanggang 100,https://thuisitaliaans.com/lingue/italyano-numero-1-100,11,Article+BreadcrumbList+ImageObject+ListItem+Organization+Web,,261,8,11,0,0,hreflang senza autoriferimento; pagina sottile; niente tabelle/liste/FAQ da citare
lingue/italyano-paaralan.html,fi,Italyano para sa paaralan ng mga anak — Ti,42,87,1,Italyano para sa paaralan ng mga anak,https://thuisitaliaans.com/lingue/italyano-paaralan,9,Article+Person+WebPage,,148,7,8,0,2,hreflang senza autoriferimento; og:locale assente; pagina sottile
lingue/italyano-pagkakakilanlan-a2.html,fi,Pagsusulit sa italyano para sa pagkamamamayan (CILS A2) — Ti,60,130,1,Italyano para sa pagkamamamayan (CILS A2),https://thuisitaliaans.com/lingue/italyano-pagkakakilanlan-a2,14,Article+BreadcrumbList+ImageObject+ListItem+Organization+Web,,241,8,11,0,1,hreflang senza autoriferimento; pagina sottile
lingue/italyano-pagpapakilala.html,fi,Pagpapakilala sa italyano — Ti,30,109,1,Pagpapakilala sa italyano,https://thuisitaliaans.com/lingue/italyano-pagpapakilala,12,Article+BreadcrumbList+ImageObject+ListItem+Organization+Web,,240,8,11,0,0,hreflang senza autoriferimento; pagina sottile; niente tabelle/liste/FAQ da citare
lingue/italyano-panahong-kasalukuyan.html,fi,Italyano kasalukuyang panahon (presente indicativo) — Ti,56,88,1,Italyano kasalukuyang panahon,https://thuisitaliaans.com/lingue/italyano-panahong-kasalukuyan,13,Article+BreadcrumbList+ImageObject+ListItem+Organization+Web,,205,8,11,0,0,hreflang senza autoriferimento; pagina sottile; niente tabelle/liste/FAQ da citare
lingue/italyano-para-alaga.html,fi,"Italyano para sa pag-aalaga (colf, badante) — Ti",48,129,1,Italyano para sa pag-aalaga,https://thuisitaliaans.com/lingue/italyano-para-alaga,0,Article+BreadcrumbList+ImageObject+ListItem+Organization+Web,,348,8,11,0,1,
lingue/italyano-permesso-soggiorno.html,fi,Italyano para sa permesso di soggiorno — Ti,43,117,1,Italyano para sa permesso di soggiorno,https://thuisitaliaans.com/lingue/italyano-permesso-soggiorno,13,Article+BreadcrumbList+ImageObject+ListItem+Organization+Web,,280,8,11,0,1,hreflang senza autoriferimento; pagina sottile
lingue/italyano-residensya.html,fi,Italyano para sa residency at munisipyo — Ti,44,81,1,Italyano para sa residency at munisipyo,https://thuisitaliaans.com/lingue/italyano-residensya,9,Article+Person+WebPage,,143,7,8,0,2,hreflang senza autoriferimento; og:locale assente; pagina sottile
lingue/italyano-restaurant.html,fi,Italyano sa restaurant — Ti,27,94,1,Italyano sa restaurant,https://thuisitaliaans.com/lingue/italyano-restaurant,12,Article+BreadcrumbList+ImageObject+ListItem+Organization+Web,,203,8,11,0,1,hreflang senza autoriferimento; pagina sottile
lingue/italyano-spid.html,fi,Italyano para sa tax code at SPID — Ti,38,84,1,Italyano para sa tax code at SPID,https://thuisitaliaans.com/lingue/italyano-spid,9,Article+Person+WebPage,,140,7,8,0,2,hreflang senza autoriferimento; og:locale assente; pagina sottile
lingue/italyano-upa.html,fi,Italyano sa pag-upa ng bahay — Ti,33,79,1,Italyano sa pag-upa ng bahay,https://thuisitaliaans.com/lingue/italyano-upa,9,Article+Person+WebPage,,154,7,8,0,2,hreflang senza autoriferimento; og:locale assente; pagina sottile
lingue/learn-italian-app.html,en,Learn Italian: the iOS app that walks you from A1 to C2 — Ti,60,171,1,"Learn Italian, from the very first word to Dante.",https://thuisitaliaans.com/lingue/learn-italian-app,15,Answer+BreadcrumbList+FAQPage+ImageObject+ListItem+MobileApp,si,480,8,11,0,0,description lunga; FAQPage senza domande visibili; niente tabelle/liste/FAQ da citare
lingue/matuto-italyano-app.html,fi,Matuto ng Italyano: ang iOS app mula A1 hanggang C2 — Ti,56,193,1,Matuto ng Italyano — mula sa unang salita hanggang kay Dante.,https://thuisitaliaans.com/lingue/matuto-italyano-app,15,Answer+BreadcrumbList+FAQPage+ImageObject+ListItem+MobileApp,si,545,8,19,0,1,description lunga; hreflang senza autoriferimento; FAQPage senza domande visibili
lingue/mejor-app-italiano.html,es,Las mejores apps para aprender italiano (comparativa 2026),58,158,1,Las mejores apps para aprender italiano en 2026.,https://thuisitaliaans.com/lingue/mejor-app-italiano,3,Article+BreadcrumbList+ImageObject+ListItem+Organization+Web,,491,8,11,0,1,
lingue/meso-italishten-app.html,sq,Mëso italishten: aplikacioni iOS që të çon nga A1 në C2 — Ti,60,177,1,"Mëso italishten, nga fjala e parë deri te Dante.",https://thuisitaliaans.com/lingue/meso-italishten-app,15,Answer+BreadcrumbList+FAQPage+ImageObject+ListItem+MobileApp,si,519,8,19,0,1,description lunga; FAQPage senza domande visibili
lingue/modismos-italianos.html,es,Modismos italianos: 15 expresiones que usan todos los días,58,106,1,15 modismos italianos que oirás todos los días,https://thuisitaliaans.com/lingue/modismos-italianos,5,Article+BreadcrumbList+ImageObject+ListItem+Organization+Web,,277,8,11,0,1,pagina sottile
lingue/nombres-italiens.html,fr,Les nombres italiens de 1 à 100 : compter en italien,52,115,1,Les nombres italiens de 1 à 100,https://thuisitaliaans.com/lingue/nombres-italiens,11,Article+BreadcrumbList+ImageObject+ListItem+Organization+Web,,209,8,11,0,1,pagina sottile
lingue/nourriture-italienne.html,fr,Vocabulaire de la nourriture en italien,39,93,1,Vocabulaire de la nourriture italienne,https://thuisitaliaans.com/lingue/nourriture-italienne,6,Article+BreadcrumbList+ImageObject+ListItem+Organization+Web,,211,8,11,0,1,pagina sottile
lingue/numeros-italianos-pt.html,pt,Números italianos de 1 a 100: contar em italiano,48,83,1,Números italianos de 1 a 100,https://thuisitaliaans.com/lingue/numeros-italianos-pt,11,Article+BreadcrumbList+ImageObject+ListItem+Organization+Web,,177,8,11,0,1,pagina sottile
lingue/numeros-italianos.html,es,Números italianos del 1 al 100: cómo contar en italiano,55,107,1,Los números italianos del 1 al 100,https://thuisitaliaans.com/lingue/numeros-italianos,11,Article+BreadcrumbList+ImageObject+ListItem+Organization+Web,,237,8,11,0,1,pagina sottile
lingue/passato-prossimo-deutsch.html,de,Das italienische Passato Prossimo: das Perfekt erklärt,54,137,1,Das italienische passato prossimo,https://thuisitaliaans.com/lingue/passato-prossimo-deutsch,6,Article+BreadcrumbList+ImageObject+ListItem+Organization+Web,,230,8,11,0,1,pagina sottile
lingue/passato-prossimo-espanol.html,es,El passato prossimo italiano: pretérito perfecto explicado,58,150,1,El passato prossimo,https://thuisitaliaans.com/lingue/passato-prossimo-espanol,6,Article+BreadcrumbList+ImageObject+ListItem+Organization+Web,,278,8,11,0,1,pagina sottile
lingue/passato-prossimo-francais.html,fr,Le passato prossimo italien : le passé composé expliqué,55,144,1,Le passato prossimo italien,https://thuisitaliaans.com/lingue/passato-prossimo-francais,6,Article+BreadcrumbList+ImageObject+ListItem+Organization+Web,,255,8,11,0,1,pagina sottile
lingue/passato-prossimo-pt.html,pt,O passato prossimo italiano: o pretérito perfeito composto,58,117,1,O passato prossimo,https://thuisitaliaans.com/lingue/passato-prossimo-pt,6,Article+BreadcrumbList+ImageObject+ListItem+Organization+Web,,187,8,11,0,1,pagina sottile
lingue/pedir-comida-italiano.html,es,"Cómo pedir comida en italiano: bar, restaurante, para llevar",60,98,1,Cómo pedir comida en italiano,https://thuisitaliaans.com/lingue/pedir-comida-italiano,12,Article+BreadcrumbList+ImageObject+ListItem+Organization+Web,,240,8,11,0,1,pagina sottile
lingue/preposiciones-italianas.html,es,"Preposiciones italianas (di, a, da, in, con, per): guía práctica",64,142,1,Las preposiciones italianas,https://thuisitaliaans.com/lingue/preposiciones-italianas,6,Article+BreadcrumbList+ImageObject+ListItem+Organization+Web,,274,8,11,0,1,pagina sottile
lingue/prepositions-italiennes.html,fr,"Les prépositions italiennes (di, a, da, in, con, per)",53,116,1,Les prépositions italiennes,https://thuisitaliaans.com/lingue/prepositions-italiennes,6,Article+BreadcrumbList+ImageObject+ListItem+Organization+Web,,231,8,11,0,1,pagina sottile
lingue/present-italien.html,fr,Le présent italien : verbes réguliers et irréguliers,52,121,1,Le présent italien,https://thuisitaliaans.com/lingue/present-italien,13,Article+BreadcrumbList+ImageObject+ListItem+Organization+Web,,239,8,11,0,1,pagina sottile
lingue/presentarse-italiano.html,es,Cómo presentarse en italiano: 10 frases esenciales,50,138,1,Cómo presentarse en italiano,https://thuisitaliaans.com/lingue/presentarse-italiano,12,Article+BreadcrumbList+ImageObject+ListItem+Organization+Web,,225,8,11,0,1,pagina sottile
lingue/presente-italiano-pt.html,pt,O presente do indicativo italiano: verbos regulares e irregulares,65,100,1,O presente italiano,https://thuisitaliaans.com/lingue/presente-italiano-pt,13,Article+BreadcrumbList+ImageObject+ListItem+Organization+Web,,202,8,11,0,1,pagina sottile
lingue/presente-italiano.html,es,El presente de indicativo italiano: verbos regulares e irregulares,66,135,1,El presente italiano,https://thuisitaliaans.com/lingue/presente-italiano,13,Article+BreadcrumbList+ImageObject+ListItem+Organization+Web,,271,8,11,0,1,title lungo; pagina sottile
lingue/prezent-italian.html,ro,Prezentul italian: verbe regulate și neregulate,47,109,1,Prezentul italian,https://thuisitaliaans.com/lingue/prezent-italian,13,Article+BreadcrumbList+ImageObject+ListItem+Organization+Web,,177,8,11,0,1,pagina sottile
lingue/read-deledda-in-simple-italian.html,en,Reading Grazia Deledda in Simple Italian: Canne al vento at B1 — Ti,67,122,1,Reading Grazia Deledda in Simple Italian: Canne al vento at B1,https://thuisitaliaans.com/lingue/read-deledda-in-simple-italian,0,Article+Person+WebPage,,305,7,10,0,0,title lungo; niente tabelle/liste/FAQ da citare
lingue/read-manzoni-in-simple-italian.html,en,Reading Manzoni in Simple Italian: I promessi sposi at B2 — Ti,62,129,1,Reading Manzoni in Simple Italian: I promessi sposi at B2,https://thuisitaliaans.com/lingue/read-manzoni-in-simple-italian,0,Article+Person+WebPage,,435,7,11,0,1,
lingue/read-pirandello-in-simple-italian.html,en,Reading Pirandello in Simple Italian: Il fu Mattia Pascal at B1 — Ti,68,139,1,Reading Pirandello in Simple Italian: Il fu Mattia Pascal at B1,https://thuisitaliaans.com/lingue/read-pirandello-in-simple-italian,0,Article+Person+WebPage,,316,7,10,0,1,title lungo
lingue/read-verga-in-simple-italian.html,en,Reading Verga in Simple Italian: where to start with verismo — Ti,65,116,1,Reading Verga in Simple Italian: where to start with verismo,https://thuisitaliaans.com/lingue/read-verga-in-simple-italian,0,Article+Person+WebPage,,307,7,13,0,0,niente tabelle/liste/FAQ da citare
lingue/se-presenter-italien.html,fr,Comment se présenter en italien : 10 phrases essentielles,57,88,1,Se présenter en italien,https://thuisitaliaans.com/lingue/se-presenter-italien,12,Article+BreadcrumbList+ImageObject+ListItem+Organization+Web,,157,8,11,0,1,pagina sottile
lingue/sich-vorstellen-italienisch.html,de,Wie man sich auf Italienisch vorstellt: 10 Sätze,48,89,1,Sich auf Italienisch vorstellen,https://thuisitaliaans.com/lingue/sich-vorstellen-italienisch,12,Article+BreadcrumbList+ImageObject+ListItem+Organization+Web,,143,8,11,0,1,pagina sottile
lingue/taallum-italiyya-tatbiq.html,ar,تعلّم الإيطالية: تطبيق iOS يأخذك من A1 إلى C2 — Ti,50,142,1,تعلّم الإيطالية — من الكلمة الأولى إلى دانتي.,https://thuisitaliaans.com/lingue/taallum-italiyya-tatbiq,15,Answer+BreadcrumbList+FAQPage+ImageObject+ListItem+MobileApp,si,430,8,19,0,1,FAQPage senza domande visibili
lingue/test-italiano-ciudadania.html,es,Test de italiano para la ciudadanía (CILS A2): cómo es y cómo prepararlo,72,162,1,"El test de italiano para la ciudadanía, explicado.",https://thuisitaliaans.com/lingue/test-italiano-ciudadania,14,Answer+Article+BreadcrumbList+FAQPage+ImageObject+ListItem+O,si,589,8,11,0,1,title lungo; FAQPage senza domande visibili
lingue/test-italien-citoyennete.html,fr,Test d'italien pour la citoyenneté italienne (CILS A2) : comment ça marche,74,149,1,"Le test d'italien pour la citoyenneté, expliqué.",https://thuisitaliaans.com/lingue/test-italien-citoyennete,14,Answer+Article+BreadcrumbList+FAQPage+ImageObject+ListItem+O,si,588,8,11,0,1,title lungo; FAQPage senza domande visibili
lingue/teste-italiano-cidadania.html,pt,Teste de italiano para a cidadania italiana (CILS A2): como funciona,68,141,1,"O teste de italiano para a cidadania, explicado.",https://thuisitaliaans.com/lingue/teste-italiano-cidadania,14,Answer+Article+BreadcrumbList+FAQPage+ImageObject+ListItem+O,si,555,8,11,0,1,title lungo; FAQPage senza domande visibili
lingue/vocabulario-comida-italiano.html,es,Vocabulario de comida en italiano: 60 palabras esenciales,57,109,1,Vocabulario de comida en italiano,https://thuisitaliaans.com/lingue/vocabulario-comida-italiano,6,Article+BreadcrumbList+ImageObject+ListItem+Organization+Web,,236,8,11,0,1,pagina sottile
lingue/vyvchaty-italiisku-mova.html,uk,"Вивчати італійську: iOS-додаток, який веде вас від A1 до C2 — Ti",64,173,1,Вивчайте італійську — від першого слова до Данте.,https://thuisitaliaans.com/lingue/vyvchaty-italiisku-mova,15,Answer+BreadcrumbList+FAQPage+ImageObject+ListItem+MobileApp,si,455,8,19,0,1,description lunga; FAQPage senza domande visibili
lingue/xue-yidaliyu-app.html,zh,学意大利语:从 A1 到 C2 的 iOS 应用 — Ti,29,74,1,学意大利语 — 从第一个词到但丁。,https://thuisitaliaans.com/lingue/xue-yidaliyu-app,15,Answer+BreadcrumbList+FAQPage+ImageObject+ListItem+MobileApp,si,160,8,19,0,1,FAQPage senza domande visibili; pagina sottile
lingue/yidaliyu-a2-changqi-juliu.html,zh,意大利长期居留 A2 语言考试：你需要知道的一切 — Ti,29,38,1,意大利长期居留的 A2 语言考试,https://thuisitaliaans.com/lingue/yidaliyu-a2-changqi-juliu,7,Article+Person+WebPage,,78,8,8,0,0,description corta; og:locale assente; pagina sottile; niente tabelle/liste/FAQ da citare
lingue/yidaliyu-chaoshi.html,zh,去超市买菜的意大利语 — Ti,15,27,1,去超市买菜的意大利语,https://thuisitaliaans.com/lingue/yidaliyu-chaoshi,6,Article+Person+WebPage,,92,7,8,0,2,description corta; og:locale assente; pagina sottile
lingue/yidaliyu-fandian.html,zh,在意大利餐厅说意大利语 — Ti,16,30,1,在意大利餐厅说意大利语,https://thuisitaliaans.com/lingue/yidaliyu-fandian,12,Article+BreadcrumbList+ImageObject+ListItem+Organization+Web,,143,8,11,0,1,description corta; pagina sottile
lingue/yidaliyu-fanshen-dongci.html,zh,意大利语反身动词 (verbi riflessivi) — Ti,32,48,1,意大利语反身动词,https://thuisitaliaans.com/lingue/yidaliyu-fanshen-dongci,3,Article+BreadcrumbList+ImageObject+ListItem+Organization+Web,,194,8,11,0,1,description corta; pagina sottile
lingue/yidaliyu-gongmin-kaoshi.html,zh,意大利公民入籍意大利语考试(CILS A2):怎么考、怎么准备,31,60,1,"意大利公民入籍意大利语考试,一次讲清。",https://thuisitaliaans.com/lingue/yidaliyu-gongmin-kaoshi,14,Answer+Article+BreadcrumbList+FAQPage+ImageObject+ListItem+O,si,168,8,11,0,1,description corta; FAQPage senza domande visibili; pagina sottile
lingue/yidaliyu-guanci.html,zh,"意大利语冠词(il, la, lo, l', i, gli, le)— Ti",38,44,1,意大利语冠词,https://thuisitaliaans.com/lingue/yidaliyu-guanci,11,Article+BreadcrumbList+ImageObject+ListItem+Organization+Web,,165,8,11,0,1,description corta; pagina sottile
lingue/yidaliyu-jiaotong.html,zh,坐火车和公交的意大利语 — Ti,16,23,1,坐火车和公交的意大利语,https://thuisitaliaans.com/lingue/yidaliyu-jiaotong,6,Article+Person+WebPage,,89,7,8,0,2,description corta; og:locale assente; pagina sottile
lingue/yidaliyu-jiazhao.html,zh,驾照相关的意大利语 — Ti,14,25,1,驾照相关的意大利语,https://thuisitaliaans.com/lingue/yidaliyu-jiazhao,9,Article+Person+WebPage,,81,7,8,0,2,title corto; description corta; og:locale assente; pagina sottile
lingue/yidaliyu-jieci.html,zh,"意大利语介词(di, a, da, in, con, per, su, tra)— Ti",44,43,1,意大利语介词,https://thuisitaliaans.com/lingue/yidaliyu-jieci,6,Article+BreadcrumbList+ImageObject+ListItem+Organization+Web,,283,8,11,0,1,description corta; pagina sottile
lingue/yidaliyu-jinguoshi.html,zh,意大利语近过去时(passato prossimo)— Ti,30,59,1,意大利语近过去时(passato prossimo),https://thuisitaliaans.com/lingue/yidaliyu-jinguoshi,0,Article+BreadcrumbList+ImageObject+ListItem+Organization+Web,,181,8,11,0,1,description corta; pagina sottile
lingue/yidaliyu-jinji-qingkuang.html,zh,急救和急诊室的意大利语 — Ti,16,29,1,急救和急诊室的意大利语,https://thuisitaliaans.com/lingue/yidaliyu-jinji-qingkuang,6,Article+Person+WebPage,,96,7,8,0,2,description corta; og:locale assente; pagina sottile
lingue/yidaliyu-juzhu.html,zh,居住登记和市政厅的意大利语 — Ti,18,28,1,居住登记和市政厅的意大利语,https://thuisitaliaans.com/lingue/yidaliyu-juzhu,9,Article+Person+WebPage,,80,7,8,0,2,description corta; og:locale assente; pagina sottile
lingue/yidaliyu-laji-fenlei.html,zh,垃圾分类和公寓楼的意大利语 — Ti,18,22,1,垃圾分类和公寓楼的意大利语,https://thuisitaliaans.com/lingue/yidaliyu-laji-fenlei,6,Article+Person+WebPage,,94,7,8,0,2,description corta; og:locale assente; pagina sottile
lingue/yidaliyu-mianshi.html,zh,面试时要用的意大利语 — Ti,15,21,1,面试时要用的意大利语,https://thuisitaliaans.com/lingue/yidaliyu-mianshi,9,Article+Person+WebPage,,86,7,8,0,2,description corta; og:locale assente; pagina sottile
lingue/yidaliyu-shangwu-jieshao.html,zh,意大利语商务自我介绍 — Ti,15,32,1,意大利语商务自我介绍,https://thuisitaliaans.com/lingue/yidaliyu-shangwu-jieshao,12,Article+BreadcrumbList+ImageObject+ListItem+Organization+Web,,175,8,11,0,1,description corta; pagina sottile
lingue/yidaliyu-shuiwu-daima.html,zh,意大利税号（codice fiscale）怎么办 — Ti,29,24,1,意大利税号（codice fiscale）怎么办,https://thuisitaliaans.com/lingue/yidaliyu-shuiwu-daima,6,Article+Person+WebPage,,109,7,8,0,2,description corta; og:locale assente; pagina sottile
lingue/yidaliyu-spid.html,zh,税号和 SPID 的意大利语 — Ti,19,24,1,税号和 SPID 的意大利语,https://thuisitaliaans.com/lingue/yidaliyu-spid,9,Article+Person+WebPage,,80,7,8,0,2,description corta; og:locale assente; pagina sottile
lingue/yidaliyu-xianzai-shi.html,zh,意大利语现在时:规则动词和不规则动词,18,53,1,意大利语现在时,https://thuisitaliaans.com/lingue/yidaliyu-xianzai-shi,13,Article+BreadcrumbList+ImageObject+ListItem+Organization+Web,,154,8,11,0,1,description corta; pagina sottile
lingue/yidaliyu-xuexiao.html,zh,孩子上学要用的意大利语 — Ti,16,25,1,孩子上学要用的意大利语,https://thuisitaliaans.com/lingue/yidaliyu-xuexiao,9,Article+Person+WebPage,,85,7,8,0,2,description corta; og:locale assente; pagina sottile
lingue/yidaliyu-yanse.html,zh,意大利语颜色词汇 — Ti,13,21,1,意大利语颜色,https://thuisitaliaans.com/lingue/yidaliyu-yanse,5,Article+BreadcrumbList+ImageObject+ListItem+Organization+Web,,174,8,11,0,0,title corto; description corta; pagina sottile; niente tabelle/liste/FAQ da citare
lingue/yidaliyu-yinhang.html,zh,在银行要用的意大利语 — Ti,15,21,1,在银行要用的意大利语,https://thuisitaliaans.com/lingue/yidaliyu-yinhang,9,Article+Person+WebPage,,80,7,8,0,2,description corta; og:locale assente; pagina sottile
lingue/yidaliyu-yisheng.html,zh,看医生和去药店的意大利语 — Ti,17,28,1,看医生和去药店的意大利语,https://thuisitaliaans.com/lingue/yidaliyu-yisheng,9,Article+Person+WebPage,,88,7,8,0,2,description corta; og:locale assente; pagina sottile
lingue/yidaliyu-zhangdan.html,zh,交账单和去邮局的意大利语 — Ti,17,26,1,交账单和去邮局的意大利语,https://thuisitaliaans.com/lingue/yidaliyu-zhangdan,6,Article+Person+WebPage,,96,7,8,0,2,description corta; og:locale assente; pagina sottile
lingue/yidaliyu-zimu-fayin.html,zh,意大利语字母和发音入门 — Ti,16,28,1,意大利语字母和发音入门,https://thuisitaliaans.com/lingue/yidaliyu-zimu-fayin,6,Article+Person+WebPage,,131,7,8,0,2,description corta; og:locale assente; pagina sottile
lingue/yidaliyu-zufang.html,zh,租房要用的意大利语 — Ti,14,28,1,租房要用的意大利语,https://thuisitaliaans.com/lingue/yidaliyu-zufang,9,Article+Person+WebPage,,80,7,8,0,2,title corto; description corta; og:locale assente; pagina sottile
niveaus/italiaanse-boeken-a1.html,nl,Italiaanse boeken voor beginners (A1): makkelijk lezen,54,147,1,Italiaanse boeken voor beginners (niveau A1),https://thuisitaliaans.com/italiaanse-boeken-a1,4,BreadcrumbList+CollectionPage+ItemList+ListItem+Organization,,216,5,22,0,0,canonical diverso dal percorso; og:locale assente; pagina sottile; niente tabelle/liste/FAQ da citare
niveaus/italiaanse-boeken-a2.html,nl,Makkelijke Italiaanse boeken (A2) voor beginners,48,155,1,Makkelijke Italiaanse boeken (niveau A2),https://thuisitaliaans.com/italiaanse-boeken-a2,4,BreadcrumbList+CollectionPage+ItemList+ListItem+Organization,,272,7,27,0,0,canonical diverso dal percorso; og:locale assente; pagina sottile; niente tabelle/liste/FAQ da citare
niveaus/italiaanse-boeken-b1.html,nl,Italiaanse boeken B1: lezen voor halfgevorderden,48,154,1,Italiaanse boeken voor halfgevorderden (niveau B1),https://thuisitaliaans.com/italiaanse-boeken-b1,4,BreadcrumbList+CollectionPage+ItemList+ListItem+Organization,,230,5,23,0,0,canonical diverso dal percorso; og:locale assente; pagina sottile; niente tabelle/liste/FAQ da citare
niveaus/italiaanse-boeken-b2.html,nl,Italiaanse boeken niveau B2: de grote klassiekers,49,159,1,Italiaanse boeken voor halfgevorderden plus (niveau B2),https://thuisitaliaans.com/italiaanse-boeken-b2,4,BreadcrumbList+CollectionPage+ItemList+ListItem+Organization,,250,6,25,0,0,canonical diverso dal percorso; og:locale assente; pagina sottile; niente tabelle/liste/FAQ da citare
niveaus/italiaanse-boeken-c1.html,nl,Italiaanse boeken C1: de klassiekers lezen | thuisitaliaans,59,151,1,Italiaanse boeken voor gevorderden (niveau C1),https://thuisitaliaans.com/italiaanse-boeken-c1,4,BreadcrumbList+CollectionPage+ItemList+ListItem+Organization,,157,3,19,0,0,canonical diverso dal percorso; og:locale assente; pagina sottile; niente tabelle/liste/FAQ da citare
niveaus/italiaanse-boeken-c2.html,nl,Italiaans niveau C2: bijna moedertaal | thuisitaliaans,54,145,1,Italiaans niveau C2: bijna moedertaal,https://thuisitaliaans.com/italiaanse-boeken-c2,4,BreadcrumbList+ListItem+Organization+WebPage,,271,3,16,0,1,canonical diverso dal percorso; og:locale assente; pagina sottile
niveaus/italian-books-a1.html,en,Italian Books for Beginners (A1): Easy Graded Readers,53,155,1,Italian books for beginners (level A1),https://thuisitaliaans.com/italian-books-a1,4,BreadcrumbList+CollectionPage+ItemList+ListItem+Organization,,222,5,23,0,0,canonical diverso dal percorso; og:locale assente; pagina sottile; niente tabelle/liste/FAQ da citare
niveaus/italian-books-a2.html,en,Easy Italian Books (A2): Graded Readers for Beginners,53,156,1,Easy Italian books (level A2),https://thuisitaliaans.com/italian-books-a2,4,BreadcrumbList+CollectionPage+ItemList+ListItem+Organization,,274,7,28,0,0,canonical diverso dal percorso; og:locale assente; pagina sottile; niente tabelle/liste/FAQ da citare
niveaus/italian-books-b1.html,en,Intermediate Italian Books (B1): Reading Practice,49,156,1,Intermediate Italian books (level B1),https://thuisitaliaans.com/italian-books-b1,4,BreadcrumbList+CollectionPage+ItemList+ListItem+Organization,,233,5,24,0,0,canonical diverso dal percorso; og:locale assente; pagina sottile; niente tabelle/liste/FAQ da citare
niveaus/italian-books-b2.html,en,Upper-Intermediate Italian Books (B2): Graded Readers,53,158,1,Upper-intermediate Italian books (level B2),https://thuisitaliaans.com/italian-books-b2,4,BreadcrumbList+CollectionPage+ItemList+ListItem+Organization,,241,6,26,0,0,canonical diverso dal percorso; og:locale assente; pagina sottile; niente tabelle/liste/FAQ da citare
niveaus/italian-books-c1.html,en,Advanced Italian Books (C1): Read the Classics,46,161,1,Advanced Italian books (level C1),https://thuisitaliaans.com/italian-books-c1,4,BreadcrumbList+CollectionPage+ItemList+ListItem+Organization,,154,3,20,0,0,canonical diverso dal percorso; og:locale assente; pagina sottile; niente tabelle/liste/FAQ da citare
niveaus/italian-books-c2.html,en,Italian level C2: full mastery | thuisitaliaans,47,144,1,Italian level C2: full mastery,https://thuisitaliaans.com/italian-books-c2,4,BreadcrumbList+ListItem+Organization+WebPage,,278,3,18,0,1,canonical diverso dal percorso; og:locale assente; pagina sottile
niveaus/libri-italiano-facile-a1.html,it,Libri in italiano facile per principianti (A1),46,155,1,Libri in italiano per principianti (livello A1),https://thuisitaliaans.com/libri-italiano-facile-a1,4,BreadcrumbList+CollectionPage+ItemList+ListItem+Organization,,226,5,23,0,0,canonical diverso dal percorso; og:locale assente; pagina sottile; niente tabelle/liste/FAQ da citare
niveaus/libri-italiano-facile-a2.html,it,Libri in italiano facile A2: letture per principianti,53,145,1,Libri in italiano facile (livello A2),https://thuisitaliaans.com/libri-italiano-facile-a2,4,BreadcrumbList+CollectionPage+ItemList+ListItem+Organization,,281,7,28,0,0,canonical diverso dal percorso; og:locale assente; pagina sottile; niente tabelle/liste/FAQ da citare
niveaus/libri-italiano-facile-b1.html,it,Libri in italiano livello B1: letture intermedie,48,151,1,Libri in italiano per studenti intermedi (livello B1),https://thuisitaliaans.com/libri-italiano-facile-b1,4,BreadcrumbList+CollectionPage+ItemList+ListItem+Organization,,244,5,24,0,0,canonical diverso dal percorso; og:locale assente; pagina sottile; niente tabelle/liste/FAQ da citare
niveaus/libri-italiano-facile-b2.html,it,Libri in italiano livello B2: i grandi classici,47,144,1,Libri in italiano intermedio-avanzato (livello B2),https://thuisitaliaans.com/libri-italiano-facile-b2,4,BreadcrumbList+CollectionPage+ItemList+ListItem+Organization,,249,6,26,0,0,canonical diverso dal percorso; og:locale assente; pagina sottile; niente tabelle/liste/FAQ da citare
niveaus/libri-italiano-facile-c1.html,it,Libri in italiano C1: leggere i classici | thuisitaliaans,57,167,1,Libri in italiano per studenti avanzati (livello C1),https://thuisitaliaans.com/libri-italiano-facile-c1,4,BreadcrumbList+CollectionPage+ItemList+ListItem+Organization,,163,3,20,0,0,description lunga; canonical diverso dal percorso; og:locale assente; pagina sottile; niente tabelle/liste/FAQ da citare
niveaus/libri-italiano-facile-c2.html,it,Italiano livello C2: la padronanza | thuisitaliaans,51,152,1,Italiano livello C2: la padronanza,https://thuisitaliaans.com/libri-italiano-facile-c2,4,BreadcrumbList+ListItem+Organization+WebPage,,269,3,18,0,1,canonical diverso dal percorso; og:locale assente; pagina sottile
scuole/a-door-to-italy.html,it,A Door to Italy — corso di italiano a Genova | thuisitaliaans,61,137,1,A Door to Italy,https://thuisitaliaans.com/scuole/a-door-to-italy,8,Answer+BreadcrumbList+Country+FAQPage+GeoCoordinates+ImageOb,si,2289,8,121,0,3,
scuole/abc-firenze.html,it,ABC Firenze — corso di italiano a Firenze | thuisitaliaans,58,134,1,ABC Firenze,https://thuisitaliaans.com/scuole/abc-firenze,8,Answer+BreadcrumbList+Country+FAQPage+GeoCoordinates+ImageOb,si,2435,9,129,0,3,
scuole/abc-school-sestri-levante.html,it,ABC School Sestri Levante — corso di italiano a Sestri Levante | thuisitaliaans,79,155,1,ABC School Sestri Levante,https://thuisitaliaans.com/scuole/abc-school-sestri-levante,8,Answer+BreadcrumbList+Country+FAQPage+GeoCoordinates+ImageOb,si,2245,9,121,0,3,title lungo
scuole/accademia-del-giglio.html,it,Accademia del Giglio — corso di italiano a Firenze | thuisitaliaans,67,143,1,Accademia del Giglio,https://thuisitaliaans.com/scuole/accademia-del-giglio,8,Answer+BreadcrumbList+Country+FAQPage+GeoCoordinates+ImageOb,si,2460,9,129,0,3,title lungo
scuole/accademia-europea-di-firenze.html,it,Accademia Europea di Firenze — corso di italiano a Firenze | thuisitaliaans,75,151,1,Accademia Europea di Firenze,https://thuisitaliaans.com/scuole/accademia-europea-di-firenze,8,Answer+BreadcrumbList+Country+FAQPage+GeoCoordinates+ImageOb,si,2374,9,129,0,3,title lungo
scuole/accademia-italiana-salerno.html,it,Accademia Italiana Salerno — corso di italiano a Salerno | thuisitaliaans,73,150,1,Accademia Italiana Salerno,https://thuisitaliaans.com/scuole/accademia-italiana-salerno,8,Answer+BreadcrumbList+Country+FAQPage+GeoCoordinates+ImageOb,si,2201,8,122,0,3,title lungo
scuole/accademia-leonardo.html,it,Accademia Leonardo — corso di italiano a Salerno | thuisitaliaans,65,142,1,Accademia Leonardo,https://thuisitaliaans.com/scuole/accademia-leonardo,8,Answer+BreadcrumbList+Country+FAQPage+GeoCoordinates+ImageOb,si,2194,8,122,0,3,
scuole/accademia-lingua-italiana-assisi.html,it,Accademia Lingua Italiana Assisi — corso di italiano a Assisi | thuisitaliaans,78,153,1,Accademia Lingua Italiana Assisi,https://thuisitaliaans.com/scuole/accademia-lingua-italiana-assisi,8,Answer+BreadcrumbList+Country+FAQPage+GeoCoordinates+ImageOb,si,2197,9,123,0,3,title lungo
scuole/accademia-riaci.html,it,Accademia Riaci — corso di italiano a Firenze | thuisitaliaans,62,138,1,Accademia Riaci,https://thuisitaliaans.com/scuole/accademia-riaci,8,Answer+BreadcrumbList+Country+FAQPage+GeoCoordinates+ImageOb,si,2427,9,129,0,3,
scuole/alce-accademia-lingue-e-culture-europee.html,it,ALCE Accademia Lingue e Culture Europee — corso di italiano a Bologna | thuisitaliaans,86,169,1,ALCE Accademia Lingue e Culture Europee,https://thuisitaliaans.com/scuole/alce-accademia-lingue-e-culture-europee,8,Answer+BreadcrumbList+Country+FAQPage+GeoCoordinates+ImageOb,si,2268,9,126,0,3,title lungo; description lunga
scuole/alpha-beta-piccadilly-bolzano.html,it,Alpha Beta Piccadilly Bolzano — corso di italiano a Bolzano | thuisitaliaans,76,155,1,Alpha Beta Piccadilly Bolzano,https://thuisitaliaans.com/scuole/alpha-beta-piccadilly-bolzano,8,Answer+BreadcrumbList+Country+FAQPage+GeoCoordinates+ImageOb,si,2301,8,122,0,3,title lungo
scuole/alpha-beta-piccadilly-merano.html,it,Alpha Beta Piccadilly Merano — corso di italiano a Merano | thuisitaliaans,74,153,1,Alpha Beta Piccadilly Merano,https://thuisitaliaans.com/scuole/alpha-beta-piccadilly-merano,8,Answer+BreadcrumbList+Country+FAQPage+GeoCoordinates+ImageOb,si,2300,8,122,0,3,title lungo
scuole/arca.html,it,Arca — corso di italiano a Bologna | thuisitaliaans,51,134,1,Arca,https://thuisitaliaans.com/scuole/arca,8,Answer+BreadcrumbList+Country+FAQPage+GeoCoordinates+ImageOb,si,2269,9,126,0,3,
scuole/babilonia-centro-di-lingua-e-cultura-italiana.html,it,Babilonia Centro di Lingua e Cultura Italiana — corso di italiano a Taormina | thuisitaliaans,93,169,1,Babilonia Centro di Lingua e Cultura Italiana,https://thuisitaliaans.com/scuole/babilonia-centro-di-lingua-e-cultura-italiana,8,Answer+BreadcrumbList+Country+FAQPage+GeoCoordinates+ImageOb,si,2314,9,121,0,3,title lungo; description lunga
scuole/bertrand-russell.html,it,Bertrand Russell — corso di italiano a Padova | thuisitaliaans,62,137,1,Bertrand Russell,https://thuisitaliaans.com/scuole/bertrand-russell,8,Answer+BreadcrumbList+Country+FAQPage+GeoCoordinates+ImageOb,si,2194,9,122,0,3,
scuole/ca-foscari-school-for-international-education.html,it,Ca&#x27; Foscari School for International Education — corso di italiano a Venezia | thuisitaliaans,98,173,1,Ca&#x27; Foscari School for International Education,https://thuisitaliaans.com/scuole/ca-foscari-school-for-international-education,8,Answer+BreadcrumbList+Country+FAQPage+GeoCoordinates+ImageOb,si,2418,9,123,0,3,title lungo; description lunga
scuole/caffe-italiano-club.html,it,Caffè Italiano Club — corso di italiano a Tropea | thuisitaliaans,65,142,1,Caffè Italiano Club,https://thuisitaliaans.com/scuole/caffe-italiano-club,8,Answer+BreadcrumbList+Country+FAQPage+GeoCoordinates+ImageOb,si,2279,9,122,0,3,
scuole/centro-culturale-giacomo-puccini.html,it,Centro Culturale Giacomo Puccini — corso di italiano a Viareggio | thuisitaliaans,81,157,1,Centro Culturale Giacomo Puccini,https://thuisitaliaans.com/scuole/centro-culturale-giacomo-puccini,8,Answer+BreadcrumbList+Country+FAQPage+GeoCoordinates+ImageOb,si,2261,9,124,0,3,title lungo
scuole/centro-fiorenza-isola-d-elba.html,it,Centro Fiorenza Isola d&#x27;Elba — corso di italiano a Isola d&#x27;Elba | thuisitaliaans,90,166,1,Centro Fiorenza Isola d&#x27;Elba,https://thuisitaliaans.com/scuole/centro-fiorenza-isola-d-elba,8,Answer+BreadcrumbList+Country+FAQPage+GeoCoordinates+ImageOb,si,2204,9,119,0,3,title lungo; description lunga
scuole/centro-fiorenza.html,it,Centro Fiorenza — corso di italiano a Firenze | thuisitaliaans,62,138,1,Centro Fiorenza,https://thuisitaliaans.com/scuole/centro-fiorenza,8,Answer+BreadcrumbList+Country+Course+CourseInstance+Educatio,si,2418,9,129,0,3,
scuole/centro-italiano-firenze.html,it,Centro Italiano Firenze — corso di italiano a Firenze | thuisitaliaans,70,146,1,Centro Italiano Firenze,https://thuisitaliaans.com/scuole/centro-italiano-firenze,8,Answer+BreadcrumbList+Country+FAQPage+GeoCoordinates+ImageOb,si,2464,9,129,0,3,title lungo
scuole/centro-italiano.html,it,Centro Italiano — corso di italiano a Napoli | thuisitaliaans,61,138,1,Centro Italiano,https://thuisitaliaans.com/scuole/centro-italiano,8,Answer+BreadcrumbList+Country+FAQPage+GeoCoordinates+ImageOb,si,2247,9,121,0,3,
scuole/centro-koine-firenze.html,it,Centro Koinè Firenze — corso di italiano a Firenze | thuisitaliaans,67,143,1,Centro Koinè Firenze,https://thuisitaliaans.com/scuole/centro-koine-firenze,8,Answer+BreadcrumbList+Country+FAQPage+GeoCoordinates+ImageOb,si,2425,9,129,0,3,title lungo
scuole/centro-koine-lucca.html,it,Centro Koinè Lucca — corso di italiano a Lucca | thuisitaliaans,63,139,1,Centro Koinè Lucca,https://thuisitaliaans.com/scuole/centro-koine-lucca,8,Answer+BreadcrumbList+Country+FAQPage+GeoCoordinates+ImageOb,si,2274,9,124,0,3,
scuole/centro-lingua-italiana-calvino.html,it,Centro Lingua Italiana Calvino — corso di italiano a Firenze | thuisitaliaans,77,153,1,Centro Lingua Italiana Calvino,https://thuisitaliaans.com/scuole/centro-lingua-italiana-calvino,8,Answer+BreadcrumbList+Country+FAQPage+GeoCoordinates+ImageOb,si,2447,9,129,0,3,title lungo
scuole/centro-machiavelli.html,it,Centro Machiavelli — corso di italiano a Firenze | thuisitaliaans,65,141,1,Centro Machiavelli,https://thuisitaliaans.com/scuole/centro-machiavelli,8,Answer+BreadcrumbList+Country+FAQPage+GeoCoordinates+ImageOb,si,2456,9,129,0,3,
scuole/centro-studi-italiani.html,it,Centro Studi Italiani — corso di italiano a Urbania | thuisitaliaans,68,143,1,Centro Studi Italiani,https://thuisitaliaans.com/scuole/centro-studi-italiani,8,Answer+BreadcrumbList+Country+FAQPage+GeoCoordinates+ImageOb,si,2205,9,123,0,3,title lungo
scuole/ciao-italia.html,it,Ciao Italia — corso di italiano a Roma | thuisitaliaans,55,129,1,Ciao Italia,https://thuisitaliaans.com/scuole/ciao-italia,8,Answer+BreadcrumbList+Country+FAQPage+GeoCoordinates+ImageOb,si,2343,9,126,0,3,
scuole/ciaoitaly-scuola-leonardo-da-vinci-torino.html,it,CiaoItaly Scuola Leonardo da Vinci Torino — corso di italiano a Torino | thuisitaliaans,87,164,1,CiaoItaly Scuola Leonardo da Vinci Torino,https://thuisitaliaans.com/scuole/ciaoitaly-scuola-leonardo-da-vinci-torino,8,Answer+BreadcrumbList+Country+FAQPage+GeoCoordinates+ImageOb,si,2235,8,120,0,3,title lungo
scuole/citta/alberobello.html,it,Scuole di italiano a Alberobello — 1 scuola | thuisitaliaans,60,152,1,Scuole di italiano a Alberobello,https://thuisitaliaans.com/scuole/citta/alberobello,8,Answer+FAQPage+ImageObject+ItemList+LanguageSchool+ListItem+,si,669,3,17,0,3,
scuole/citta/alghero.html,it,Scuole di italiano a Alghero — 1 scuola | thuisitaliaans,56,148,1,Scuole di italiano a Alghero,https://thuisitaliaans.com/scuole/citta/alghero,8,Answer+FAQPage+ImageObject+ItemList+LanguageSchool+ListItem+,si,617,3,17,0,3,
scuole/citta/arezzo.html,it,Scuole di italiano a Arezzo — 1 scuola | thuisitaliaans,55,147,1,Scuole di italiano a Arezzo,https://thuisitaliaans.com/scuole/citta/arezzo,8,Answer+FAQPage+ImageObject+ItemList+LanguageSchool+ListItem+,si,614,3,27,0,3,
scuole/citta/assisi.html,it,Scuole di italiano a Assisi — 1 scuola | thuisitaliaans,55,147,1,Scuole di italiano a Assisi,https://thuisitaliaans.com/scuole/citta/assisi,8,Answer+FAQPage+ImageObject+ItemList+LanguageSchool+ListItem+,si,636,3,21,0,3,
scuole/citta/bagno-di-romagna.html,it,Scuole di italiano a Bagno di Romagna — 1 scuola | thuisitaliaans,65,157,1,Scuole di italiano a Bagno di Romagna,https://thuisitaliaans.com/scuole/citta/bagno-di-romagna,8,Answer+FAQPage+ImageObject+ItemList+LanguageSchool+ListItem+,si,658,3,23,0,3,
scuole/citta/bologna.html,it,Scuole di italiano a Bologna — 4 scuole | thuisitaliaans,56,148,1,Scuole di italiano a Bologna,https://thuisitaliaans.com/scuole/citta/bologna,8,Answer+FAQPage+ImageObject+ItemList+LanguageSchool+ListItem+,si,764,3,29,0,3,
scuole/citta/bolzano.html,it,Scuole di italiano a Bolzano — 1 scuola | thuisitaliaans,56,148,1,Scuole di italiano a Bolzano,https://thuisitaliaans.com/scuole/citta/bolzano,8,Answer+FAQPage+ImageObject+ItemList+LanguageSchool+ListItem+,si,659,2,18,0,3,
scuole/citta/cagliari.html,it,Scuole di italiano a Cagliari — 1 scuola | thuisitaliaans,57,149,1,Scuole di italiano a Cagliari,https://thuisitaliaans.com/scuole/citta/cagliari,8,Answer+FAQPage+ImageObject+ItemList+LanguageSchool+ListItem+,si,594,3,17,0,3,
scuole/citta/cefalu.html,it,Scuole di italiano a Cefalù — 1 scuola | thuisitaliaans,55,147,1,Scuole di italiano a Cefalù,https://thuisitaliaans.com/scuole/citta/cefalu,8,Answer+FAQPage+ImageObject+ItemList+LanguageSchool+ListItem+,si,587,3,21,0,3,
scuole/citta/firenze.html,it,Scuole di italiano a Firenze — 24 scuole | thuisitaliaans,57,149,1,Scuole di italiano a Firenze,https://thuisitaliaans.com/scuole/citta/firenze,8,Answer+FAQPage+ImageObject+ItemList+LanguageSchool+ListItem+,si,1363,3,71,0,3,
scuole/citta/genova.html,it,Scuole di italiano a Genova — 2 scuole | thuisitaliaans,55,147,1,Scuole di italiano a Genova,https://thuisitaliaans.com/scuole/citta/genova,8,Answer+FAQPage+ImageObject+ItemList+LanguageSchool+ListItem+,si,677,2,19,0,3,
scuole/citta/grottaglie.html,it,Scuole di italiano a Grottaglie — 1 scuola | thuisitaliaans,59,151,1,Scuole di italiano a Grottaglie,https://thuisitaliaans.com/scuole/citta/grottaglie,8,Answer+FAQPage+ImageObject+ItemList+LanguageSchool+ListItem+,si,644,3,17,0,3,
scuole/citta/isola-d-elba.html,it,Scuole di italiano a Isola d&#x27;Elba — 1 scuola | thuisitaliaans,66,158,1,Scuole di italiano a Isola d'Elba,https://thuisitaliaans.com/scuole/citta/isola-d-elba,8,Answer+FAQPage+ImageObject+ItemList+LanguageSchool+ListItem+,si,580,3,22,0,3,title lungo
scuole/citta/la-maddalena.html,it,Scuole di italiano a La Maddalena — 1 scuola | thuisitaliaans,61,153,1,Scuole di italiano a La Maddalena,https://thuisitaliaans.com/scuole/citta/la-maddalena,8,Answer+FAQPage+ImageObject+ItemList+LanguageSchool+ListItem+,si,659,3,18,0,3,
scuole/citta/lignano-sabbiadoro.html,it,Scuole di italiano a Lignano Sabbiadoro — 1 scuola | thuisitaliaans,67,159,1,Scuole di italiano a Lignano Sabbiadoro,https://thuisitaliaans.com/scuole/citta/lignano-sabbiadoro,8,Answer+FAQPage+ImageObject+ItemList+LanguageSchool+ListItem+,si,619,3,17,0,3,title lungo
scuole/citta/lucca.html,it,Scuole di italiano a Lucca — 2 scuole | thuisitaliaans,54,146,1,Scuole di italiano a Lucca,https://thuisitaliaans.com/scuole/citta/lucca,8,Answer+FAQPage+ImageObject+ItemList+LanguageSchool+ListItem+,si,742,3,29,0,3,
scuole/citta/merano.html,it,Scuole di italiano a Merano — 1 scuola | thuisitaliaans,55,147,1,Scuole di italiano a Merano,https://thuisitaliaans.com/scuole/citta/merano,8,Answer+FAQPage+ImageObject+ItemList+LanguageSchool+ListItem+,si,669,2,18,0,3,
scuole/citta/milano.html,it,Scuole di italiano a Milano — 4 scuole | thuisitaliaans,55,147,1,Scuole di italiano a Milano,https://thuisitaliaans.com/scuole/citta/milano,8,Answer+FAQPage+ImageObject+ItemList+LanguageSchool+ListItem+,si,777,3,20,0,3,
scuole/citta/milazzo.html,it,Scuole di italiano a Milazzo — 1 scuola | thuisitaliaans,56,148,1,Scuole di italiano a Milazzo,https://thuisitaliaans.com/scuole/citta/milazzo,8,Answer+FAQPage+ImageObject+ItemList+LanguageSchool+ListItem+,si,619,3,22,0,3,
scuole/citta/modena.html,it,Scuole di italiano a Modena — 1 scuola | thuisitaliaans,55,147,1,Scuole di italiano a Modena,https://thuisitaliaans.com/scuole/citta/modena,8,Answer+FAQPage+ImageObject+ItemList+LanguageSchool+ListItem+,si,619,3,22,0,3,
scuole/citta/montepulciano.html,it,Scuole di italiano a Montepulciano — 1 scuola | thuisitaliaans,62,154,1,Scuole di italiano a Montepulciano,https://thuisitaliaans.com/scuole/citta/montepulciano,8,Answer+FAQPage+ImageObject+ItemList+LanguageSchool+ListItem+,si,650,3,27,0,3,
scuole/citta/napoli.html,it,Scuole di italiano a Napoli — 1 scuola | thuisitaliaans,55,147,1,Scuole di italiano a Napoli,https://thuisitaliaans.com/scuole/citta/napoli,8,Answer+FAQPage+ImageObject+ItemList+LanguageSchool+ListItem+,si,660,3,18,0,3,
scuole/citta/olbia.html,it,Scuole di italiano a Olbia — 1 scuola | thuisitaliaans,54,146,1,Scuole di italiano a Olbia,https://thuisitaliaans.com/scuole/citta/olbia,8,Answer+FAQPage+ImageObject+ItemList+LanguageSchool+ListItem+,si,659,3,18,0,3,
scuole/citta/orbetello.html,it,Scuole di italiano a Orbetello — 1 scuola | thuisitaliaans,58,150,1,Scuole di italiano a Orbetello,https://thuisitaliaans.com/scuole/citta/orbetello,8,Answer+FAQPage+ImageObject+ItemList+LanguageSchool+ListItem+,si,638,3,27,0,3,
scuole/citta/orvieto.html,it,Scuole di italiano a Orvieto — 1 scuola | thuisitaliaans,56,148,1,Scuole di italiano a Orvieto,https://thuisitaliaans.com/scuole/citta/orvieto,8,Answer+FAQPage+ImageObject+ItemList+LanguageSchool+ListItem+,si,623,3,21,0,3,
scuole/citta/otranto.html,it,Scuole di italiano a Otranto — 1 scuola | thuisitaliaans,56,148,1,Scuole di italiano a Otranto,https://thuisitaliaans.com/scuole/citta/otranto,8,Answer+FAQPage+ImageObject+ItemList+LanguageSchool+ListItem+,si,572,3,16,0,3,
scuole/citta/padova.html,it,Scuole di italiano a Padova — 1 scuola | thuisitaliaans,55,147,1,Scuole di italiano a Padova,https://thuisitaliaans.com/scuole/citta/padova,8,Answer+FAQPage+ImageObject+ItemList+LanguageSchool+ListItem+,si,624,3,19,0,3,
scuole/citta/palermo-mondello.html,it,Scuole di italiano a Palermo (Mondello) — 1 scuola | thuisitaliaans,67,159,1,Scuole di italiano a Palermo (Mondello),https://thuisitaliaans.com/scuole/citta/palermo-mondello,8,Answer+FAQPage+ImageObject+ItemList+LanguageSchool+ListItem+,si,660,3,22,0,3,title lungo
scuole/citta/palermo.html,it,Scuole di italiano a Palermo — 1 scuola | thuisitaliaans,56,148,1,Scuole di italiano a Palermo,https://thuisitaliaans.com/scuole/citta/palermo,8,Answer+FAQPage+ImageObject+ItemList+LanguageSchool+ListItem+,si,645,3,22,0,3,
scuole/citta/perugia.html,it,Scuole di italiano a Perugia — 2 scuole | thuisitaliaans,56,148,1,Scuole di italiano a Perugia,https://thuisitaliaans.com/scuole/citta/perugia,8,Answer+FAQPage+ImageObject+ItemList+LanguageSchool+ListItem+,si,729,3,23,0,3,
scuole/citta/pisa.html,it,Scuole di italiano a Pisa — 1 scuola | thuisitaliaans,53,145,1,Scuole di italiano a Pisa,https://thuisitaliaans.com/scuole/citta/pisa,8,Answer+FAQPage+ImageObject+ItemList+LanguageSchool+ListItem+,si,682,3,27,0,3,
scuole/citta/ravenna.html,it,Scuole di italiano a Ravenna — 1 scuola | thuisitaliaans,56,148,1,Scuole di italiano a Ravenna,https://thuisitaliaans.com/scuole/citta/ravenna,8,Answer+FAQPage+ImageObject+ItemList+LanguageSchool+ListItem+,si,669,2,23,0,3,
scuole/citta/recanati.html,it,Scuole di italiano a Recanati — 1 scuola | thuisitaliaans,57,149,1,Scuole di italiano a Recanati,https://thuisitaliaans.com/scuole/citta/recanati,8,Answer+FAQPage+ImageObject+ItemList+LanguageSchool+ListItem+,si,625,3,17,0,3,
scuole/citta/reggio-calabria.html,it,Scuole di italiano a Reggio Calabria — 1 scuola | thuisitaliaans,64,156,1,Scuole di italiano a Reggio Calabria,https://thuisitaliaans.com/scuole/citta/reggio-calabria,8,Answer+FAQPage+ImageObject+ItemList+LanguageSchool+ListItem+,si,608,2,18,0,3,
scuole/citta/reggio-emilia.html,it,Scuole di italiano a Reggio Emilia — 1 scuola | thuisitaliaans,62,154,1,Scuole di italiano a Reggio Emilia,https://thuisitaliaans.com/scuole/citta/reggio-emilia,8,Answer+FAQPage+ImageObject+ItemList+LanguageSchool+ListItem+,si,644,3,22,0,3,
scuole/citta/rimini.html,it,Scuole di italiano a Rimini — 1 scuola | thuisitaliaans,55,147,1,Scuole di italiano a Rimini,https://thuisitaliaans.com/scuole/citta/rimini,8,Answer+FAQPage+ImageObject+ItemList+LanguageSchool+ListItem+,si,638,2,23,0,3,
scuole/citta/riva-del-garda.html,it,Scuole di italiano a Riva del Garda — 1 scuola | thuisitaliaans,63,155,1,Scuole di italiano a Riva del Garda,https://thuisitaliaans.com/scuole/citta/riva-del-garda,8,Answer+FAQPage+ImageObject+ItemList+LanguageSchool+ListItem+,si,670,3,19,0,3,
scuole/citta/roma.html,it,Scuole di italiano a Roma — 11 scuola | thuisitaliaans,54,146,1,Scuole di italiano a Roma,https://thuisitaliaans.com/scuole/citta/roma,8,Answer+FAQPage+ImageObject+ItemList+LanguageSchool+ListItem+,si,1076,3,36,0,3,
scuole/citta/salerno.html,it,Scuole di italiano a Salerno — 2 scuole | thuisitaliaans,56,148,1,Scuole di italiano a Salerno,https://thuisitaliaans.com/scuole/citta/salerno,8,Answer+FAQPage+ImageObject+ItemList+LanguageSchool+ListItem+,si,674,2,20,0,3,
scuole/citta/san-giovanni-valdarno.html,it,Scuole di italiano a San Giovanni Valdarno — 1 scuola | thuisitaliaans,70,162,1,Scuole di italiano a San Giovanni Valdarno,https://thuisitaliaans.com/scuole/citta/san-giovanni-valdarno,8,Answer+FAQPage+ImageObject+ItemList+LanguageSchool+ListItem+,si,648,3,27,0,3,title lungo
scuole/citta/sanremo.html,it,Scuole di italiano a Sanremo — 1 scuola | thuisitaliaans,56,148,1,Scuole di italiano a Sanremo,https://thuisitaliaans.com/scuole/citta/sanremo,8,Answer+FAQPage+ImageObject+ItemList+LanguageSchool+ListItem+,si,591,3,16,0,3,
scuole/citta/sestri-levante.html,it,Scuole di italiano a Sestri Levante — 1 scuola | thuisitaliaans,63,155,1,Scuole di italiano a Sestri Levante,https://thuisitaliaans.com/scuole/citta/sestri-levante,8,Answer+FAQPage+ImageObject+ItemList+LanguageSchool+ListItem+,si,660,3,18,0,3,
scuole/citta/siena.html,it,Scuole di italiano a Siena — 3 scuole | thuisitaliaans,54,146,1,Scuole di italiano a Siena,https://thuisitaliaans.com/scuole/citta/siena,8,Answer+FAQPage+ImageObject+ItemList+LanguageSchool+ListItem+,si,738,3,31,0,3,
scuole/citta/sorrento.html,it,Scuole di italiano a Sorrento — 1 scuola | thuisitaliaans,57,149,1,Scuole di italiano a Sorrento,https://thuisitaliaans.com/scuole/citta/sorrento,8,Answer+FAQPage+ImageObject+ItemList+LanguageSchool+ListItem+,si,600,3,18,0,3,
scuole/citta/taormina.html,it,Scuole di italiano a Taormina — 1 scuola | thuisitaliaans,57,149,1,Scuole di italiano a Taormina,https://thuisitaliaans.com/scuole/citta/taormina,8,Answer+FAQPage+ImageObject+ItemList+LanguageSchool+ListItem+,si,629,3,21,0,3,
scuole/citta/todi.html,it,Scuole di italiano a Todi — 1 scuola | thuisitaliaans,53,145,1,Scuole di italiano a Todi,https://thuisitaliaans.com/scuole/citta/todi,8,Answer+FAQPage+ImageObject+ItemList+LanguageSchool+ListItem+,si,599,3,21,0,3,
scuole/citta/torino.html,it,Scuole di italiano a Torino — 2 scuole | thuisitaliaans,55,147,1,Scuole di italiano a Torino,https://thuisitaliaans.com/scuole/citta/torino,8,Answer+FAQPage+ImageObject+ItemList+LanguageSchool+ListItem+,si,680,2,16,0,3,
scuole/citta/trapani.html,it,Scuole di italiano a Trapani — 1 scuola | thuisitaliaans,56,148,1,Scuole di italiano a Trapani,https://thuisitaliaans.com/scuole/citta/trapani,8,Answer+FAQPage+ImageObject+ItemList+LanguageSchool+ListItem+,si,665,3,21,0,3,
scuole/citta/trento.html,it,Scuole di italiano a Trento — 1 scuola | thuisitaliaans,55,147,1,Scuole di italiano a Trento,https://thuisitaliaans.com/scuole/citta/trento,8,Answer+FAQPage+ImageObject+ItemList+LanguageSchool+ListItem+,si,658,3,19,0,3,
scuole/citta/trieste.html,it,Scuole di italiano a Trieste — 2 scuole | thuisitaliaans,56,148,1,Scuole di italiano a Trieste,https://thuisitaliaans.com/scuole/citta/trieste,8,Answer+FAQPage+ImageObject+ItemList+LanguageSchool+ListItem+,si,719,2,18,0,3,
scuole/citta/tropea.html,it,Scuole di italiano a Tropea — 2 scuole | thuisitaliaans,55,147,1,Scuole di italiano a Tropea,https://thuisitaliaans.com/scuole/citta/tropea,8,Answer+FAQPage+ImageObject+ItemList+LanguageSchool+ListItem+,si,682,3,19,0,3,
scuole/citta/tuscania.html,it,Scuole di italiano a Tuscania — 1 scuola | thuisitaliaans,57,149,1,Scuole di italiano a Tuscania,https://thuisitaliaans.com/scuole/citta/tuscania,8,Answer+FAQPage+ImageObject+ItemList+LanguageSchool+ListItem+,si,597,3,19,0,3,
scuole/citta/urbania.html,it,Scuole di italiano a Urbania — 1 scuola | thuisitaliaans,56,148,1,Scuole di italiano a Urbania,https://thuisitaliaans.com/scuole/citta/urbania,8,Answer+FAQPage+ImageObject+ItemList+LanguageSchool+ListItem+,si,612,3,19,0,3,
scuole/citta/venezia.html,it,Scuole di italiano a Venezia — 3 scuole | thuisitaliaans,56,148,1,Scuole di italiano a Venezia,https://thuisitaliaans.com/scuole/citta/venezia,8,Answer+FAQPage+ImageObject+ItemList+LanguageSchool+ListItem+,si,823,3,22,0,3,
scuole/citta/verona.html,it,Scuole di italiano a Verona — 3 scuole | thuisitaliaans,55,147,1,Scuole di italiano a Verona,https://thuisitaliaans.com/scuole/citta/verona,8,Answer+FAQPage+ImageObject+ItemList+LanguageSchool+ListItem+,si,760,2,24,0,3,
scuole/citta/viareggio.html,it,Scuole di italiano a Viareggio — 2 scuole | thuisitaliaans,58,150,1,Scuole di italiano a Viareggio,https://thuisitaliaans.com/scuole/citta/viareggio,8,Answer+FAQPage+ImageObject+ItemList+LanguageSchool+ListItem+,si,731,3,29,0,3,
scuole/clm-bell-riva-del-garda.html,it,CLM Bell Riva del Garda — corso di italiano a Riva del Garda | thuisitaliaans,77,154,1,CLM Bell Riva del Garda,https://thuisitaliaans.com/scuole/clm-bell-riva-del-garda,8,Answer+BreadcrumbList+Country+FAQPage+GeoCoordinates+ImageOb,si,2292,9,123,0,3,title lungo
scuole/clm-bell-trento.html,it,CLM Bell Trento — corso di italiano a Trento | thuisitaliaans,61,138,1,CLM Bell Trento,https://thuisitaliaans.com/scuole/clm-bell-trento,8,Answer+BreadcrumbList+Country+FAQPage+GeoCoordinates+ImageOb,si,2293,9,123,0,3,
scuole/comitato-linguistico.html,it,Comitato Linguistico — corso di italiano a Perugia | thuisitaliaans,67,142,1,Comitato Linguistico,https://thuisitaliaans.com/scuole/comitato-linguistico,8,Answer+BreadcrumbList+Country+Course+CourseInstance+Educatio,si,2184,9,124,0,3,title lungo
scuole/cultura-italiana-arezzo.html,it,Cultura Italiana Arezzo — corso di italiano a Arezzo | thuisitaliaans,69,145,1,Cultura Italiana Arezzo,https://thuisitaliaans.com/scuole/cultura-italiana-arezzo,8,Answer+BreadcrumbList+Country+FAQPage+GeoCoordinates+ImageOb,si,2148,9,123,0,3,title lungo
scuole/cultura-italiana-bologna.html,it,Cultura Italiana Bologna — corso di italiano a Bologna | thuisitaliaans,71,154,1,Cultura Italiana Bologna,https://thuisitaliaans.com/scuole/cultura-italiana-bologna,8,Answer+BreadcrumbList+Country+FAQPage+GeoCoordinates+ImageOb,si,2175,9,126,0,3,title lungo
scuole/de/a-door-to-italy.html,de,A Door to Italy — Italienischkurs in Genova | thuisitaliaans,60,130,1,A Door to Italy,https://thuisitaliaans.com/scuole/de/a-door-to-italy,8,Answer+BreadcrumbList+Country+FAQPage+GeoCoordinates+ImageOb,si,2098,8,121,0,3,
scuole/de/abc-firenze.html,de,ABC Firenze — Italienischkurs in Firenze | thuisitaliaans,57,127,1,ABC Firenze,https://thuisitaliaans.com/scuole/de/abc-firenze,8,Answer+BreadcrumbList+Country+FAQPage+GeoCoordinates+ImageOb,si,2225,9,129,0,3,
scuole/de/abc-school-sestri-levante.html,de,ABC School Sestri Levante — Italienischkurs in Sestri Levante | thuisitaliaans,78,148,1,ABC School Sestri Levante,https://thuisitaliaans.com/scuole/de/abc-school-sestri-levante,8,Answer+BreadcrumbList+Country+FAQPage+GeoCoordinates+ImageOb,si,2052,9,121,0,3,title lungo
scuole/de/accademia-del-giglio.html,de,Accademia del Giglio — Italienischkurs in Firenze | thuisitaliaans,66,136,1,Accademia del Giglio,https://thuisitaliaans.com/scuole/de/accademia-del-giglio,8,Answer+BreadcrumbList+Country+FAQPage+GeoCoordinates+ImageOb,si,2245,9,129,0,3,title lungo
scuole/de/accademia-europea-di-firenze.html,de,Accademia Europea di Firenze — Italienischkurs in Firenze | thuisitaliaans,74,144,1,Accademia Europea di Firenze,https://thuisitaliaans.com/scuole/de/accademia-europea-di-firenze,8,Answer+BreadcrumbList+Country+FAQPage+GeoCoordinates+ImageOb,si,2175,9,129,0,3,title lungo
scuole/de/accademia-italiana-salerno.html,de,Accademia Italiana Salerno — Italienischkurs in Salerno | thuisitaliaans,72,143,1,Accademia Italiana Salerno,https://thuisitaliaans.com/scuole/de/accademia-italiana-salerno,8,Answer+BreadcrumbList+Country+FAQPage+GeoCoordinates+ImageOb,si,2022,8,122,0,3,title lungo
scuole/de/accademia-leonardo.html,de,Accademia Leonardo — Italienischkurs in Salerno | thuisitaliaans,64,135,1,Accademia Leonardo,https://thuisitaliaans.com/scuole/de/accademia-leonardo,8,Answer+BreadcrumbList+Country+FAQPage+GeoCoordinates+ImageOb,si,2023,8,122,0,3,
scuole/de/accademia-lingua-italiana-assisi.html,de,Accademia Lingua Italiana Assisi — Italienischkurs in Assisi | thuisitaliaans,77,146,1,Accademia Lingua Italiana Assisi,https://thuisitaliaans.com/scuole/de/accademia-lingua-italiana-assisi,8,Answer+BreadcrumbList+Country+FAQPage+GeoCoordinates+ImageOb,si,2015,9,123,0,3,title lungo
scuole/de/accademia-riaci.html,de,Accademia Riaci — Italienischkurs in Firenze | thuisitaliaans,61,131,1,Accademia Riaci,https://thuisitaliaans.com/scuole/de/accademia-riaci,8,Answer+BreadcrumbList+Country+FAQPage+GeoCoordinates+ImageOb,si,2222,9,129,0,3,
scuole/de/alce-accademia-lingue-e-culture-europee.html,de,ALCE Accademia Lingue e Culture Europee — Italienischkurs in Bologna | thuisitaliaans,85,162,1,ALCE Accademia Lingue e Culture Europee,https://thuisitaliaans.com/scuole/de/alce-accademia-lingue-e-culture-europee,8,Answer+BreadcrumbList+Country+FAQPage+GeoCoordinates+ImageOb,si,2102,9,126,0,3,title lungo
scuole/de/alpha-beta-piccadilly-bolzano.html,de,Alpha Beta Piccadilly Bolzano — Italienischkurs in Bolzano | thuisitaliaans,75,148,1,Alpha Beta Piccadilly Bolzano,https://thuisitaliaans.com/scuole/de/alpha-beta-piccadilly-bolzano,8,Answer+BreadcrumbList+Country+FAQPage+GeoCoordinates+ImageOb,si,2112,8,122,0,3,title lungo
scuole/de/alpha-beta-piccadilly-merano.html,de,Alpha Beta Piccadilly Merano — Italienischkurs in Merano | thuisitaliaans,73,146,1,Alpha Beta Piccadilly Merano,https://thuisitaliaans.com/scuole/de/alpha-beta-piccadilly-merano,8,Answer+BreadcrumbList+Country+FAQPage+GeoCoordinates+ImageOb,si,2101,8,122,0,3,title lungo
scuole/de/arca.html,de,Arca — Italienischkurs in Bologna | thuisitaliaans,50,127,1,Arca,https://thuisitaliaans.com/scuole/de/arca,8,Answer+BreadcrumbList+Country+FAQPage+GeoCoordinates+ImageOb,si,2102,9,126,0,3,
scuole/de/babilonia-centro-di-lingua-e-cultura-italiana.html,de,Babilonia Centro di Lingua e Cultura Italiana — Italienischkurs in Taormina | thuisitaliaans,92,162,1,Babilonia Centro di Lingua e Cultura Italiana,https://thuisitaliaans.com/scuole/de/babilonia-centro-di-lingua-e-cultura-italiana,8,Answer+BreadcrumbList+Country+FAQPage+GeoCoordinates+ImageOb,si,2118,9,121,0,3,title lungo
scuole/de/bertrand-russell.html,de,Bertrand Russell — Italienischkurs in Padova | thuisitaliaans,61,130,1,Bertrand Russell,https://thuisitaliaans.com/scuole/de/bertrand-russell,8,Answer+BreadcrumbList+Country+FAQPage+GeoCoordinates+ImageOb,si,2007,9,122,0,3,
scuole/de/ca-foscari-school-for-international-education.html,de,Ca&#x27; Foscari School for International Education — Italienischkurs in Venezia | thuisitaliaans,97,166,1,Ca&#x27; Foscari School for International Education,https://thuisitaliaans.com/scuole/de/ca-foscari-school-for-international-education,8,Answer+BreadcrumbList+Country+FAQPage+GeoCoordinates+ImageOb,si,2220,9,123,0,3,title lungo; description lunga
scuole/de/caffe-italiano-club.html,de,Caffè Italiano Club — Italienischkurs in Tropea | thuisitaliaans,64,135,1,Caffè Italiano Club,https://thuisitaliaans.com/scuole/de/caffe-italiano-club,8,Answer+BreadcrumbList+Country+FAQPage+GeoCoordinates+ImageOb,si,2085,9,122,0,3,
scuole/de/centro-culturale-giacomo-puccini.html,de,Centro Culturale Giacomo Puccini — Italienischkurs in Viareggio | thuisitaliaans,80,150,1,Centro Culturale Giacomo Puccini,https://thuisitaliaans.com/scuole/de/centro-culturale-giacomo-puccini,8,Answer+BreadcrumbList+Country+FAQPage+GeoCoordinates+ImageOb,si,2076,9,124,0,3,title lungo
scuole/de/centro-fiorenza-isola-d-elba.html,de,Centro Fiorenza Isola d&#x27;Elba — Italienischkurs in Isola d&#x27;Elba | thuisitaliaans,89,159,1,Centro Fiorenza Isola d&#x27;Elba,https://thuisitaliaans.com/scuole/de/centro-fiorenza-isola-d-elba,8,Answer+BreadcrumbList+Country+FAQPage+GeoCoordinates+ImageOb,si,2023,9,119,0,3,title lungo
scuole/de/centro-fiorenza.html,de,Centro Fiorenza — Italienischkurs in Firenze | thuisitaliaans,61,131,1,Centro Fiorenza,https://thuisitaliaans.com/scuole/de/centro-fiorenza,8,Answer+BreadcrumbList+Country+Course+CourseInstance+Educatio,si,2207,9,129,0,3,
scuole/de/centro-italiano-firenze.html,de,Centro Italiano Firenze — Italienischkurs in Firenze | thuisitaliaans,69,139,1,Centro Italiano Firenze,https://thuisitaliaans.com/scuole/de/centro-italiano-firenze,8,Answer+BreadcrumbList+Country+FAQPage+GeoCoordinates+ImageOb,si,2261,9,129,0,3,title lungo
scuole/de/centro-italiano.html,de,Centro Italiano — Italienischkurs in Napoli | thuisitaliaans,60,131,1,Centro Italiano,https://thuisitaliaans.com/scuole/de/centro-italiano,8,Answer+BreadcrumbList+Country+FAQPage+GeoCoordinates+ImageOb,si,2064,9,121,0,3,
scuole/de/centro-koine-firenze.html,de,Centro Koinè Firenze — Italienischkurs in Firenze | thuisitaliaans,66,136,1,Centro Koinè Firenze,https://thuisitaliaans.com/scuole/de/centro-koine-firenze,8,Answer+BreadcrumbList+Country+FAQPage+GeoCoordinates+ImageOb,si,2220,9,129,0,3,title lungo
scuole/de/centro-koine-lucca.html,de,Centro Koinè Lucca — Italienischkurs in Lucca | thuisitaliaans,62,132,1,Centro Koinè Lucca,https://thuisitaliaans.com/scuole/de/centro-koine-lucca,8,Answer+BreadcrumbList+Country+FAQPage+GeoCoordinates+ImageOb,si,2089,9,124,0,3,
scuole/de/centro-lingua-italiana-calvino.html,de,Centro Lingua Italiana Calvino — Italienischkurs in Firenze | thuisitaliaans,76,146,1,Centro Lingua Italiana Calvino,https://thuisitaliaans.com/scuole/de/centro-lingua-italiana-calvino,8,Answer+BreadcrumbList+Country+FAQPage+GeoCoordinates+ImageOb,si,2248,9,129,0,3,title lungo
scuole/de/centro-machiavelli.html,de,Centro Machiavelli — Italienischkurs in Firenze | thuisitaliaans,64,134,1,Centro Machiavelli,https://thuisitaliaans.com/scuole/de/centro-machiavelli,8,Answer+BreadcrumbList+Country+FAQPage+GeoCoordinates+ImageOb,si,2234,9,129,0,3,
scuole/de/centro-studi-italiani.html,de,Centro Studi Italiani — Italienischkurs in Urbania | thuisitaliaans,67,136,1,Centro Studi Italiani,https://thuisitaliaans.com/scuole/de/centro-studi-italiani,8,Answer+BreadcrumbList+Country+FAQPage+GeoCoordinates+ImageOb,si,2021,9,123,0,3,title lungo
scuole/de/ciao-italia.html,de,Ciao Italia — Italienischkurs in Roma | thuisitaliaans,54,122,1,Ciao Italia,https://thuisitaliaans.com/scuole/de/ciao-italia,8,Answer+BreadcrumbList+Country+FAQPage+GeoCoordinates+ImageOb,si,2136,9,126,0,3,
scuole/de/ciaoitaly-scuola-leonardo-da-vinci-torino.html,de,CiaoItaly Scuola Leonardo da Vinci Torino — Italienischkurs in Torino | thuisitaliaans,86,157,1,CiaoItaly Scuola Leonardo da Vinci Torino,https://thuisitaliaans.com/scuole/de/ciaoitaly-scuola-leonardo-da-vinci-torino,8,Answer+BreadcrumbList+Country+FAQPage+GeoCoordinates+ImageOb,si,2062,8,120,0,3,title lungo
scuole/de/citta/alberobello.html,de,Italienisch lernen in Alberobello — 1 Schule | thuisitaliaans,61,159,1,Italienisch-Schulen in Alberobello,https://thuisitaliaans.com/scuole/de/citta/alberobello,8,Answer+FAQPage+ImageObject+ItemList+LanguageSchool+ListItem+,si,630,3,17,0,3,
scuole/de/citta/alghero.html,de,Italienisch lernen in Alghero — 1 Schule | thuisitaliaans,57,155,1,Italienisch-Schulen in Alghero,https://thuisitaliaans.com/scuole/de/citta/alghero,8,Answer+FAQPage+ImageObject+ItemList+LanguageSchool+ListItem+,si,581,3,17,0,3,
scuole/de/citta/arezzo.html,de,Italienisch lernen in Arezzo — 1 Schule | thuisitaliaans,56,154,1,Italienisch-Schulen in Arezzo,https://thuisitaliaans.com/scuole/de/citta/arezzo,8,Answer+FAQPage+ImageObject+ItemList+LanguageSchool+ListItem+,si,573,3,27,0,3,
scuole/de/citta/assisi.html,de,Italienisch lernen in Assisi — 1 Schule | thuisitaliaans,56,154,1,Italienisch-Schulen in Assisi,https://thuisitaliaans.com/scuole/de/citta/assisi,8,Answer+FAQPage+ImageObject+ItemList+LanguageSchool+ListItem+,si,594,3,21,0,3,
scuole/de/citta/bagno-di-romagna.html,de,Italienisch lernen in Bagno di Romagna — 1 Schule | thuisitaliaans,66,164,1,Italienisch-Schulen in Bagno di Romagna,https://thuisitaliaans.com/scuole/de/citta/bagno-di-romagna,8,Answer+FAQPage+ImageObject+ItemList+LanguageSchool+ListItem+,si,623,3,23,0,3,title lungo
scuole/de/citta/bologna.html,de,Italienisch lernen in Bologna — 4 Schulen | thuisitaliaans,58,155,1,Italienisch-Schulen in Bologna,https://thuisitaliaans.com/scuole/de/citta/bologna,8,Answer+FAQPage+ImageObject+ItemList+LanguageSchool+ListItem+,si,730,3,29,0,3,
scuole/de/citta/bolzano.html,de,Italienisch lernen in Bolzano — 1 Schule | thuisitaliaans,57,155,1,Italienisch-Schulen in Bolzano,https://thuisitaliaans.com/scuole/de/citta/bolzano,8,Answer+FAQPage+ImageObject+ItemList+LanguageSchool+ListItem+,si,619,2,18,0,3,
scuole/de/citta/cagliari.html,de,Italienisch lernen in Cagliari — 1 Schule | thuisitaliaans,58,156,1,Italienisch-Schulen in Cagliari,https://thuisitaliaans.com/scuole/de/citta/cagliari,8,Answer+FAQPage+ImageObject+ItemList+LanguageSchool+ListItem+,si,556,3,17,0,3,
scuole/de/citta/cefalu.html,de,Italienisch lernen in Cefalù — 1 Schule | thuisitaliaans,56,154,1,Italienisch-Schulen in Cefalù,https://thuisitaliaans.com/scuole/de/citta/cefalu,8,Answer+FAQPage+ImageObject+ItemList+LanguageSchool+ListItem+,si,553,3,21,0,3,
scuole/de/citta/firenze.html,de,Italienisch lernen in Firenze — 24 Schulen | thuisitaliaans,59,156,1,Italienisch-Schulen in Firenze,https://thuisitaliaans.com/scuole/de/citta/firenze,8,Answer+FAQPage+ImageObject+ItemList+LanguageSchool+ListItem+,si,1301,3,71,0,3,
scuole/de/citta/genova.html,de,Italienisch lernen in Genova — 2 Schulen | thuisitaliaans,57,154,1,Italienisch-Schulen in Genova,https://thuisitaliaans.com/scuole/de/citta/genova,8,Answer+FAQPage+ImageObject+ItemList+LanguageSchool+ListItem+,si,623,2,19,0,3,
scuole/de/citta/grottaglie.html,de,Italienisch lernen in Grottaglie — 1 Schule | thuisitaliaans,60,158,1,Italienisch-Schulen in Grottaglie,https://thuisitaliaans.com/scuole/de/citta/grottaglie,8,Answer+FAQPage+ImageObject+ItemList+LanguageSchool+ListItem+,si,611,3,17,0,3,
scuole/de/citta/isola-d-elba.html,de,Italienisch lernen in Isola d&#x27;Elba — 1 Schule | thuisitaliaans,67,165,1,Italienisch-Schulen in Isola d'Elba,https://thuisitaliaans.com/scuole/de/citta/isola-d-elba,8,Answer+FAQPage+ImageObject+ItemList+LanguageSchool+ListItem+,si,544,3,22,0,3,title lungo
scuole/de/citta/la-maddalena.html,de,Italienisch lernen in La Maddalena — 1 Schule | thuisitaliaans,62,160,1,Italienisch-Schulen in La Maddalena,https://thuisitaliaans.com/scuole/de/citta/la-maddalena,8,Answer+FAQPage+ImageObject+ItemList+LanguageSchool+ListItem+,si,626,3,18,0,3,
scuole/de/citta/lignano-sabbiadoro.html,de,Italienisch lernen in Lignano Sabbiadoro — 1 Schule | thuisitaliaans,68,166,1,Italienisch-Schulen in Lignano Sabbiadoro,https://thuisitaliaans.com/scuole/de/citta/lignano-sabbiadoro,8,Answer+FAQPage+ImageObject+ItemList+LanguageSchool+ListItem+,si,586,3,17,0,3,title lungo; description lunga
scuole/de/citta/lucca.html,de,Italienisch lernen in Lucca — 2 Schulen | thuisitaliaans,56,153,1,Italienisch-Schulen in Lucca,https://thuisitaliaans.com/scuole/de/citta/lucca,8,Answer+FAQPage+ImageObject+ItemList+LanguageSchool+ListItem+,si,686,3,29,0,3,
scuole/de/citta/merano.html,de,Italienisch lernen in Merano — 1 Schule | thuisitaliaans,56,154,1,Italienisch-Schulen in Merano,https://thuisitaliaans.com/scuole/de/citta/merano,8,Answer+FAQPage+ImageObject+ItemList+LanguageSchool+ListItem+,si,618,2,18,0,3,
scuole/de/citta/milano.html,de,Italienisch lernen in Milano — 4 Schulen | thuisitaliaans,57,154,1,Italienisch-Schulen in Milano,https://thuisitaliaans.com/scuole/de/citta/milano,8,Answer+FAQPage+ImageObject+ItemList+LanguageSchool+ListItem+,si,734,3,20,0,3,
scuole/de/citta/milazzo.html,de,Italienisch lernen in Milazzo — 1 Schule | thuisitaliaans,57,155,1,Italienisch-Schulen in Milazzo,https://thuisitaliaans.com/scuole/de/citta/milazzo,8,Answer+FAQPage+ImageObject+ItemList+LanguageSchool+ListItem+,si,578,3,22,0,3,
scuole/de/citta/modena.html,de,Italienisch lernen in Modena — 1 Schule | thuisitaliaans,56,154,1,Italienisch-Schulen in Modena,https://thuisitaliaans.com/scuole/de/citta/modena,8,Answer+FAQPage+ImageObject+ItemList+LanguageSchool+ListItem+,si,586,3,22,0,3,
scuole/de/citta/montepulciano.html,de,Italienisch lernen in Montepulciano — 1 Schule | thuisitaliaans,63,161,1,Italienisch-Schulen in Montepulciano,https://thuisitaliaans.com/scuole/de/citta/montepulciano,8,Answer+FAQPage+ImageObject+ItemList+LanguageSchool+ListItem+,si,604,3,27,0,3,
scuole/de/citta/napoli.html,de,Italienisch lernen in Napoli — 1 Schule | thuisitaliaans,56,154,1,Italienisch-Schulen in Napoli,https://thuisitaliaans.com/scuole/de/citta/napoli,8,Answer+FAQPage+ImageObject+ItemList+LanguageSchool+ListItem+,si,621,3,18,0,3,
scuole/de/citta/olbia.html,de,Italienisch lernen in Olbia — 1 Schule | thuisitaliaans,55,153,1,Italienisch-Schulen in Olbia,https://thuisitaliaans.com/scuole/de/citta/olbia,8,Answer+FAQPage+ImageObject+ItemList+LanguageSchool+ListItem+,si,615,3,18,0,3,
scuole/de/citta/orbetello.html,de,Italienisch lernen in Orbetello — 1 Schule | thuisitaliaans,59,157,1,Italienisch-Schulen in Orbetello,https://thuisitaliaans.com/scuole/de/citta/orbetello,8,Answer+FAQPage+ImageObject+ItemList+LanguageSchool+ListItem+,si,598,3,27,0,3,
scuole/de/citta/orvieto.html,de,Italienisch lernen in Orvieto — 1 Schule | thuisitaliaans,57,155,1,Italienisch-Schulen in Orvieto,https://thuisitaliaans.com/scuole/de/citta/orvieto,8,Answer+FAQPage+ImageObject+ItemList+LanguageSchool+ListItem+,si,580,3,21,0,3,
scuole/de/citta/otranto.html,de,Italienisch lernen in Otranto — 1 Schule | thuisitaliaans,57,155,1,Italienisch-Schulen in Otranto,https://thuisitaliaans.com/scuole/de/citta/otranto,8,Answer+FAQPage+ImageObject+ItemList+LanguageSchool+ListItem+,si,550,3,16,0,3,
scuole/de/citta/padova.html,de,Italienisch lernen in Padova — 1 Schule | thuisitaliaans,56,154,1,Italienisch-Schulen in Padova,https://thuisitaliaans.com/scuole/de/citta/padova,8,Answer+FAQPage+ImageObject+ItemList+LanguageSchool+ListItem+,si,583,3,19,0,3,
scuole/de/citta/palermo-mondello.html,de,Italienisch lernen in Palermo (Mondello) — 1 Schule | thuisitaliaans,68,166,1,Italienisch-Schulen in Palermo (Mondello),https://thuisitaliaans.com/scuole/de/citta/palermo-mondello,8,Answer+FAQPage+ImageObject+ItemList+LanguageSchool+ListItem+,si,611,3,22,0,3,title lungo; description lunga
scuole/de/citta/palermo.html,de,Italienisch lernen in Palermo — 1 Schule | thuisitaliaans,57,155,1,Italienisch-Schulen in Palermo,https://thuisitaliaans.com/scuole/de/citta/palermo,8,Answer+FAQPage+ImageObject+ItemList+LanguageSchool+ListItem+,si,596,3,22,0,3,
scuole/de/citta/perugia.html,de,Italienisch lernen in Perugia — 2 Schulen | thuisitaliaans,58,155,1,Italienisch-Schulen in Perugia,https://thuisitaliaans.com/scuole/de/citta/perugia,8,Answer+FAQPage+ImageObject+ItemList+LanguageSchool+ListItem+,si,682,3,23,0,3,
scuole/de/citta/pisa.html,de,Italienisch lernen in Pisa — 1 Schule | thuisitaliaans,54,152,1,Italienisch-Schulen in Pisa,https://thuisitaliaans.com/scuole/de/citta/pisa,8,Answer+FAQPage+ImageObject+ItemList+LanguageSchool+ListItem+,si,641,3,27,0,3,
scuole/de/citta/ravenna.html,de,Italienisch lernen in Ravenna — 1 Schule | thuisitaliaans,57,155,1,Italienisch-Schulen in Ravenna,https://thuisitaliaans.com/scuole/de/citta/ravenna,8,Answer+FAQPage+ImageObject+ItemList+LanguageSchool+ListItem+,si,629,2,23,0,3,
scuole/de/citta/recanati.html,de,Italienisch lernen in Recanati — 1 Schule | thuisitaliaans,58,156,1,Italienisch-Schulen in Recanati,https://thuisitaliaans.com/scuole/de/citta/recanati,8,Answer+FAQPage+ImageObject+ItemList+LanguageSchool+ListItem+,si,582,3,17,0,3,
scuole/de/citta/reggio-calabria.html,de,Italienisch lernen in Reggio Calabria — 1 Schule | thuisitaliaans,65,163,1,Italienisch-Schulen in Reggio Calabria,https://thuisitaliaans.com/scuole/de/citta/reggio-calabria,8,Answer+FAQPage+ImageObject+ItemList+LanguageSchool+ListItem+,si,565,2,18,0,3,
scuole/de/citta/reggio-emilia.html,de,Italienisch lernen in Reggio Emilia — 1 Schule | thuisitaliaans,63,161,1,Italienisch-Schulen in Reggio Emilia,https://thuisitaliaans.com/scuole/de/citta/reggio-emilia,8,Answer+FAQPage+ImageObject+ItemList+LanguageSchool+ListItem+,si,601,3,22,0,3,
scuole/de/citta/rimini.html,de,Italienisch lernen in Rimini — 1 Schule | thuisitaliaans,56,154,1,Italienisch-Schulen in Rimini,https://thuisitaliaans.com/scuole/de/citta/rimini,8,Answer+FAQPage+ImageObject+ItemList+LanguageSchool+ListItem+,si,599,2,23,0,3,
scuole/de/citta/riva-del-garda.html,de,Italienisch lernen in Riva del Garda — 1 Schule | thuisitaliaans,64,162,1,Italienisch-Schulen in Riva del Garda,https://thuisitaliaans.com/scuole/de/citta/riva-del-garda,8,Answer+FAQPage+ImageObject+ItemList+LanguageSchool+ListItem+,si,633,3,19,0,3,
scuole/de/citta/roma.html,de,Italienisch lernen in Roma — 11 Schule | thuisitaliaans,55,153,1,Italienisch-Schulen in Roma,https://thuisitaliaans.com/scuole/de/citta/roma,8,Answer+FAQPage+ImageObject+ItemList+LanguageSchool+ListItem+,si,1017,3,36,0,3,
scuole/de/citta/salerno.html,de,Italienisch lernen in Salerno — 2 Schulen | thuisitaliaans,58,155,1,Italienisch-Schulen in Salerno,https://thuisitaliaans.com/scuole/de/citta/salerno,8,Answer+FAQPage+ImageObject+ItemList+LanguageSchool+ListItem+,si,621,2,20,0,3,
scuole/de/citta/san-giovanni-valdarno.html,de,Italienisch lernen in San Giovanni Valdarno — 1 Schule | thuisitaliaans,71,169,1,Italienisch-Schulen in San Giovanni Valdarno,https://thuisitaliaans.com/scuole/de/citta/san-giovanni-valdarno,8,Answer+FAQPage+ImageObject+ItemList+LanguageSchool+ListItem+,si,605,3,27,0,3,title lungo; description lunga
scuole/de/citta/sanremo.html,de,Italienisch lernen in Sanremo — 1 Schule | thuisitaliaans,57,155,1,Italienisch-Schulen in Sanremo,https://thuisitaliaans.com/scuole/de/citta/sanremo,8,Answer+FAQPage+ImageObject+ItemList+LanguageSchool+ListItem+,si,557,3,16,0,3,
scuole/de/citta/sestri-levante.html,de,Italienisch lernen in Sestri Levante — 1 Schule | thuisitaliaans,64,162,1,Italienisch-Schulen in Sestri Levante,https://thuisitaliaans.com/scuole/de/citta/sestri-levante,8,Answer+FAQPage+ImageObject+ItemList+LanguageSchool+ListItem+,si,607,3,18,0,3,
scuole/de/citta/siena.html,de,Italienisch lernen in Siena — 3 Schulen | thuisitaliaans,56,153,1,Italienisch-Schulen in Siena,https://thuisitaliaans.com/scuole/de/citta/siena,8,Answer+FAQPage+ImageObject+ItemList+LanguageSchool+ListItem+,si,691,3,31,0,3,
scuole/de/citta/sorrento.html,de,Italienisch lernen in Sorrento — 1 Schule | thuisitaliaans,58,156,1,Italienisch-Schulen in Sorrento,https://thuisitaliaans.com/scuole/de/citta/sorrento,8,Answer+FAQPage+ImageObject+ItemList+LanguageSchool+ListItem+,si,569,3,18,0,3,
scuole/de/citta/taormina.html,de,Italienisch lernen in Taormina — 1 Schule | thuisitaliaans,58,156,1,Italienisch-Schulen in Taormina,https://thuisitaliaans.com/scuole/de/citta/taormina,8,Answer+FAQPage+ImageObject+ItemList+LanguageSchool+ListItem+,si,595,3,21,0,3,
scuole/de/citta/todi.html,de,Italienisch lernen in Todi — 1 Schule | thuisitaliaans,54,152,1,Italienisch-Schulen in Todi,https://thuisitaliaans.com/scuole/de/citta/todi,8,Answer+FAQPage+ImageObject+ItemList+LanguageSchool+ListItem+,si,567,3,21,0,3,
scuole/de/citta/torino.html,de,Italienisch lernen in Torino — 2 Schulen | thuisitaliaans,57,154,1,Italienisch-Schulen in Torino,https://thuisitaliaans.com/scuole/de/citta/torino,8,Answer+FAQPage+ImageObject+ItemList+LanguageSchool+ListItem+,si,636,2,16,0,3,
scuole/de/citta/trapani.html,de,Italienisch lernen in Trapani — 1 Schule | thuisitaliaans,57,155,1,Italienisch-Schulen in Trapani,https://thuisitaliaans.com/scuole/de/citta/trapani,8,Answer+FAQPage+ImageObject+ItemList+LanguageSchool+ListItem+,si,617,3,21,0,3,
scuole/de/citta/trento.html,de,Italienisch lernen in Trento — 1 Schule | thuisitaliaans,56,154,1,Italienisch-Schulen in Trento,https://thuisitaliaans.com/scuole/de/citta/trento,8,Answer+FAQPage+ImageObject+ItemList+LanguageSchool+ListItem+,si,610,3,19,0,3,
scuole/de/citta/trieste.html,de,Italienisch lernen in Trieste — 2 Schulen | thuisitaliaans,58,155,1,Italienisch-Schulen in Trieste,https://thuisitaliaans.com/scuole/de/citta/trieste,8,Answer+FAQPage+ImageObject+ItemList+LanguageSchool+ListItem+,si,666,2,18,0,3,
scuole/de/citta/tropea.html,de,Italienisch lernen in Tropea — 2 Schulen | thuisitaliaans,57,154,1,Italienisch-Schulen in Tropea,https://thuisitaliaans.com/scuole/de/citta/tropea,8,Answer+FAQPage+ImageObject+ItemList+LanguageSchool+ListItem+,si,628,3,19,0,3,
scuole/de/citta/tuscania.html,de,Italienisch lernen in Tuscania — 1 Schule | thuisitaliaans,58,156,1,Italienisch-Schulen in Tuscania,https://thuisitaliaans.com/scuole/de/citta/tuscania,8,Answer+FAQPage+ImageObject+ItemList+LanguageSchool+ListItem+,si,557,3,19,0,3,
scuole/de/citta/urbania.html,de,Italienisch lernen in Urbania — 1 Schule | thuisitaliaans,57,155,1,Italienisch-Schulen in Urbania,https://thuisitaliaans.com/scuole/de/citta/urbania,8,Answer+FAQPage+ImageObject+ItemList+LanguageSchool+ListItem+,si,565,3,19,0,3,
scuole/de/citta/venezia.html,de,Italienisch lernen in Venezia — 3 Schulen | thuisitaliaans,58,155,1,Italienisch-Schulen in Venezia,https://thuisitaliaans.com/scuole/de/citta/venezia,8,Answer+FAQPage+ImageObject+ItemList+LanguageSchool+ListItem+,si,766,3,22,0,3,
scuole/de/citta/verona.html,de,Italienisch lernen in Verona — 3 Schulen | thuisitaliaans,57,154,1,Italienisch-Schulen in Verona,https://thuisitaliaans.com/scuole/de/citta/verona,8,Answer+FAQPage+ImageObject+ItemList+LanguageSchool+ListItem+,si,696,2,24,0,3,
scuole/de/citta/viareggio.html,de,Italienisch lernen in Viareggio — 2 Schulen | thuisitaliaans,60,157,1,Italienisch-Schulen in Viareggio,https://thuisitaliaans.com/scuole/de/citta/viareggio,8,Answer+FAQPage+ImageObject+ItemList+LanguageSchool+ListItem+,si,684,3,29,0,3,
scuole/de/clm-bell-riva-del-garda.html,de,CLM Bell Riva del Garda — Italienischkurs in Riva del Garda | thuisitaliaans,76,147,1,CLM Bell Riva del Garda,https://thuisitaliaans.com/scuole/de/clm-bell-riva-del-garda,8,Answer+BreadcrumbList+Country+FAQPage+GeoCoordinates+ImageOb,si,2109,9,123,0,3,title lungo
scuole/de/clm-bell-trento.html,de,CLM Bell Trento — Italienischkurs in Trento | thuisitaliaans,60,131,1,CLM Bell Trento,https://thuisitaliaans.com/scuole/de/clm-bell-trento,8,Answer+BreadcrumbList+Country+FAQPage+GeoCoordinates+ImageOb,si,2093,9,123,0,3,
scuole/de/comitato-linguistico.html,de,Comitato Linguistico — Italienischkurs in Perugia | thuisitaliaans,66,135,1,Comitato Linguistico,https://thuisitaliaans.com/scuole/de/comitato-linguistico,8,Answer+BreadcrumbList+Country+Course+CourseInstance+Educatio,si,2007,9,124,0,3,title lungo
scuole/de/cultura-italiana-arezzo.html,de,Cultura Italiana Arezzo — Italienischkurs in Arezzo | thuisitaliaans,68,138,1,Cultura Italiana Arezzo,https://thuisitaliaans.com/scuole/de/cultura-italiana-arezzo,8,Answer+BreadcrumbList+Country+FAQPage+GeoCoordinates+ImageOb,si,1970,9,123,0,3,title lungo
scuole/de/cultura-italiana-bologna.html,de,Cultura Italiana Bologna — Italienischkurs in Bologna | thuisitaliaans,70,147,1,Cultura Italiana Bologna,https://thuisitaliaans.com/scuole/de/cultura-italiana-bologna,8,Answer+BreadcrumbList+Country+FAQPage+GeoCoordinates+ImageOb,si,1996,9,126,0,3,title lungo
scuole/de/dilit-international-house.html,de,Dilit International House — Italienischkurs in Roma | thuisitaliaans,68,136,1,Dilit International House,https://thuisitaliaans.com/scuole/de/dilit-international-house,8,Answer+BreadcrumbList+Country+FAQPage+GeoCoordinates+ImageOb,si,2154,9,126,0,3,title lungo
scuole/de/easy-italian-language-art.html,de,Easy Italian Language &amp; Art — Italienischkurs in Venezia | thuisitaliaans,77,146,1,Easy Italian Language &amp; Art,https://thuisitaliaans.com/scuole/de/easy-italian-language-art,8,Answer+BreadcrumbList+Country+FAQPage+GeoCoordinates+ImageOb,si,2209,9,123,0,3,title lungo
scuole/de/ellci-milano.html,de,ELLCI Milano — Italienischkurs in Milano | thuisitaliaans,57,129,1,ELLCI Milano,https://thuisitaliaans.com/scuole/de/ellci-milano,8,Answer+BreadcrumbList+Country+FAQPage+GeoCoordinates+ImageOb,si,2139,9,122,0,3,
scuole/de/europass-italian-language-school.html,de,Europass Italian Language School — Italienischkurs in Firenze | thuisitaliaans,78,148,1,Europass Italian Language School,https://thuisitaliaans.com/scuole/de/europass-italian-language-school,8,Answer+BreadcrumbList+Country+FAQPage+GeoCoordinates+ImageOb,si,2230,9,129,0,3,title lungo
scuole/de/gaia-institute.html,de,GAIA Institute — Italienischkurs in La Maddalena | thuisitaliaans,65,136,1,GAIA Institute,https://thuisitaliaans.com/scuole/de/gaia-institute,8,Answer+BreadcrumbList+Country+FAQPage+GeoCoordinates+ImageOb,si,1907,9,120,0,3,
scuole/de/idea-verona.html,de,Idea Verona — Italienischkurs in Verona | thuisitaliaans,56,125,1,Idea Verona,https://thuisitaliaans.com/scuole/de/idea-verona,8,Answer+BreadcrumbList+Country+FAQPage+GeoCoordinates+ImageOb,si,2081,8,125,0,3,
scuole/de/il-centro.html,de,Il Centro — Italienischkurs in Milano | thuisitaliaans,54,126,1,Il Centro,https://thuisitaliaans.com/scuole/de/il-centro,8,Answer+BreadcrumbList+Country+FAQPage+GeoCoordinates+ImageOb,si,2095,9,122,0,3,
scuole/de/il-sasso.html,de,Il Sasso — Italienischkurs in Montepulciano | thuisitaliaans,60,130,1,Il Sasso,https://thuisitaliaans.com/scuole/de/il-sasso,8,Answer+BreadcrumbList+Country+FAQPage+GeoCoordinates+ImageOb,si,2054,9,123,0,3,
scuole/de/il-sillabo.html,de,Il Sillabo — Italienischkurs in San Giovanni Valdarno | thuisitaliaans,70,140,1,Il Sillabo,https://thuisitaliaans.com/scuole/de/il-sillabo,8,Answer+BreadcrumbList+Country+FAQPage+GeoCoordinates+ImageOb,si,2067,9,123,0,3,title lungo
scuole/de/index.html,de,Sprachaufenthalte in Italien — 108 Italienisch-Schulen | thuisitaliaans,71,145,1,"Italienisch lernen in Italien: Kurs finden, Reise planen .",https://thuisitaliaans.com/scuole/de/,8,Answer+BreadcrumbList+FAQPage+ItemList+ListItem+Question+Web,si,8,0,67,1,2,title lungo; pagina sottile; link a .html ×1
scuole/de/inflorence-academy.html,de,InFlorence Academy — Italienischkurs in Firenze | thuisitaliaans,64,134,1,InFlorence Academy,https://thuisitaliaans.com/scuole/de/inflorence-academy,8,Answer+BreadcrumbList+Country+FAQPage+GeoCoordinates+ImageOb,si,2227,9,129,0,3,
scuole/de/influent.html,de,Influent — Italienischkurs in Firenze | thuisitaliaans,54,124,1,Influent,https://thuisitaliaans.com/scuole/de/influent,8,Answer+BreadcrumbList+Country+FAQPage+GeoCoordinates+ImageOb,si,2112,9,129,0,3,
scuole/de/istituto-europeo.html,de,Istituto Europeo — Italienischkurs in Firenze | thuisitaliaans,62,132,1,Istituto Europeo,https://thuisitaliaans.com/scuole/de/istituto-europeo,8,Answer+BreadcrumbList+Country+FAQPage+GeoCoordinates+ImageOb,si,2225,9,129,0,3,
scuole/de/istituto-galilei.html,de,Istituto Galilei — Italienischkurs in Firenze | thuisitaliaans,62,132,1,Istituto Galilei,https://thuisitaliaans.com/scuole/de/istituto-galilei,8,Answer+BreadcrumbList+Country+FAQPage+GeoCoordinates+ImageOb,si,2342,9,129,0,3,
scuole/de/istituto-il-david.html,de,Istituto Il David — Italienischkurs in Firenze | thuisitaliaans,63,133,1,Istituto Il David,https://thuisitaliaans.com/scuole/de/istituto-il-david,8,Answer+BreadcrumbList+Country+FAQPage+GeoCoordinates+ImageOb,si,2306,9,129,0,3,
scuole/de/istituto-italiano.html,de,Istituto Italiano — Italienischkurs in Roma | thuisitaliaans,60,128,1,Istituto Italiano,https://thuisitaliaans.com/scuole/de/istituto-italiano,8,Answer+BreadcrumbList+Country+FAQPage+GeoCoordinates+ImageOb,si,2131,9,126,0,3,
scuole/de/istituto-linguistico-mediterraneo.html,de,Istituto Linguistico Mediterraneo — Italienischkurs in Pisa | thuisitaliaans,76,146,1,Istituto Linguistico Mediterraneo,https://thuisitaliaans.com/scuole/de/istituto-linguistico-mediterraneo,8,Answer+BreadcrumbList+Country+FAQPage+GeoCoordinates+ImageOb,si,2124,9,123,0,3,title lungo
scuole/de/istituto-lorenzo-de-medici-firenze.html,de,Istituto Lorenzo de&#x27; Medici Firenze — Italienischkurs in Firenze | thuisitaliaans,86,156,1,Istituto Lorenzo de&#x27; Medici Firenze,https://thuisitaliaans.com/scuole/de/istituto-lorenzo-de-medici-firenze,8,Answer+BreadcrumbList+Country+FAQPage+GeoCoordinates+ImageOb,si,2301,9,129,0,3,title lungo
scuole/de/istituto-lorenzo-de-medici-roma.html,de,Istituto Lorenzo de&#x27; Medici Roma — Italienischkurs in Roma | thuisitaliaans,80,148,1,Istituto Lorenzo de&#x27; Medici Roma,https://thuisitaliaans.com/scuole/de/istituto-lorenzo-de-medici-roma,8,Answer+BreadcrumbList+Country+FAQPage+GeoCoordinates+ImageOb,si,2274,9,126,0,3,title lungo
scuole/de/istituto-lorenzo-de-medici-tuscania.html,de,Istituto Lorenzo de&#x27; Medici Tuscania — Italienischkurs in Tuscania | thuisitaliaans,88,156,1,Istituto Lorenzo de&#x27; Medici Tuscania,https://thuisitaliaans.com/scuole/de/istituto-lorenzo-de-medici-tuscania,8,Answer+BreadcrumbList+Country+FAQPage+GeoCoordinates+ImageOb,si,2049,9,123,0,3,title lungo
scuole/de/istituto-michelangelo.html,de,Istituto Michelangelo — Italienischkurs in Firenze | thuisitaliaans,67,137,1,Istituto Michelangelo,https://thuisitaliaans.com/scuole/de/istituto-michelangelo,8,Answer+BreadcrumbList+Country+FAQPage+GeoCoordinates+ImageOb,si,2293,9,129,0,3,title lungo
scuole/de/istituto-venezia-trieste.html,de,Istituto Venezia Trieste — Italienischkurs in Trieste | thuisitaliaans,70,154,1,Istituto Venezia Trieste,https://thuisitaliaans.com/scuole/de/istituto-venezia-trieste,8,Answer+BreadcrumbList+Country+FAQPage+GeoCoordinates+ImageOb,si,2071,8,121,0,3,title lungo
scuole/de/istituto-venezia.html,de,Istituto Venezia — Italienischkurs in Venezia | thuisitaliaans,62,131,1,Istituto Venezia,https://thuisitaliaans.com/scuole/de/istituto-venezia,8,Answer+BreadcrumbList+Country+FAQPage+GeoCoordinates+ImageOb,si,2157,9,123,0,3,
scuole/de/italiaidea.html,de,Italiaidea — Italienischkurs in Roma | thuisitaliaans,53,121,1,Italiaidea,https://thuisitaliaans.com/scuole/de/italiaidea,8,Answer+BreadcrumbList+Country+FAQPage+GeoCoordinates+ImageOb,si,2253,9,126,0,3,
scuole/de/italianme.html,de,Italianme — Italienischkurs in Firenze | thuisitaliaans,55,125,1,Italianme,https://thuisitaliaans.com/scuole/de/italianme,8,Answer+BreadcrumbList+Country+FAQPage+GeoCoordinates+ImageOb,si,2148,9,129,0,3,
scuole/de/itastra-universita-di-palermo.html,de,Itastra Università di Palermo — Italienischkurs in Palermo | thuisitaliaans,75,145,1,Itastra Università di Palermo,https://thuisitaliaans.com/scuole/de/itastra-universita-di-palermo,8,Answer+BreadcrumbList+Country+FAQPage+GeoCoordinates+ImageOb,si,2026,9,122,0,3,title lungo
scuole/de/kappa-language-school.html,de,Kappa Language School — Italienischkurs in Roma | thuisitaliaans,64,132,1,Kappa Language School,https://thuisitaliaans.com/scuole/de/kappa-language-school,8,Answer+BreadcrumbList+Country+FAQPage+GeoCoordinates+ImageOb,si,2210,9,126,0,3,
scuole/de/l-italiano-con-noi.html,de,L&#x27;Italiano con Noi — Italienischkurs in Verona | thuisitaliaans,68,137,1,L&#x27;Italiano con Noi,https://thuisitaliaans.com/scuole/de/l-italiano-con-noi,8,Answer+BreadcrumbList+Country+FAQPage+GeoCoordinates+ImageOb,si,2058,8,125,0,3,title lungo
scuole/de/l-italiano-porticando.html,de,L&#x27;Italiano Porticando — Italienischkurs in Torino | thuisitaliaans,71,142,1,L&#x27;Italiano Porticando,https://thuisitaliaans.com/scuole/de/l-italiano-porticando,8,Answer+BreadcrumbList+Country+FAQPage+GeoCoordinates+ImageOb,si,1993,8,120,0,3,title lungo
scuole/de/la-lingua-la-vita.html,de,La Lingua La Vita — Italienischkurs in Todi | thuisitaliaans,60,129,1,La Lingua La Vita,https://thuisitaliaans.com/scuole/de/la-lingua-la-vita,8,Answer+BreadcrumbList+Country+FAQPage+GeoCoordinates+ImageOb,si,1975,9,123,0,3,
scuole/de/laboling.html,de,Laboling — Italienischkurs in Milazzo | thuisitaliaans,54,124,1,Laboling,https://thuisitaliaans.com/scuole/de/laboling,8,Answer+BreadcrumbList+Country+FAQPage+GeoCoordinates+ImageOb,si,1999,9,122,0,3,
scuole/de/lingua-it.html,de,Lingua IT — Italienischkurs in Verona | thuisitaliaans,54,123,1,Lingua IT,https://thuisitaliaans.com/scuole/de/lingua-it,8,Answer+BreadcrumbList+Country+FAQPage+GeoCoordinates+ImageOb,si,2062,8,125,0,3,
scuole/de/lingua-si.html,de,Lingua Sì — Italienischkurs in Orvieto | thuisitaliaans,55,124,1,Lingua Sì,https://thuisitaliaans.com/scuole/de/lingua-si,8,Answer+BreadcrumbList+Country+FAQPage+GeoCoordinates+ImageOb,si,1974,9,123,0,3,
scuole/de/linguadue.html,de,Linguadue — Italienischkurs in Milano | thuisitaliaans,54,126,1,Linguadue,https://thuisitaliaans.com/scuole/de/linguadue,8,Answer+BreadcrumbList+Country+FAQPage+GeoCoordinates+ImageOb,si,2107,9,122,0,3,
scuole/de/linguaviva-lignano.html,de,Linguaviva Lignano — Italienischkurs in Lignano Sabbiadoro | thuisitaliaans,75,159,1,Linguaviva Lignano,https://thuisitaliaans.com/scuole/de/linguaviva-lignano,8,Answer+BreadcrumbList+Country+FAQPage+GeoCoordinates+ImageOb,si,2056,9,121,0,3,title lungo
scuole/de/linguaviva.html,de,Linguaviva — Italienischkurs in Firenze | thuisitaliaans,56,126,1,Linguaviva,https://thuisitaliaans.com/scuole/de/linguaviva,8,Answer+BreadcrumbList+Country+FAQPage+GeoCoordinates+ImageOb,si,2243,9,129,0,3,
scuole/de/lucca-italian-school.html,de,Lucca Italian School — Italienischkurs in Lucca | thuisitaliaans,64,134,1,Lucca Italian School,https://thuisitaliaans.com/scuole/de/lucca-italian-school,8,Answer+BreadcrumbList+Country+FAQPage+GeoCoordinates+ImageOb,si,2084,9,124,0,3,
scuole/de/madrelingua.html,de,Madrelingua — Italienischkurs in Bologna | thuisitaliaans,57,134,1,Madrelingua,https://thuisitaliaans.com/scuole/de/madrelingua,8,Answer+BreadcrumbList+Country+FAQPage+GeoCoordinates+ImageOb,si,2066,9,126,0,3,
scuole/de/mappa.html,de,Karte der Italienischschulen in Italien | thuisitaliaans,56,110,2,"Italienisch lernen in Italien: Kurs finden, Reise planen .",https://thuisitaliaans.com/scuole/de/mappa,8,WebPage,,34,0,13,2,1,h1 multipli; pagina sottile; link a .html ×2
scuole/de/omnilingua.html,de,Omnilingua — Italienischkurs in Sanremo | thuisitaliaans,56,126,1,Omnilingua,https://thuisitaliaans.com/scuole/de/omnilingua,8,Answer+BreadcrumbList+Country+FAQPage+GeoCoordinates+ImageOb,si,1965,9,119,0,3,
scuole/de/one-world-italiano.html,de,One World Italiano — Italienischkurs in Cagliari | thuisitaliaans,65,136,1,One World Italiano,https://thuisitaliaans.com/scuole/de/one-world-italiano,8,Answer+BreadcrumbList+Country+FAQPage+GeoCoordinates+ImageOb,si,1942,9,119,0,3,
scuole/de/parola-italian-language-school.html,de,Parola Italian Language School — Italienischkurs in Firenze | thuisitaliaans,76,146,1,Parola Italian Language School,https://thuisitaliaans.com/scuole/de/parola-italian-language-school,8,Answer+BreadcrumbList+Country+FAQPage+GeoCoordinates+ImageOb,si,2100,9,129,0,3,title lungo
scuole/de/piccola-universita-italiana-trieste.html,de,Piccola Università Italiana Trieste — Italienischkurs in Trieste | thuisitaliaans,81,165,1,Piccola Università Italiana Trieste,https://thuisitaliaans.com/scuole/de/piccola-universita-italiana-trieste,8,Answer+BreadcrumbList+Country+FAQPage+GeoCoordinates+ImageOb,si,2158,8,121,0,3,title lungo
scuole/de/piccola-universita-italiana-tropea.html,de,Piccola Università Italiana Tropea — Italienischkurs in Tropea | thuisitaliaans,79,150,1,Piccola Università Italiana Tropea,https://thuisitaliaans.com/scuole/de/piccola-universita-italiana-tropea,8,Answer+BreadcrumbList+Country+FAQPage+GeoCoordinates+ImageOb,si,2199,9,122,0,3,title lungo
scuole/de/pintadera-centro-mediterraneo.html,de,Pintadera Centro Mediterraneo — Italienischkurs in Alghero | thuisitaliaans,75,146,1,Pintadera Centro Mediterraneo,https://thuisitaliaans.com/scuole/de/pintadera-centro-mediterraneo,8,Answer+BreadcrumbList+Country+FAQPage+GeoCoordinates+ImageOb,si,2080,9,119,0,3,title lungo
scuole/de/porta-d-oriente.html,de,Porta d&#x27;Oriente — Italienischkurs in Otranto | thuisitaliaans,66,135,1,Porta d&#x27;Oriente,https://thuisitaliaans.com/scuole/de/porta-d-oriente,8,Answer+BreadcrumbList+Country+FAQPage+GeoCoordinates+ImageOb,si,1967,9,119,0,3,title lungo
scuole/de/punto-e-virgola.html,de,Punto e Virgola — Italienischkurs in Grottaglie | thuisitaliaans,64,133,1,Punto e Virgola,https://thuisitaliaans.com/scuole/de/punto-e-virgola,8,Answer+BreadcrumbList+Country+FAQPage+GeoCoordinates+ImageOb,si,1912,9,120,0,3,
scuole/de/reggio-lingua.html,de,Reggio Lingua — Italienischkurs in Reggio Emilia | thuisitaliaans,65,142,1,Reggio Lingua,https://thuisitaliaans.com/scuole/de/reggio-lingua,8,Answer+BreadcrumbList+Country+FAQPage+GeoCoordinates+ImageOb,si,2002,9,122,0,3,
scuole/de/regione/alto-adige.html,de,Italienisch-Sprachschulen in Alto Adige — 2 ausgewählte Schulen | thuisitaliaans,80,141,1,Italienisch lernen in Alto Adige,https://thuisitaliaans.com/scuole/de/regione/alto-adige,8,BreadcrumbList+ItemList+ListItem+WebPage,,212,7,17,0,2,title lungo; pagina sottile
scuole/de/regione/calabria.html,de,Italienisch-Sprachschulen in Calabria — 3 ausgewählte Schulen | thuisitaliaans,78,139,1,Italienisch lernen in Calabria,https://thuisitaliaans.com/scuole/de/regione/calabria,8,BreadcrumbList+ItemList+ListItem+WebPage,,230,8,19,0,2,title lungo; pagina sottile
scuole/de/regione/campania.html,de,Italienisch-Sprachschulen in Campania — 4 ausgewählte Schulen | thuisitaliaans,78,139,1,Italienisch lernen in Campania,https://thuisitaliaans.com/scuole/de/regione/campania,8,BreadcrumbList+ItemList+ListItem+WebPage,,235,9,22,0,2,title lungo; pagina sottile
scuole/de/regione/emilia-romagna.html,de,Italienisch-Sprachschulen in Emilia-Romagna — 9 ausgewählte Schulen | thuisitaliaans,84,145,1,Italienisch lernen in Emilia-Romagna,https://thuisitaliaans.com/scuole/de/regione/emilia-romagna,8,BreadcrumbList+ItemList+ListItem+WebPage,,313,9,35,0,2,title lungo
scuole/de/regione/friuli-venezia-giulia.html,de,Italienisch-Sprachschulen in Friuli-Venezia Giulia — 3 ausgewählte Schulen | thuisitaliaans,91,152,1,Italienisch lernen in Friuli-Venezia Giulia,https://thuisitaliaans.com/scuole/de/regione/friuli-venezia-giulia,8,BreadcrumbList+ItemList+ListItem+WebPage,,235,8,19,0,2,title lungo; pagina sottile
scuole/de/regione/lazio.html,de,Italienisch-Sprachschulen in Lazio — 12 ausgewählte Schulen | thuisitaliaans,76,137,1,Italienisch lernen in Lazio,https://thuisitaliaans.com/scuole/de/regione/lazio,8,BreadcrumbList+ItemList+ListItem+WebPage,,330,9,37,0,2,title lungo
scuole/de/regione/liguria.html,de,Italienisch-Sprachschulen in Liguria — 4 ausgewählte Schulen | thuisitaliaans,77,138,1,Italienisch lernen in Liguria,https://thuisitaliaans.com/scuole/de/regione/liguria,8,BreadcrumbList+ItemList+ListItem+WebPage,,244,9,22,0,2,title lungo; pagina sottile
scuole/de/regione/lombardia.html,de,Italienisch-Sprachschulen in Lombardia — 4 ausgewählte Schulen | thuisitaliaans,79,140,1,Italienisch lernen in Lombardia,https://thuisitaliaans.com/scuole/de/regione/lombardia,8,BreadcrumbList+ItemList+ListItem+WebPage,,218,6,20,0,2,title lungo; pagina sottile
scuole/de/regione/marche.html,de,Italienisch-Sprachschulen in Marche — 2 ausgewählte Schulen | thuisitaliaans,76,137,1,Italienisch lernen in Marche,https://thuisitaliaans.com/scuole/de/regione/marche,8,BreadcrumbList+ItemList+ListItem+WebPage,,218,9,17,0,2,title lungo; pagina sottile
scuole/de/regione/piemonte.html,de,Italienisch-Sprachschulen in Piemonte — 2 ausgewählte Schulen | thuisitaliaans,78,139,1,Italienisch lernen in Piemonte,https://thuisitaliaans.com/scuole/de/regione/piemonte,8,BreadcrumbList+ItemList+ListItem+WebPage,,194,5,16,0,2,title lungo; pagina sottile
scuole/de/regione/puglia.html,de,Italienisch-Sprachschulen in Puglia — 3 ausgewählte Schulen | thuisitaliaans,76,137,1,Italienisch lernen in Puglia,https://thuisitaliaans.com/scuole/de/regione/puglia,8,BreadcrumbList+ItemList+ListItem+WebPage,,225,9,20,0,2,title lungo; pagina sottile
scuole/de/regione/sardegna.html,de,Italienisch-Sprachschulen in Sardegna — 4 ausgewählte Schulen | thuisitaliaans,78,139,1,Italienisch lernen in Sardegna,https://thuisitaliaans.com/scuole/de/regione/sardegna,8,BreadcrumbList+ItemList+ListItem+WebPage,,239,9,23,0,2,title lungo; pagina sottile
scuole/de/regione/sicilia.html,de,Italienisch-Sprachschulen in Sicilia — 6 ausgewählte Schulen | thuisitaliaans,77,138,1,Italienisch lernen in Sicilia,https://thuisitaliaans.com/scuole/de/regione/sicilia,8,BreadcrumbList+ItemList+ListItem+WebPage,,270,9,29,0,2,title lungo; pagina sottile
scuole/de/regione/toscana.html,de,Italienisch-Sprachschulen in Toscana — 36 ausgewählte Schulen | thuisitaliaans,78,139,1,Italienisch lernen in Toscana,https://thuisitaliaans.com/scuole/de/regione/toscana,8,BreadcrumbList+ItemList+ListItem+WebPage,,607,9,93,0,2,title lungo
scuole/de/regione/trentino.html,de,Italienisch-Sprachschulen in Trentino — 2 ausgewählte Schulen | thuisitaliaans,78,139,1,Italienisch lernen in Trentino,https://thuisitaliaans.com/scuole/de/regione/trentino,8,BreadcrumbList+ItemList+ListItem+WebPage,,234,9,17,0,2,title lungo; pagina sottile
scuole/de/regione/umbria.html,de,Italienisch-Sprachschulen in Umbria — 5 ausgewählte Schulen | thuisitaliaans,76,137,1,Italienisch lernen in Umbria,https://thuisitaliaans.com/scuole/de/regione/umbria,8,BreadcrumbList+ItemList+ListItem+WebPage,,254,9,25,0,2,title lungo; pagina sottile
scuole/de/regione/veneto.html,de,Italienisch-Sprachschulen in Veneto — 7 ausgewählte Schulen | thuisitaliaans,76,137,1,Italienisch lernen in Veneto,https://thuisitaliaans.com/scuole/de/regione/veneto,8,BreadcrumbList+ItemList+ListItem+WebPage,,272,9,28,0,2,title lungo; pagina sottile
scuole/de/romanica.html,de,Romanica — Italienischkurs in Modena | thuisitaliaans,53,130,1,Romanica,https://thuisitaliaans.com/scuole/de/romanica,8,Answer+BreadcrumbList+Country+FAQPage+GeoCoordinates+ImageOb,si,1974,9,122,0,3,
scuole/de/saena-iulii.html,de,Saena Iulia — Italienischkurs in Siena | thuisitaliaans,55,125,1,Saena Iulia,https://thuisitaliaans.com/scuole/de/saena-iulii,8,Answer+BreadcrumbList+Country+FAQPage+GeoCoordinates+ImageOb,si,2122,9,125,0,3,
scuole/de/sant-anna-institute.html,de,Sant&#x27;Anna Institute — Italienischkurs in Sorrento | thuisitaliaans,71,142,1,Sant&#x27;Anna Institute,https://thuisitaliaans.com/scuole/de/sant-anna-institute,8,Answer+BreadcrumbList+Country+FAQPage+GeoCoordinates+ImageOb,si,2005,9,121,0,3,title lungo
scuole/de/scudit-scuola-d-italiano.html,de,Scudit Scuola d&#x27;Italiano — Italienischkurs in Roma | thuisitaliaans,72,140,1,Scudit Scuola d&#x27;Italiano,https://thuisitaliaans.com/scuole/de/scudit-scuola-d-italiano,8,Answer+BreadcrumbList+Country+FAQPage+GeoCoordinates+ImageOb,si,2225,9,126,0,3,title lungo
scuole/de/scuola-d-italiano-dante-alighieri-roma.html,de,Scuola d&#x27;Italiano Dante Alighieri Roma — Italienischkurs in Roma | thuisitaliaans,86,154,1,Scuola d&#x27;Italiano Dante Alighieri Roma,https://thuisitaliaans.com/scuole/de/scuola-d-italiano-dante-alighieri-roma,8,Answer+BreadcrumbList+Country+FAQPage+GeoCoordinates+ImageOb,si,2283,9,126,0,3,title lungo
scuole/de/scuola-dante-alighieri-campus-l-infinito.html,de,Scuola Dante Alighieri Campus L&#x27;Infinito — Italienischkurs in Recanati | thuisitaliaans,92,161,1,Scuola Dante Alighieri Campus L&#x27;Infinito,https://thuisitaliaans.com/scuole/de/scuola-dante-alighieri-campus-l-infinito,8,Answer+BreadcrumbList+Country+FAQPage+GeoCoordinates+ImageOb,si,2010,9,121,0,3,title lungo
scuole/de/scuola-leonardo-da-vinci-firenze.html,de,Scuola Leonardo da Vinci Firenze — Italienischkurs in Firenze | thuisitaliaans,78,148,1,Scuola Leonardo da Vinci Firenze,https://thuisitaliaans.com/scuole/de/scuola-leonardo-da-vinci-firenze,8,Answer+BreadcrumbList+Country+Course+CourseInstance+Educatio,si,2194,9,129,0,3,title lungo
scuole/de/scuola-leonardo-da-vinci-milano.html,de,Scuola Leonardo da Vinci Milano — Italienischkurs in Milano | thuisitaliaans,76,148,1,Scuola Leonardo da Vinci Milano,https://thuisitaliaans.com/scuole/de/scuola-leonardo-da-vinci-milano,8,Answer+BreadcrumbList+Country+FAQPage+GeoCoordinates+ImageOb,si,2175,9,122,0,3,title lungo
scuole/de/scuola-leonardo-da-vinci-roma.html,de,Scuola Leonardo da Vinci Roma — Italienischkurs in Roma | thuisitaliaans,72,140,1,Scuola Leonardo da Vinci Roma,https://thuisitaliaans.com/scuole/de/scuola-leonardo-da-vinci-roma,8,Answer+BreadcrumbList+Country+Course+CourseInstance+Educatio,si,2192,9,126,0,3,title lungo
scuole/de/scuola-leonardo-da-vinci-viareggio.html,de,Scuola Leonardo da Vinci Viareggio — Italienischkurs in Viareggio | thuisitaliaans,82,152,1,Scuola Leonardo da Vinci Viareggio,https://thuisitaliaans.com/scuole/de/scuola-leonardo-da-vinci-viareggio,8,Answer+BreadcrumbList+Country+FAQPage+GeoCoordinates+ImageOb,si,2091,9,124,0,3,title lungo
scuole/de/scuola-palazzo-malvisi-bagno-di-romagna.html,de,Scuola Palazzo Malvisi Bagno di Romagna — Italienischkurs in Bagno di Romagna | thuisitaliaans,94,171,1,Scuola Palazzo Malvisi Bagno di Romagna,https://thuisitaliaans.com/scuole/de/scuola-palazzo-malvisi-bagno-di-romagna,8,Answer+BreadcrumbList+Country+FAQPage+GeoCoordinates+ImageOb,si,2092,9,123,0,3,title lungo; description lunga
scuole/de/scuola-palazzo-malvisi-ravenna.html,de,Scuola Palazzo Malvisi Ravenna — Italienischkurs in Ravenna | thuisitaliaans,76,153,1,Scuola Palazzo Malvisi Ravenna,https://thuisitaliaans.com/scuole/de/scuola-palazzo-malvisi-ravenna,8,Answer+BreadcrumbList+Country+FAQPage+GeoCoordinates+ImageOb,si,2099,8,123,0,3,title lungo
scuole/de/scuola-toscana.html,de,Scuola Toscana — Italienischkurs in Firenze | thuisitaliaans,60,130,1,Scuola Toscana,https://thuisitaliaans.com/scuole/de/scuola-toscana,8,Answer+BreadcrumbList+Country+FAQPage+GeoCoordinates+ImageOb,si,2201,9,129,0,3,
scuole/de/scuola-tricolore.html,de,Scuola Tricolore — Italienischkurs in Genova | thuisitaliaans,61,131,1,Scuola Tricolore,https://thuisitaliaans.com/scuole/de/scuola-tricolore,8,Answer+BreadcrumbList+Country+FAQPage+GeoCoordinates+ImageOb,si,2075,8,121,0,3,
scuole/de/scuola-virgilio.html,de,Scuola Virgilio — Italienischkurs in Trapani | thuisitaliaans,61,131,1,Scuola Virgilio,https://thuisitaliaans.com/scuole/de/scuola-virgilio,8,Answer+BreadcrumbList+Country+FAQPage+GeoCoordinates+ImageOb,si,2052,9,121,0,3,
scuole/de/societa-dante-alighieri-siena.html,de,Società Dante Alighieri Siena — Italienischkurs in Siena | thuisitaliaans,73,143,1,Società Dante Alighieri Siena,https://thuisitaliaans.com/scuole/de/societa-dante-alighieri-siena,8,Answer+BreadcrumbList+Country+FAQPage+GeoCoordinates+ImageOb,si,2244,9,125,0,3,title lungo
scuole/de/solemar-academy.html,de,Solemar Academy — Italienischkurs in Cefalù | thuisitaliaans,60,130,1,Solemar Academy,https://thuisitaliaans.com/scuole/de/solemar-academy,8,Answer+BreadcrumbList+Country+FAQPage+GeoCoordinates+ImageOb,si,2029,9,121,0,3,
scuole/de/solemar-sicilia.html,de,Solemar Sicilia — Italienischkurs in Palermo (Mondello) | thuisitaliaans,72,142,1,Solemar Sicilia,https://thuisitaliaans.com/scuole/de/solemar-sicilia,8,Answer+BreadcrumbList+Country+FAQPage+GeoCoordinates+ImageOb,si,2052,9,122,0,3,title lungo
scuole/de/sprachcaffe-firenze.html,de,Sprachcaffe Firenze — Italienischkurs in Firenze | thuisitaliaans,65,135,1,Sprachcaffe Firenze,https://thuisitaliaans.com/scuole/de/sprachcaffe-firenze,8,Answer+BreadcrumbList+Country+Course+CourseInstance+Educatio,si,2134,9,129,0,3,
scuole/de/studioitalia.html,de,Studioitalia — Italienischkurs in Roma | thuisitaliaans,55,123,1,Studioitalia,https://thuisitaliaans.com/scuole/de/studioitalia,8,Answer+BreadcrumbList+Country+Course+CourseInstance+Educatio,si,2125,9,126,0,3,
scuole/de/studitalia.html,de,Studitalia — Italienischkurs in Olbia | thuisitaliaans,54,125,1,Studitalia,https://thuisitaliaans.com/scuole/de/studitalia,8,Answer+BreadcrumbList+Country+FAQPage+GeoCoordinates+ImageOb,si,2043,9,120,0,3,
scuole/de/terramare.html,de,Terramare — Italienischkurs in Orbetello | thuisitaliaans,57,127,1,Terramare,https://thuisitaliaans.com/scuole/de/terramare,8,Answer+BreadcrumbList+Country+FAQPage+GeoCoordinates+ImageOb,si,2065,9,123,0,3,
scuole/de/tiberius-international.html,de,Tiberius International — Italienischkurs in Rimini | thuisitaliaans,67,144,1,Tiberius International,https://thuisitaliaans.com/scuole/de/tiberius-international,8,Answer+BreadcrumbList+Country+FAQPage+GeoCoordinates+ImageOb,si,2089,8,123,0,3,title lungo
scuole/de/torre-di-babele.html,de,Torre di Babele — Italienischkurs in Roma | thuisitaliaans,58,126,1,Torre di Babele,https://thuisitaliaans.com/scuole/de/torre-di-babele,8,Answer+BreadcrumbList+Country+FAQPage+GeoCoordinates+ImageOb,si,2273,9,126,0,3,
scuole/de/trulli-italian-school.html,de,Trulli Italian School — Italienischkurs in Alberobello | thuisitaliaans,71,140,1,Trulli Italian School,https://thuisitaliaans.com/scuole/de/trulli-italian-school,8,Answer+BreadcrumbList+Country+FAQPage+GeoCoordinates+ImageOb,si,2075,9,120,0,3,title lungo
scuole/de/universita-per-stranieri-dante-alighieri.html,de,Università per Stranieri Dante Alighieri — Italienischkurs in Reggio Calabria | thuisitaliaans,94,165,1,Università per Stranieri Dante Alighieri,https://thuisitaliaans.com/scuole/de/universita-per-stranieri-dante-alighieri,8,Answer+BreadcrumbList+Country+FAQPage+GeoCoordinates+ImageOb,si,1978,8,122,0,3,title lungo
scuole/de/universita-per-stranieri-di-perugia.html,de,Università per Stranieri di Perugia — Italienischkurs in Perugia | thuisitaliaans,81,150,1,Università per Stranieri di Perugia,https://thuisitaliaans.com/scuole/de/universita-per-stranieri-di-perugia,8,Answer+BreadcrumbList+Country+FAQPage+GeoCoordinates+ImageOb,si,2159,9,124,0,3,title lungo
scuole/de/universita-per-stranieri-di-siena.html,de,Università per Stranieri di Siena — Italienischkurs in Siena | thuisitaliaans,77,147,1,Università per Stranieri di Siena,https://thuisitaliaans.com/scuole/de/universita-per-stranieri-di-siena,8,Answer+BreadcrumbList+Country+FAQPage+GeoCoordinates+ImageOb,si,2171,9,125,0,3,title lungo
scuole/dilit-international-house.html,it,Dilit International House — corso di italiano a Roma | thuisitaliaans,69,143,1,Dilit International House,https://thuisitaliaans.com/scuole/dilit-international-house,8,Answer+BreadcrumbList+Country+FAQPage+GeoCoordinates+ImageOb,si,2353,9,126,0,3,title lungo
scuole/easy-italian-language-art.html,it,Easy Italian Language &amp; Art — corso di italiano a Venezia | thuisitaliaans,78,153,1,Easy Italian Language &amp; Art,https://thuisitaliaans.com/scuole/easy-italian-language-art,8,Answer+BreadcrumbList+Country+FAQPage+GeoCoordinates+ImageOb,si,2413,9,123,0,3,title lungo
scuole/ellci-milano.html,it,ELLCI Milano — corso di italiano a Milano | thuisitaliaans,58,136,1,ELLCI Milano,https://thuisitaliaans.com/scuole/ellci-milano,8,Answer+BreadcrumbList+Country+FAQPage+GeoCoordinates+ImageOb,si,2344,9,122,0,3,
scuole/en/a-door-to-italy.html,en,A Door to Italy — Italian course in Genova | thuisitaliaans,59,123,1,A Door to Italy,https://thuisitaliaans.com/scuole/en/a-door-to-italy,8,Answer+BreadcrumbList+Country+FAQPage+GeoCoordinates+ImageOb,si,2305,8,121,0,3,
scuole/en/abc-firenze.html,en,ABC Firenze — Italian course in Firenze | thuisitaliaans,56,120,1,ABC Firenze,https://thuisitaliaans.com/scuole/en/abc-firenze,8,Answer+BreadcrumbList+Country+FAQPage+GeoCoordinates+ImageOb,si,2436,9,129,0,3,
scuole/en/abc-school-sestri-levante.html,en,ABC School Sestri Levante — Italian course in Sestri Levante | thuisitaliaans,77,141,1,ABC School Sestri Levante,https://thuisitaliaans.com/scuole/en/abc-school-sestri-levante,8,Answer+BreadcrumbList+Country+FAQPage+GeoCoordinates+ImageOb,si,2238,9,121,0,3,title lungo
scuole/en/accademia-del-giglio.html,en,Accademia del Giglio — Italian course in Firenze | thuisitaliaans,65,129,1,Accademia del Giglio,https://thuisitaliaans.com/scuole/en/accademia-del-giglio,8,Answer+BreadcrumbList+Country+FAQPage+GeoCoordinates+ImageOb,si,2455,9,129,0,3,
scuole/en/accademia-europea-di-firenze.html,en,Accademia Europea di Firenze — Italian course in Firenze | thuisitaliaans,73,137,1,Accademia Europea di Firenze,https://thuisitaliaans.com/scuole/en/accademia-europea-di-firenze,8,Answer+BreadcrumbList+Country+FAQPage+GeoCoordinates+ImageOb,si,2365,9,129,0,3,title lungo
scuole/en/accademia-italiana-salerno.html,en,Accademia Italiana Salerno — Italian course in Salerno | thuisitaliaans,71,136,1,Accademia Italiana Salerno,https://thuisitaliaans.com/scuole/en/accademia-italiana-salerno,8,Answer+BreadcrumbList+Country+FAQPage+GeoCoordinates+ImageOb,si,2214,8,122,0,3,title lungo
scuole/en/accademia-leonardo.html,en,Accademia Leonardo — Italian course in Salerno | thuisitaliaans,63,128,1,Accademia Leonardo,https://thuisitaliaans.com/scuole/en/accademia-leonardo,8,Answer+BreadcrumbList+Country+FAQPage+GeoCoordinates+ImageOb,si,2206,8,122,0,3,
scuole/en/accademia-lingua-italiana-assisi.html,en,Accademia Lingua Italiana Assisi — Italian course in Assisi | thuisitaliaans,76,139,1,Accademia Lingua Italiana Assisi,https://thuisitaliaans.com/scuole/en/accademia-lingua-italiana-assisi,8,Answer+BreadcrumbList+Country+FAQPage+GeoCoordinates+ImageOb,si,2208,9,123,0,3,title lungo
scuole/en/accademia-riaci.html,en,Accademia Riaci — Italian course in Firenze | thuisitaliaans,60,124,1,Accademia Riaci,https://thuisitaliaans.com/scuole/en/accademia-riaci,8,Answer+BreadcrumbList+Country+FAQPage+GeoCoordinates+ImageOb,si,2422,9,129,0,3,
scuole/en/alce-accademia-lingue-e-culture-europee.html,en,ALCE Accademia Lingue e Culture Europee — Italian course in Bologna | thuisitaliaans,84,155,1,ALCE Accademia Lingue e Culture Europee,https://thuisitaliaans.com/scuole/en/alce-accademia-lingue-e-culture-europee,8,Answer+BreadcrumbList+Country+FAQPage+GeoCoordinates+ImageOb,si,2288,9,126,0,3,title lungo
scuole/en/alpha-beta-piccadilly-bolzano.html,en,Alpha Beta Piccadilly Bolzano — Italian course in Bolzano | thuisitaliaans,74,141,1,Alpha Beta Piccadilly Bolzano,https://thuisitaliaans.com/scuole/en/alpha-beta-piccadilly-bolzano,8,Answer+BreadcrumbList+Country+FAQPage+GeoCoordinates+ImageOb,si,2324,8,122,0,3,title lungo
scuole/en/alpha-beta-piccadilly-merano.html,en,Alpha Beta Piccadilly Merano — Italian course in Merano | thuisitaliaans,72,139,1,Alpha Beta Piccadilly Merano,https://thuisitaliaans.com/scuole/en/alpha-beta-piccadilly-merano,8,Answer+BreadcrumbList+Country+FAQPage+GeoCoordinates+ImageOb,si,2312,8,122,0,3,title lungo
scuole/en/arca.html,en,Arca — Italian course in Bologna | thuisitaliaans,49,120,1,Arca,https://thuisitaliaans.com/scuole/en/arca,8,Answer+BreadcrumbList+Country+FAQPage+GeoCoordinates+ImageOb,si,2294,9,126,0,3,
scuole/en/babilonia-centro-di-lingua-e-cultura-italiana.html,en,Babilonia Centro di Lingua e Cultura Italiana — Italian course in Taormina | thuisitaliaans,91,155,1,Babilonia Centro di Lingua e Cultura Italiana,https://thuisitaliaans.com/scuole/en/babilonia-centro-di-lingua-e-cultura-italiana,8,Answer+BreadcrumbList+Country+FAQPage+GeoCoordinates+ImageOb,si,2319,9,121,0,3,title lungo
scuole/en/bertrand-russell.html,en,Bertrand Russell — Italian course in Padova | thuisitaliaans,60,123,1,Bertrand Russell,https://thuisitaliaans.com/scuole/en/bertrand-russell,8,Answer+BreadcrumbList+Country+FAQPage+GeoCoordinates+ImageOb,si,2195,9,122,0,3,
scuole/en/ca-foscari-school-for-international-education.html,en,Ca&#x27; Foscari School for International Education — Italian course in Venezia | thuisitaliaans,96,159,1,Ca&#x27; Foscari School for International Education,https://thuisitaliaans.com/scuole/en/ca-foscari-school-for-international-education,8,Answer+BreadcrumbList+Country+FAQPage+GeoCoordinates+ImageOb,si,2433,9,123,0,3,title lungo
scuole/en/caffe-italiano-club.html,en,Caffè Italiano Club — Italian course in Tropea | thuisitaliaans,63,128,1,Caffè Italiano Club,https://thuisitaliaans.com/scuole/en/caffe-italiano-club,8,Answer+BreadcrumbList+Country+FAQPage+GeoCoordinates+ImageOb,si,2290,9,122,0,3,
scuole/en/centro-culturale-giacomo-puccini.html,en,Centro Culturale Giacomo Puccini — Italian course in Viareggio | thuisitaliaans,79,143,1,Centro Culturale Giacomo Puccini,https://thuisitaliaans.com/scuole/en/centro-culturale-giacomo-puccini,8,Answer+BreadcrumbList+Country+FAQPage+GeoCoordinates+ImageOb,si,2270,9,124,0,3,title lungo
scuole/en/centro-fiorenza-isola-d-elba.html,en,Centro Fiorenza Isola d&#x27;Elba — Italian course in Isola d&#x27;Elba | thuisitaliaans,88,152,1,Centro Fiorenza Isola d&#x27;Elba,https://thuisitaliaans.com/scuole/en/centro-fiorenza-isola-d-elba,8,Answer+BreadcrumbList+Country+FAQPage+GeoCoordinates+ImageOb,si,2201,9,119,0,3,title lungo
scuole/en/centro-fiorenza.html,en,Centro Fiorenza — Italian course in Firenze | thuisitaliaans,60,124,1,Centro Fiorenza,https://thuisitaliaans.com/scuole/en/centro-fiorenza,8,Answer+BreadcrumbList+Country+Course+CourseInstance+Educatio,si,2417,9,129,0,3,
scuole/en/centro-italiano-firenze.html,en,Centro Italiano Firenze — Italian course in Firenze | thuisitaliaans,68,132,1,Centro Italiano Firenze,https://thuisitaliaans.com/scuole/en/centro-italiano-firenze,8,Answer+BreadcrumbList+Country+FAQPage+GeoCoordinates+ImageOb,si,2482,9,129,0,3,title lungo
scuole/en/centro-italiano.html,en,Centro Italiano — Italian course in Napoli | thuisitaliaans,59,124,1,Centro Italiano,https://thuisitaliaans.com/scuole/en/centro-italiano,8,Answer+BreadcrumbList+Country+FAQPage+GeoCoordinates+ImageOb,si,2251,9,121,0,3,
scuole/en/centro-koine-firenze.html,en,Centro Koinè Firenze — Italian course in Firenze | thuisitaliaans,65,129,1,Centro Koinè Firenze,https://thuisitaliaans.com/scuole/en/centro-koine-firenze,8,Answer+BreadcrumbList+Country+FAQPage+GeoCoordinates+ImageOb,si,2421,9,129,0,3,
scuole/en/centro-koine-lucca.html,en,Centro Koinè Lucca — Italian course in Lucca | thuisitaliaans,61,125,1,Centro Koinè Lucca,https://thuisitaliaans.com/scuole/en/centro-koine-lucca,8,Answer+BreadcrumbList+Country+FAQPage+GeoCoordinates+ImageOb,si,2284,9,124,0,3,
scuole/en/centro-lingua-italiana-calvino.html,en,Centro Lingua Italiana Calvino — Italian course in Firenze | thuisitaliaans,75,139,1,Centro Lingua Italiana Calvino,https://thuisitaliaans.com/scuole/en/centro-lingua-italiana-calvino,8,Answer+BreadcrumbList+Country+FAQPage+GeoCoordinates+ImageOb,si,2448,9,129,0,3,title lungo
scuole/en/centro-machiavelli.html,en,Centro Machiavelli — Italian course in Firenze | thuisitaliaans,63,127,1,Centro Machiavelli,https://thuisitaliaans.com/scuole/en/centro-machiavelli,8,Answer+BreadcrumbList+Country+FAQPage+GeoCoordinates+ImageOb,si,2440,9,129,0,3,
scuole/en/centro-studi-italiani.html,en,Centro Studi Italiani — Italian course in Urbania | thuisitaliaans,66,129,1,Centro Studi Italiani,https://thuisitaliaans.com/scuole/en/centro-studi-italiani,8,Answer+BreadcrumbList+Country+FAQPage+GeoCoordinates+ImageOb,si,2215,9,123,0,3,title lungo
scuole/en/ciao-italia.html,en,Ciao Italia — Italian course in Roma | thuisitaliaans,53,115,1,Ciao Italia,https://thuisitaliaans.com/scuole/en/ciao-italia,8,Answer+BreadcrumbList+Country+FAQPage+GeoCoordinates+ImageOb,si,2348,9,126,0,3,
scuole/en/ciaoitaly-scuola-leonardo-da-vinci-torino.html,en,CiaoItaly Scuola Leonardo da Vinci Torino — Italian course in Torino | thuisitaliaans,85,150,1,CiaoItaly Scuola Leonardo da Vinci Torino,https://thuisitaliaans.com/scuole/en/ciaoitaly-scuola-leonardo-da-vinci-torino,8,Answer+BreadcrumbList+Country+FAQPage+GeoCoordinates+ImageOb,si,2254,8,120,0,3,title lungo
scuole/en/citta/alberobello.html,en,Italian schools in Alberobello — 1 school | thuisitaliaans,58,159,1,Italian schools in Alberobello,https://thuisitaliaans.com/scuole/en/citta/alberobello,8,Answer+FAQPage+ImageObject+ItemList+LanguageSchool+ListItem+,si,684,3,17,0,3,
scuole/en/citta/alghero.html,en,Italian schools in Alghero — 1 school | thuisitaliaans,54,155,1,Italian schools in Alghero,https://thuisitaliaans.com/scuole/en/citta/alghero,8,Answer+FAQPage+ImageObject+ItemList+LanguageSchool+ListItem+,si,632,3,17,0,3,
scuole/en/citta/arezzo.html,en,Italian schools in Arezzo — 1 school | thuisitaliaans,53,154,1,Italian schools in Arezzo,https://thuisitaliaans.com/scuole/en/citta/arezzo,8,Answer+FAQPage+ImageObject+ItemList+LanguageSchool+ListItem+,si,622,3,27,0,3,
scuole/en/citta/assisi.html,en,Italian schools in Assisi — 1 school | thuisitaliaans,53,154,1,Italian schools in Assisi,https://thuisitaliaans.com/scuole/en/citta/assisi,8,Answer+FAQPage+ImageObject+ItemList+LanguageSchool+ListItem+,si,654,3,21,0,3,
scuole/en/citta/bagno-di-romagna.html,en,Italian schools in Bagno di Romagna — 1 school | thuisitaliaans,63,164,1,Italian schools in Bagno di Romagna,https://thuisitaliaans.com/scuole/en/citta/bagno-di-romagna,8,Answer+FAQPage+ImageObject+ItemList+LanguageSchool+ListItem+,si,672,3,23,0,3,
scuole/en/citta/bologna.html,en,Italian schools in Bologna — 4 schools | thuisitaliaans,55,155,1,Italian schools in Bologna,https://thuisitaliaans.com/scuole/en/citta/bologna,8,Answer+FAQPage+ImageObject+ItemList+LanguageSchool+ListItem+,si,781,3,29,0,3,
scuole/en/citta/bolzano.html,en,Italian schools in Bolzano — 1 school | thuisitaliaans,54,155,1,Italian schools in Bolzano,https://thuisitaliaans.com/scuole/en/citta/bolzano,8,Answer+FAQPage+ImageObject+ItemList+LanguageSchool+ListItem+,si,680,2,18,0,3,
scuole/en/citta/cagliari.html,en,Italian schools in Cagliari — 1 school | thuisitaliaans,55,156,1,Italian schools in Cagliari,https://thuisitaliaans.com/scuole/en/citta/cagliari,8,Answer+FAQPage+ImageObject+ItemList+LanguageSchool+ListItem+,si,609,3,17,0,3,
scuole/en/citta/cefalu.html,en,Italian schools in Cefalù — 1 school | thuisitaliaans,53,154,1,Italian schools in Cefalù,https://thuisitaliaans.com/scuole/en/citta/cefalu,8,Answer+FAQPage+ImageObject+ItemList+LanguageSchool+ListItem+,si,609,3,21,0,3,
scuole/en/citta/firenze.html,en,Italian schools in Firenze — 24 schools | thuisitaliaans,56,156,1,Italian schools in Firenze,https://thuisitaliaans.com/scuole/en/citta/firenze,8,Answer+FAQPage+ImageObject+ItemList+LanguageSchool+ListItem+,si,1365,3,71,0,3,
scuole/en/citta/genova.html,en,Italian schools in Genova — 2 schools | thuisitaliaans,54,154,1,Italian schools in Genova,https://thuisitaliaans.com/scuole/en/citta/genova,8,Answer+FAQPage+ImageObject+ItemList+LanguageSchool+ListItem+,si,686,2,19,0,3,
scuole/en/citta/grottaglie.html,en,Italian schools in Grottaglie — 1 school | thuisitaliaans,57,158,1,Italian schools in Grottaglie,https://thuisitaliaans.com/scuole/en/citta/grottaglie,8,Answer+FAQPage+ImageObject+ItemList+LanguageSchool+ListItem+,si,665,3,17,0,3,
scuole/en/citta/isola-d-elba.html,en,Italian schools in Isola d&#x27;Elba — 1 school | thuisitaliaans,64,165,1,Italian schools in Isola d'Elba,https://thuisitaliaans.com/scuole/en/citta/isola-d-elba,8,Answer+FAQPage+ImageObject+ItemList+LanguageSchool+ListItem+,si,587,3,22,0,3,
scuole/en/citta/la-maddalena.html,en,Italian schools in La Maddalena — 1 school | thuisitaliaans,59,160,1,Italian schools in La Maddalena,https://thuisitaliaans.com/scuole/en/citta/la-maddalena,8,Answer+FAQPage+ImageObject+ItemList+LanguageSchool+ListItem+,si,680,3,18,0,3,
scuole/en/citta/lignano-sabbiadoro.html,en,Italian schools in Lignano Sabbiadoro — 1 school | thuisitaliaans,65,166,1,Italian schools in Lignano Sabbiadoro,https://thuisitaliaans.com/scuole/en/citta/lignano-sabbiadoro,8,Answer+FAQPage+ImageObject+ItemList+LanguageSchool+ListItem+,si,632,3,17,0,3,description lunga
scuole/en/citta/lucca.html,en,Italian schools in Lucca — 2 schools | thuisitaliaans,53,153,1,Italian schools in Lucca,https://thuisitaliaans.com/scuole/en/citta/lucca,8,Answer+FAQPage+ImageObject+ItemList+LanguageSchool+ListItem+,si,743,3,29,0,3,
scuole/en/citta/merano.html,en,Italian schools in Merano — 1 school | thuisitaliaans,53,154,1,Italian schools in Merano,https://thuisitaliaans.com/scuole/en/citta/merano,8,Answer+FAQPage+ImageObject+ItemList+LanguageSchool+ListItem+,si,677,2,18,0,3,
scuole/en/citta/milano.html,en,Italian schools in Milano — 4 schools | thuisitaliaans,54,154,1,Italian schools in Milano,https://thuisitaliaans.com/scuole/en/citta/milano,8,Answer+FAQPage+ImageObject+ItemList+LanguageSchool+ListItem+,si,790,3,20,0,3,
scuole/en/citta/milazzo.html,en,Italian schools in Milazzo — 1 school | thuisitaliaans,54,155,1,Italian schools in Milazzo,https://thuisitaliaans.com/scuole/en/citta/milazzo,8,Answer+FAQPage+ImageObject+ItemList+LanguageSchool+ListItem+,si,635,3,22,0,3,
scuole/en/citta/modena.html,en,Italian schools in Modena — 1 school | thuisitaliaans,53,154,1,Italian schools in Modena,https://thuisitaliaans.com/scuole/en/citta/modena,8,Answer+FAQPage+ImageObject+ItemList+LanguageSchool+ListItem+,si,639,3,22,0,3,
scuole/en/citta/montepulciano.html,en,Italian schools in Montepulciano — 1 school | thuisitaliaans,60,161,1,Italian schools in Montepulciano,https://thuisitaliaans.com/scuole/en/citta/montepulciano,8,Answer+FAQPage+ImageObject+ItemList+LanguageSchool+ListItem+,si,657,3,27,0,3,
scuole/en/citta/napoli.html,en,Italian schools in Napoli — 1 school | thuisitaliaans,53,154,1,Italian schools in Napoli,https://thuisitaliaans.com/scuole/en/citta/napoli,8,Answer+FAQPage+ImageObject+ItemList+LanguageSchool+ListItem+,si,674,3,18,0,3,
scuole/en/citta/olbia.html,en,Italian schools in Olbia — 1 school | thuisitaliaans,52,153,1,Italian schools in Olbia,https://thuisitaliaans.com/scuole/en/citta/olbia,8,Answer+FAQPage+ImageObject+ItemList+LanguageSchool+ListItem+,si,677,3,18,0,3,
scuole/en/citta/orbetello.html,en,Italian schools in Orbetello — 1 school | thuisitaliaans,56,157,1,Italian schools in Orbetello,https://thuisitaliaans.com/scuole/en/citta/orbetello,8,Answer+FAQPage+ImageObject+ItemList+LanguageSchool+ListItem+,si,654,3,27,0,3,
scuole/en/citta/orvieto.html,en,Italian schools in Orvieto — 1 school | thuisitaliaans,54,155,1,Italian schools in Orvieto,https://thuisitaliaans.com/scuole/en/citta/orvieto,8,Answer+FAQPage+ImageObject+ItemList+LanguageSchool+ListItem+,si,637,3,21,0,3,
scuole/en/citta/otranto.html,en,Italian schools in Otranto — 1 school | thuisitaliaans,54,155,1,Italian schools in Otranto,https://thuisitaliaans.com/scuole/en/citta/otranto,8,Answer+FAQPage+ImageObject+ItemList+LanguageSchool+ListItem+,si,591,3,16,0,3,
scuole/en/citta/padova.html,en,Italian schools in Padova — 1 school | thuisitaliaans,53,154,1,Italian schools in Padova,https://thuisitaliaans.com/scuole/en/citta/padova,8,Answer+FAQPage+ImageObject+ItemList+LanguageSchool+ListItem+,si,638,3,19,0,3,
scuole/en/citta/palermo-mondello.html,en,Italian schools in Palermo (Mondello) — 1 school | thuisitaliaans,65,166,1,Italian schools in Palermo (Mondello),https://thuisitaliaans.com/scuole/en/citta/palermo-mondello,8,Answer+FAQPage+ImageObject+ItemList+LanguageSchool+ListItem+,si,668,3,22,0,3,description lunga
scuole/en/citta/palermo.html,en,Italian schools in Palermo — 1 school | thuisitaliaans,54,155,1,Italian schools in Palermo,https://thuisitaliaans.com/scuole/en/citta/palermo,8,Answer+FAQPage+ImageObject+ItemList+LanguageSchool+ListItem+,si,653,3,22,0,3,
scuole/en/citta/perugia.html,en,Italian schools in Perugia — 2 schools | thuisitaliaans,55,155,1,Italian schools in Perugia,https://thuisitaliaans.com/scuole/en/citta/perugia,8,Answer+FAQPage+ImageObject+ItemList+LanguageSchool+ListItem+,si,741,3,23,0,3,
scuole/en/citta/pisa.html,en,Italian schools in Pisa — 1 school | thuisitaliaans,51,152,1,Italian schools in Pisa,https://thuisitaliaans.com/scuole/en/citta/pisa,8,Answer+FAQPage+ImageObject+ItemList+LanguageSchool+ListItem+,si,702,3,27,0,3,
scuole/en/citta/ravenna.html,en,Italian schools in Ravenna — 1 school | thuisitaliaans,54,155,1,Italian schools in Ravenna,https://thuisitaliaans.com/scuole/en/citta/ravenna,8,Answer+FAQPage+ImageObject+ItemList+LanguageSchool+ListItem+,si,682,2,23,0,3,
scuole/en/citta/recanati.html,en,Italian schools in Recanati — 1 school | thuisitaliaans,55,156,1,Italian schools in Recanati,https://thuisitaliaans.com/scuole/en/citta/recanati,8,Answer+FAQPage+ImageObject+ItemList+LanguageSchool+ListItem+,si,638,3,17,0,3,
scuole/en/citta/reggio-calabria.html,en,Italian schools in Reggio Calabria — 1 school | thuisitaliaans,62,163,1,Italian schools in Reggio Calabria,https://thuisitaliaans.com/scuole/en/citta/reggio-calabria,8,Answer+FAQPage+ImageObject+ItemList+LanguageSchool+ListItem+,si,622,2,18,0,3,
scuole/en/citta/reggio-emilia.html,en,Italian schools in Reggio Emilia — 1 school | thuisitaliaans,60,161,1,Italian schools in Reggio Emilia,https://thuisitaliaans.com/scuole/en/citta/reggio-emilia,8,Answer+FAQPage+ImageObject+ItemList+LanguageSchool+ListItem+,si,659,3,22,0,3,
scuole/en/citta/rimini.html,en,Italian schools in Rimini — 1 school | thuisitaliaans,53,154,1,Italian schools in Rimini,https://thuisitaliaans.com/scuole/en/citta/rimini,8,Answer+FAQPage+ImageObject+ItemList+LanguageSchool+ListItem+,si,652,2,23,0,3,
scuole/en/citta/riva-del-garda.html,en,Italian schools in Riva del Garda — 1 school | thuisitaliaans,61,162,1,Italian schools in Riva del Garda,https://thuisitaliaans.com/scuole/en/citta/riva-del-garda,8,Answer+FAQPage+ImageObject+ItemList+LanguageSchool+ListItem+,si,685,3,19,0,3,
scuole/en/citta/roma.html,en,Italian schools in Roma — 11 school | thuisitaliaans,52,153,1,Italian schools in Roma,https://thuisitaliaans.com/scuole/en/citta/roma,8,Answer+FAQPage+ImageObject+ItemList+LanguageSchool+ListItem+,si,1082,3,36,0,3,
scuole/en/citta/salerno.html,en,Italian schools in Salerno — 2 schools | thuisitaliaans,55,155,1,Italian schools in Salerno,https://thuisitaliaans.com/scuole/en/citta/salerno,8,Answer+FAQPage+ImageObject+ItemList+LanguageSchool+ListItem+,si,681,2,20,0,3,
scuole/en/citta/san-giovanni-valdarno.html,en,Italian schools in San Giovanni Valdarno — 1 school | thuisitaliaans,68,169,1,Italian schools in San Giovanni Valdarno,https://thuisitaliaans.com/scuole/en/citta/san-giovanni-valdarno,8,Answer+FAQPage+ImageObject+ItemList+LanguageSchool+ListItem+,si,660,3,27,0,3,title lungo; description lunga
scuole/en/citta/sanremo.html,en,Italian schools in Sanremo — 1 school | thuisitaliaans,54,155,1,Italian schools in Sanremo,https://thuisitaliaans.com/scuole/en/citta/sanremo,8,Answer+FAQPage+ImageObject+ItemList+LanguageSchool+ListItem+,si,609,3,16,0,3,
scuole/en/citta/sestri-levante.html,en,Italian schools in Sestri Levante — 1 school | thuisitaliaans,61,162,1,Italian schools in Sestri Levante,https://thuisitaliaans.com/scuole/en/citta/sestri-levante,8,Answer+FAQPage+ImageObject+ItemList+LanguageSchool+ListItem+,si,665,3,18,0,3,
scuole/en/citta/siena.html,en,Italian schools in Siena — 3 schools | thuisitaliaans,53,153,1,Italian schools in Siena,https://thuisitaliaans.com/scuole/en/citta/siena,8,Answer+FAQPage+ImageObject+ItemList+LanguageSchool+ListItem+,si,741,3,31,0,3,
scuole/en/citta/sorrento.html,en,Italian schools in Sorrento — 1 school | thuisitaliaans,55,156,1,Italian schools in Sorrento,https://thuisitaliaans.com/scuole/en/citta/sorrento,8,Answer+FAQPage+ImageObject+ItemList+LanguageSchool+ListItem+,si,621,3,18,0,3,
scuole/en/citta/taormina.html,en,Italian schools in Taormina — 1 school | thuisitaliaans,55,156,1,Italian schools in Taormina,https://thuisitaliaans.com/scuole/en/citta/taormina,8,Answer+FAQPage+ImageObject+ItemList+LanguageSchool+ListItem+,si,647,3,21,0,3,
scuole/en/citta/todi.html,en,Italian schools in Todi — 1 school | thuisitaliaans,51,152,1,Italian schools in Todi,https://thuisitaliaans.com/scuole/en/citta/todi,8,Answer+FAQPage+ImageObject+ItemList+LanguageSchool+ListItem+,si,616,3,21,0,3,
scuole/en/citta/torino.html,en,Italian schools in Torino — 2 schools | thuisitaliaans,54,154,1,Italian schools in Torino,https://thuisitaliaans.com/scuole/en/citta/torino,8,Answer+FAQPage+ImageObject+ItemList+LanguageSchool+ListItem+,si,693,2,16,0,3,
scuole/en/citta/trapani.html,en,Italian schools in Trapani — 1 school | thuisitaliaans,54,155,1,Italian schools in Trapani,https://thuisitaliaans.com/scuole/en/citta/trapani,8,Answer+FAQPage+ImageObject+ItemList+LanguageSchool+ListItem+,si,685,3,21,0,3,
scuole/en/citta/trento.html,en,Italian schools in Trento — 1 school | thuisitaliaans,53,154,1,Italian schools in Trento,https://thuisitaliaans.com/scuole/en/citta/trento,8,Answer+FAQPage+ImageObject+ItemList+LanguageSchool+ListItem+,si,672,3,19,0,3,
scuole/en/citta/trieste.html,en,Italian schools in Trieste — 2 schools | thuisitaliaans,55,155,1,Italian schools in Trieste,https://thuisitaliaans.com/scuole/en/citta/trieste,8,Answer+FAQPage+ImageObject+ItemList+LanguageSchool+ListItem+,si,733,2,18,0,3,
scuole/en/citta/tropea.html,en,Italian schools in Tropea — 2 schools | thuisitaliaans,54,154,1,Italian schools in Tropea,https://thuisitaliaans.com/scuole/en/citta/tropea,8,Answer+FAQPage+ImageObject+ItemList+LanguageSchool+ListItem+,si,692,3,19,0,3,
scuole/en/citta/tuscania.html,en,Italian schools in Tuscania — 1 school | thuisitaliaans,55,156,1,Italian schools in Tuscania,https://thuisitaliaans.com/scuole/en/citta/tuscania,8,Answer+FAQPage+ImageObject+ItemList+LanguageSchool+ListItem+,si,610,3,19,0,3,
scuole/en/citta/urbania.html,en,Italian schools in Urbania — 1 school | thuisitaliaans,54,155,1,Italian schools in Urbania,https://thuisitaliaans.com/scuole/en/citta/urbania,8,Answer+FAQPage+ImageObject+ItemList+LanguageSchool+ListItem+,si,622,3,19,0,3,
scuole/en/citta/venezia.html,en,Italian schools in Venezia — 3 schools | thuisitaliaans,55,155,1,Italian schools in Venezia,https://thuisitaliaans.com/scuole/en/citta/venezia,8,Answer+FAQPage+ImageObject+ItemList+LanguageSchool+ListItem+,si,845,3,22,0,3,
scuole/en/citta/verona.html,en,Italian schools in Verona — 3 schools | thuisitaliaans,54,154,1,Italian schools in Verona,https://thuisitaliaans.com/scuole/en/citta/verona,8,Answer+FAQPage+ImageObject+ItemList+LanguageSchool+ListItem+,si,761,2,24,0,3,
scuole/en/citta/viareggio.html,en,Italian schools in Viareggio — 2 schools | thuisitaliaans,57,157,1,Italian schools in Viareggio,https://thuisitaliaans.com/scuole/en/citta/viareggio,8,Answer+FAQPage+ImageObject+ItemList+LanguageSchool+ListItem+,si,748,3,29,0,3,
scuole/en/clm-bell-riva-del-garda.html,en,CLM Bell Riva del Garda — Italian course in Riva del Garda | thuisitaliaans,75,140,1,CLM Bell Riva del Garda,https://thuisitaliaans.com/scuole/en/clm-bell-riva-del-garda,8,Answer+BreadcrumbList+Country+FAQPage+GeoCoordinates+ImageOb,si,2310,9,123,0,3,title lungo
scuole/en/clm-bell-trento.html,en,CLM Bell Trento — Italian course in Trento | thuisitaliaans,59,124,1,CLM Bell Trento,https://thuisitaliaans.com/scuole/en/clm-bell-trento,8,Answer+BreadcrumbList+Country+FAQPage+GeoCoordinates+ImageOb,si,2304,9,123,0,3,
scuole/en/comitato-linguistico.html,en,Comitato Linguistico — Italian course in Perugia | thuisitaliaans,65,128,1,Comitato Linguistico,https://thuisitaliaans.com/scuole/en/comitato-linguistico,8,Answer+BreadcrumbList+Country+Course+CourseInstance+Educatio,si,2177,9,124,0,3,
scuole/en/cultura-italiana-arezzo.html,en,Cultura Italiana Arezzo — Italian course in Arezzo | thuisitaliaans,67,131,1,Cultura Italiana Arezzo,https://thuisitaliaans.com/scuole/en/cultura-italiana-arezzo,8,Answer+BreadcrumbList+Country+FAQPage+GeoCoordinates+ImageOb,si,2153,9,123,0,3,title lungo
scuole/en/cultura-italiana-bologna.html,en,Cultura Italiana Bologna — Italian course in Bologna | thuisitaliaans,69,140,1,Cultura Italiana Bologna,https://thuisitaliaans.com/scuole/en/cultura-italiana-bologna,8,Answer+BreadcrumbList+Country+FAQPage+GeoCoordinates+ImageOb,si,2188,9,126,0,3,title lungo
scuole/en/dilit-international-house.html,en,Dilit International House — Italian course in Roma | thuisitaliaans,67,129,1,Dilit International House,https://thuisitaliaans.com/scuole/en/dilit-international-house,8,Answer+BreadcrumbList+Country+FAQPage+GeoCoordinates+ImageOb,si,2364,9,126,0,3,title lungo
scuole/en/easy-italian-language-art.html,en,Easy Italian Language &amp; Art — Italian course in Venezia | thuisitaliaans,76,139,1,Easy Italian Language &amp; Art,https://thuisitaliaans.com/scuole/en/easy-italian-language-art,8,Answer+BreadcrumbList+Country+FAQPage+GeoCoordinates+ImageOb,si,2420,9,123,0,3,title lungo
scuole/en/ellci-milano.html,en,ELLCI Milano — Italian course in Milano | thuisitaliaans,56,122,1,ELLCI Milano,https://thuisitaliaans.com/scuole/en/ellci-milano,8,Answer+BreadcrumbList+Country+FAQPage+GeoCoordinates+ImageOb,si,2336,9,122,0,3,
scuole/en/europass-italian-language-school.html,en,Europass Italian Language School — Italian course in Firenze | thuisitaliaans,77,141,1,Europass Italian Language School,https://thuisitaliaans.com/scuole/en/europass-italian-language-school,8,Answer+BreadcrumbList+Country+FAQPage+GeoCoordinates+ImageOb,si,2434,9,129,0,3,title lungo
scuole/en/gaia-institute.html,en,GAIA Institute — Italian course in La Maddalena | thuisitaliaans,64,129,1,GAIA Institute,https://thuisitaliaans.com/scuole/en/gaia-institute,8,Answer+BreadcrumbList+Country+FAQPage+GeoCoordinates+ImageOb,si,2094,9,120,0,3,
scuole/en/idea-verona.html,en,Idea Verona — Italian course in Verona | thuisitaliaans,55,118,1,Idea Verona,https://thuisitaliaans.com/scuole/en/idea-verona,8,Answer+BreadcrumbList+Country+FAQPage+GeoCoordinates+ImageOb,si,2272,8,125,0,3,
scuole/en/il-centro.html,en,Il Centro — Italian course in Milano | thuisitaliaans,53,119,1,Il Centro,https://thuisitaliaans.com/scuole/en/il-centro,8,Answer+BreadcrumbList+Country+FAQPage+GeoCoordinates+ImageOb,si,2287,9,122,0,3,
scuole/en/il-sasso.html,en,Il Sasso — Italian course in Montepulciano | thuisitaliaans,59,123,1,Il Sasso,https://thuisitaliaans.com/scuole/en/il-sasso,8,Answer+BreadcrumbList+Country+FAQPage+GeoCoordinates+ImageOb,si,2253,9,123,0,3,
scuole/en/il-sillabo.html,en,Il Sillabo — Italian course in San Giovanni Valdarno | thuisitaliaans,69,133,1,Il Sillabo,https://thuisitaliaans.com/scuole/en/il-sillabo,8,Answer+BreadcrumbList+Country+FAQPage+GeoCoordinates+ImageOb,si,2271,9,123,0,3,title lungo
scuole/en/index.html,en,Italian language stays in Italy — 108 schools | thuisitaliaans,62,134,1,"Italian language schools in Italy: find your course, plan the trip .",https://thuisitaliaans.com/scuole/en/,8,Answer+BreadcrumbList+FAQPage+ItemList+ListItem+Question+Web,si,8,0,67,1,2,pagina sottile; link a .html ×1
scuole/en/inflorence-academy.html,en,InFlorence Academy — Italian course in Firenze | thuisitaliaans,63,127,1,InFlorence Academy,https://thuisitaliaans.com/scuole/en/inflorence-academy,8,Answer+BreadcrumbList+Country+FAQPage+GeoCoordinates+ImageOb,si,2429,9,129,0,3,
scuole/en/influent.html,en,Influent — Italian course in Firenze | thuisitaliaans,53,117,1,Influent,https://thuisitaliaans.com/scuole/en/influent,8,Answer+BreadcrumbList+Country+FAQPage+GeoCoordinates+ImageOb,si,2310,9,129,0,3,
scuole/en/istituto-europeo.html,en,Istituto Europeo — Italian course in Firenze | thuisitaliaans,61,125,1,Istituto Europeo,https://thuisitaliaans.com/scuole/en/istituto-europeo,8,Answer+BreadcrumbList+Country+FAQPage+GeoCoordinates+ImageOb,si,2420,9,129,0,3,
scuole/en/istituto-galilei.html,en,Istituto Galilei — Italian course in Firenze | thuisitaliaans,61,125,1,Istituto Galilei,https://thuisitaliaans.com/scuole/en/istituto-galilei,8,Answer+BreadcrumbList+Country+FAQPage+GeoCoordinates+ImageOb,si,2553,9,129,0,3,
scuole/en/istituto-il-david.html,en,Istituto Il David — Italian course in Firenze | thuisitaliaans,62,126,1,Istituto Il David,https://thuisitaliaans.com/scuole/en/istituto-il-david,8,Answer+BreadcrumbList+Country+FAQPage+GeoCoordinates+ImageOb,si,2514,9,129,0,3,
scuole/en/istituto-italiano.html,en,Istituto Italiano — Italian course in Roma | thuisitaliaans,59,121,1,Istituto Italiano,https://thuisitaliaans.com/scuole/en/istituto-italiano,8,Answer+BreadcrumbList+Country+FAQPage+GeoCoordinates+ImageOb,si,2348,9,126,0,3,
scuole/en/istituto-linguistico-mediterraneo.html,en,Istituto Linguistico Mediterraneo — Italian course in Pisa | thuisitaliaans,75,139,1,Istituto Linguistico Mediterraneo,https://thuisitaliaans.com/scuole/en/istituto-linguistico-mediterraneo,8,Answer+BreadcrumbList+Country+FAQPage+GeoCoordinates+ImageOb,si,2307,9,123,0,3,title lungo
scuole/en/istituto-lorenzo-de-medici-firenze.html,en,Istituto Lorenzo de&#x27; Medici Firenze — Italian course in Firenze | thuisitaliaans,85,149,1,Istituto Lorenzo de&#x27; Medici Firenze,https://thuisitaliaans.com/scuole/en/istituto-lorenzo-de-medici-firenze,8,Answer+BreadcrumbList+Country+FAQPage+GeoCoordinates+ImageOb,si,2501,9,129,0,3,title lungo
scuole/en/istituto-lorenzo-de-medici-roma.html,en,Istituto Lorenzo de&#x27; Medici Roma — Italian course in Roma | thuisitaliaans,79,141,1,Istituto Lorenzo de&#x27; Medici Roma,https://thuisitaliaans.com/scuole/en/istituto-lorenzo-de-medici-roma,8,Answer+BreadcrumbList+Country+FAQPage+GeoCoordinates+ImageOb,si,2490,9,126,0,3,title lungo
scuole/en/istituto-lorenzo-de-medici-tuscania.html,en,Istituto Lorenzo de&#x27; Medici Tuscania — Italian course in Tuscania | thuisitaliaans,87,149,1,Istituto Lorenzo de&#x27; Medici Tuscania,https://thuisitaliaans.com/scuole/en/istituto-lorenzo-de-medici-tuscania,8,Answer+BreadcrumbList+Country+FAQPage+GeoCoordinates+ImageOb,si,2239,9,123,0,3,title lungo
scuole/en/istituto-michelangelo.html,en,Istituto Michelangelo — Italian course in Firenze | thuisitaliaans,66,130,1,Istituto Michelangelo,https://thuisitaliaans.com/scuole/en/istituto-michelangelo,8,Answer+BreadcrumbList+Country+FAQPage+GeoCoordinates+ImageOb,si,2497,9,129,0,3,title lungo
scuole/en/istituto-venezia-trieste.html,en,Istituto Venezia Trieste — Italian course in Trieste | thuisitaliaans,69,147,1,Istituto Venezia Trieste,https://thuisitaliaans.com/scuole/en/istituto-venezia-trieste,8,Answer+BreadcrumbList+Country+FAQPage+GeoCoordinates+ImageOb,si,2258,8,121,0,3,title lungo
scuole/en/istituto-venezia.html,en,Istituto Venezia — Italian course in Venezia | thuisitaliaans,61,124,1,Istituto Venezia,https://thuisitaliaans.com/scuole/en/istituto-venezia,8,Answer+BreadcrumbList+Country+FAQPage+GeoCoordinates+ImageOb,si,2368,9,123,0,3,
scuole/en/italiaidea.html,en,Italiaidea — Italian course in Roma | thuisitaliaans,52,114,1,Italiaidea,https://thuisitaliaans.com/scuole/en/italiaidea,8,Answer+BreadcrumbList+Country+FAQPage+GeoCoordinates+ImageOb,si,2490,9,126,0,3,
scuole/en/italianme.html,en,Italianme — Italian course in Firenze | thuisitaliaans,54,118,1,Italianme,https://thuisitaliaans.com/scuole/en/italianme,8,Answer+BreadcrumbList+Country+FAQPage+GeoCoordinates+ImageOb,si,2347,9,129,0,3,
scuole/en/itastra-universita-di-palermo.html,en,Itastra Università di Palermo — Italian course in Palermo | thuisitaliaans,74,138,1,Itastra Università di Palermo,https://thuisitaliaans.com/scuole/en/itastra-universita-di-palermo,8,Answer+BreadcrumbList+Country+FAQPage+GeoCoordinates+ImageOb,si,2224,9,122,0,3,title lungo
scuole/en/kappa-language-school.html,en,Kappa Language School — Italian course in Roma | thuisitaliaans,63,125,1,Kappa Language School,https://thuisitaliaans.com/scuole/en/kappa-language-school,8,Answer+BreadcrumbList+Country+FAQPage+GeoCoordinates+ImageOb,si,2428,9,126,0,3,
scuole/en/l-italiano-con-noi.html,en,L&#x27;Italiano con Noi — Italian course in Verona | thuisitaliaans,67,130,1,L&#x27;Italiano con Noi,https://thuisitaliaans.com/scuole/en/l-italiano-con-noi,8,Answer+BreadcrumbList+Country+FAQPage+GeoCoordinates+ImageOb,si,2256,8,125,0,3,title lungo
scuole/en/l-italiano-porticando.html,en,L&#x27;Italiano Porticando — Italian course in Torino | thuisitaliaans,70,135,1,L&#x27;Italiano Porticando,https://thuisitaliaans.com/scuole/en/l-italiano-porticando,8,Answer+BreadcrumbList+Country+FAQPage+GeoCoordinates+ImageOb,si,2185,8,120,0,3,title lungo
scuole/en/la-lingua-la-vita.html,en,La Lingua La Vita — Italian course in Todi | thuisitaliaans,59,122,1,La Lingua La Vita,https://thuisitaliaans.com/scuole/en/la-lingua-la-vita,8,Answer+BreadcrumbList+Country+FAQPage+GeoCoordinates+ImageOb,si,2163,9,123,0,3,
scuole/en/laboling.html,en,Laboling — Italian course in Milazzo | thuisitaliaans,53,117,1,Laboling,https://thuisitaliaans.com/scuole/en/laboling,8,Answer+BreadcrumbList+Country+FAQPage+GeoCoordinates+ImageOb,si,2198,9,122,0,3,
scuole/en/lingua-it.html,en,Lingua IT — Italian course in Verona | thuisitaliaans,53,116,1,Lingua IT,https://thuisitaliaans.com/scuole/en/lingua-it,8,Answer+BreadcrumbList+Country+FAQPage+GeoCoordinates+ImageOb,si,2259,8,125,0,3,
scuole/en/lingua-si.html,en,Lingua Sì — Italian course in Orvieto | thuisitaliaans,54,117,1,Lingua Sì,https://thuisitaliaans.com/scuole/en/lingua-si,8,Answer+BreadcrumbList+Country+FAQPage+GeoCoordinates+ImageOb,si,2159,9,123,0,3,
scuole/en/linguadue.html,en,Linguadue — Italian course in Milano | thuisitaliaans,53,119,1,Linguadue,https://thuisitaliaans.com/scuole/en/linguadue,8,Answer+BreadcrumbList+Country+FAQPage+GeoCoordinates+ImageOb,si,2299,9,122,0,3,
scuole/en/linguaviva-lignano.html,en,Linguaviva Lignano — Italian course in Lignano Sabbiadoro | thuisitaliaans,74,152,1,Linguaviva Lignano,https://thuisitaliaans.com/scuole/en/linguaviva-lignano,8,Answer+BreadcrumbList+Country+FAQPage+GeoCoordinates+ImageOb,si,2251,9,121,0,3,title lungo
scuole/en/linguaviva.html,en,Linguaviva — Italian course in Firenze | thuisitaliaans,55,119,1,Linguaviva,https://thuisitaliaans.com/scuole/en/linguaviva,8,Answer+BreadcrumbList+Country+FAQPage+GeoCoordinates+ImageOb,si,2452,9,129,0,3,
scuole/en/lucca-italian-school.html,en,Lucca Italian School — Italian course in Lucca | thuisitaliaans,63,127,1,Lucca Italian School,https://thuisitaliaans.com/scuole/en/lucca-italian-school,8,Answer+BreadcrumbList+Country+FAQPage+GeoCoordinates+ImageOb,si,2273,9,124,0,3,
scuole/en/madrelingua.html,en,Madrelingua — Italian course in Bologna | thuisitaliaans,56,127,1,Madrelingua,https://thuisitaliaans.com/scuole/en/madrelingua,8,Answer+BreadcrumbList+Country+FAQPage+GeoCoordinates+ImageOb,si,2245,9,126,0,3,
scuole/en/mappa.html,en,Map of Italian language schools in Italy | thuisitaliaans,57,109,2,"Italian language schools in Italy: find your course, plan the trip .",https://thuisitaliaans.com/scuole/en/mappa,8,WebPage,,32,0,13,2,1,h1 multipli; pagina sottile; link a .html ×2
scuole/en/omnilingua.html,en,Omnilingua — Italian course in Sanremo | thuisitaliaans,55,119,1,Omnilingua,https://thuisitaliaans.com/scuole/en/omnilingua,8,Answer+BreadcrumbList+Country+FAQPage+GeoCoordinates+ImageOb,si,2150,9,119,0,3,
scuole/en/one-world-italiano.html,en,One World Italiano — Italian course in Cagliari | thuisitaliaans,64,129,1,One World Italiano,https://thuisitaliaans.com/scuole/en/one-world-italiano,8,Answer+BreadcrumbList+Country+FAQPage+GeoCoordinates+ImageOb,si,2127,9,119,0,3,
scuole/en/parola-italian-language-school.html,en,Parola Italian Language School — Italian course in Firenze | thuisitaliaans,75,139,1,Parola Italian Language School,https://thuisitaliaans.com/scuole/en/parola-italian-language-school,8,Answer+BreadcrumbList+Country+FAQPage+GeoCoordinates+ImageOb,si,2293,9,129,0,3,title lungo
scuole/en/piccola-universita-italiana-trieste.html,en,Piccola Università Italiana Trieste — Italian course in Trieste | thuisitaliaans,80,158,1,Piccola Università Italiana Trieste,https://thuisitaliaans.com/scuole/en/piccola-universita-italiana-trieste,8,Answer+BreadcrumbList+Country+FAQPage+GeoCoordinates+ImageOb,si,2363,8,121,0,3,title lungo
scuole/en/piccola-universita-italiana-tropea.html,en,Piccola Università Italiana Tropea — Italian course in Tropea | thuisitaliaans,78,143,1,Piccola Università Italiana Tropea,https://thuisitaliaans.com/scuole/en/piccola-universita-italiana-tropea,8,Answer+BreadcrumbList+Country+FAQPage+GeoCoordinates+ImageOb,si,2418,9,122,0,3,title lungo
scuole/en/pintadera-centro-mediterraneo.html,en,Pintadera Centro Mediterraneo — Italian course in Alghero | thuisitaliaans,74,139,1,Pintadera Centro Mediterraneo,https://thuisitaliaans.com/scuole/en/pintadera-centro-mediterraneo,8,Answer+BreadcrumbList+Country+FAQPage+GeoCoordinates+ImageOb,si,2272,9,119,0,3,title lungo
scuole/en/porta-d-oriente.html,en,Porta d&#x27;Oriente — Italian course in Otranto | thuisitaliaans,65,128,1,Porta d&#x27;Oriente,https://thuisitaliaans.com/scuole/en/porta-d-oriente,8,Answer+BreadcrumbList+Country+FAQPage+GeoCoordinates+ImageOb,si,2150,9,119,0,3,
scuole/en/punto-e-virgola.html,en,Punto e Virgola — Italian course in Grottaglie | thuisitaliaans,63,126,1,Punto e Virgola,https://thuisitaliaans.com/scuole/en/punto-e-virgola,8,Answer+BreadcrumbList+Country+FAQPage+GeoCoordinates+ImageOb,si,2098,9,120,0,3,
scuole/en/reggio-lingua.html,en,Reggio Lingua — Italian course in Reggio Emilia | thuisitaliaans,64,135,1,Reggio Lingua,https://thuisitaliaans.com/scuole/en/reggio-lingua,8,Answer+BreadcrumbList+Country+FAQPage+GeoCoordinates+ImageOb,si,2192,9,122,0,3,
scuole/en/regione/alto-adige.html,en,Italian language schools in Alto Adige — 2 selected schools | thuisitaliaans,76,124,1,Italian language schools in Alto Adige,https://thuisitaliaans.com/scuole/en/regione/alto-adige,8,BreadcrumbList+ItemList+ListItem+WebPage,,223,7,17,0,2,title lungo; pagina sottile
scuole/en/regione/calabria.html,en,Italian language schools in Calabria — 3 selected schools | thuisitaliaans,74,122,1,Italian language schools in Calabria,https://thuisitaliaans.com/scuole/en/regione/calabria,8,BreadcrumbList+ItemList+ListItem+WebPage,,241,8,19,0,2,title lungo; pagina sottile
scuole/en/regione/campania.html,en,Italian language schools in Campania — 4 selected schools | thuisitaliaans,74,122,1,Italian language schools in Campania,https://thuisitaliaans.com/scuole/en/regione/campania,8,BreadcrumbList+ItemList+ListItem+WebPage,,246,9,22,0,2,title lungo; pagina sottile
scuole/en/regione/emilia-romagna.html,en,Italian language schools in Emilia-Romagna — 9 selected schools | thuisitaliaans,80,128,1,Italian language schools in Emilia-Romagna,https://thuisitaliaans.com/scuole/en/regione/emilia-romagna,8,BreadcrumbList+ItemList+ListItem+WebPage,,324,9,35,0,2,title lungo
scuole/en/regione/friuli-venezia-giulia.html,en,Italian language schools in Friuli-Venezia Giulia — 3 selected schools | thuisitaliaans,87,135,1,Italian language schools in Friuli-Venezia Giulia,https://thuisitaliaans.com/scuole/en/regione/friuli-venezia-giulia,8,BreadcrumbList+ItemList+ListItem+WebPage,,246,8,19,0,2,title lungo; pagina sottile
scuole/en/regione/lazio.html,en,Italian language schools in Lazio — 12 selected schools | thuisitaliaans,72,120,1,Italian language schools in Lazio,https://thuisitaliaans.com/scuole/en/regione/lazio,8,BreadcrumbList+ItemList+ListItem+WebPage,,341,9,37,0,2,title lungo
scuole/en/regione/liguria.html,en,Italian language schools in Liguria — 4 selected schools | thuisitaliaans,73,121,1,Italian language schools in Liguria,https://thuisitaliaans.com/scuole/en/regione/liguria,8,BreadcrumbList+ItemList+ListItem+WebPage,,255,9,22,0,2,title lungo; pagina sottile
scuole/en/regione/lombardia.html,en,Italian language schools in Lombardia — 4 selected schools | thuisitaliaans,75,123,1,Italian language schools in Lombardia,https://thuisitaliaans.com/scuole/en/regione/lombardia,8,BreadcrumbList+ItemList+ListItem+WebPage,,229,6,20,0,2,title lungo; pagina sottile
scuole/en/regione/marche.html,en,Italian language schools in Marche — 2 selected schools | thuisitaliaans,72,120,1,Italian language schools in Marche,https://thuisitaliaans.com/scuole/en/regione/marche,8,BreadcrumbList+ItemList+ListItem+WebPage,,229,9,17,0,2,title lungo; pagina sottile
scuole/en/regione/piemonte.html,en,Italian language schools in Piemonte — 2 selected schools | thuisitaliaans,74,122,1,Italian language schools in Piemonte,https://thuisitaliaans.com/scuole/en/regione/piemonte,8,BreadcrumbList+ItemList+ListItem+WebPage,,205,5,16,0,2,title lungo; pagina sottile
scuole/en/regione/puglia.html,en,Italian language schools in Puglia — 3 selected schools | thuisitaliaans,72,120,1,Italian language schools in Puglia,https://thuisitaliaans.com/scuole/en/regione/puglia,8,BreadcrumbList+ItemList+ListItem+WebPage,,236,9,20,0,2,title lungo; pagina sottile
scuole/en/regione/sardegna.html,en,Italian language schools in Sardegna — 4 selected schools | thuisitaliaans,74,122,1,Italian language schools in Sardegna,https://thuisitaliaans.com/scuole/en/regione/sardegna,8,BreadcrumbList+ItemList+ListItem+WebPage,,250,9,23,0,2,title lungo; pagina sottile
scuole/en/regione/sicilia.html,en,Italian language schools in Sicilia — 6 selected schools | thuisitaliaans,73,121,1,Italian language schools in Sicilia,https://thuisitaliaans.com/scuole/en/regione/sicilia,8,BreadcrumbList+ItemList+ListItem+WebPage,,281,9,29,0,2,title lungo; pagina sottile
scuole/en/regione/toscana.html,en,Italian language schools in Toscana — 36 selected schools | thuisitaliaans,74,122,1,Italian language schools in Toscana,https://thuisitaliaans.com/scuole/en/regione/toscana,8,BreadcrumbList+ItemList+ListItem+WebPage,,618,9,93,0,2,title lungo
scuole/en/regione/trentino.html,en,Italian language schools in Trentino — 2 selected schools | thuisitaliaans,74,122,1,Italian language schools in Trentino,https://thuisitaliaans.com/scuole/en/regione/trentino,8,BreadcrumbList+ItemList+ListItem+WebPage,,245,9,17,0,2,title lungo; pagina sottile
scuole/en/regione/umbria.html,en,Italian language schools in Umbria — 5 selected schools | thuisitaliaans,72,120,1,Italian language schools in Umbria,https://thuisitaliaans.com/scuole/en/regione/umbria,8,BreadcrumbList+ItemList+ListItem+WebPage,,265,9,25,0,2,title lungo; pagina sottile
scuole/en/regione/veneto.html,en,Italian language schools in Veneto — 7 selected schools | thuisitaliaans,72,120,1,Italian language schools in Veneto,https://thuisitaliaans.com/scuole/en/regione/veneto,8,BreadcrumbList+ItemList+ListItem+WebPage,,283,9,28,0,2,title lungo; pagina sottile
scuole/en/romanica.html,en,Romanica — Italian course in Modena | thuisitaliaans,52,123,1,Romanica,https://thuisitaliaans.com/scuole/en/romanica,8,Answer+BreadcrumbList+Country+FAQPage+GeoCoordinates+ImageOb,si,2166,9,122,0,3,
scuole/en/saena-iulii.html,en,Saena Iulia — Italian course in Siena | thuisitaliaans,54,118,1,Saena Iulia,https://thuisitaliaans.com/scuole/en/saena-iulii,8,Answer+BreadcrumbList+Country+FAQPage+GeoCoordinates+ImageOb,si,2309,9,125,0,3,
scuole/en/sant-anna-institute.html,en,Sant&#x27;Anna Institute — Italian course in Sorrento | thuisitaliaans,70,135,1,Sant&#x27;Anna Institute,https://thuisitaliaans.com/scuole/en/sant-anna-institute,8,Answer+BreadcrumbList+Country+FAQPage+GeoCoordinates+ImageOb,si,2188,9,121,0,3,title lungo
scuole/en/scudit-scuola-d-italiano.html,en,Scudit Scuola d&#x27;Italiano — Italian course in Roma | thuisitaliaans,71,133,1,Scudit Scuola d&#x27;Italiano,https://thuisitaliaans.com/scuole/en/scudit-scuola-d-italiano,8,Answer+BreadcrumbList+Country+FAQPage+GeoCoordinates+ImageOb,si,2451,9,126,0,3,title lungo
scuole/en/scuola-d-italiano-dante-alighieri-roma.html,en,Scuola d&#x27;Italiano Dante Alighieri Roma — Italian course in Roma | thuisitaliaans,85,147,1,Scuola d&#x27;Italiano Dante Alighieri Roma,https://thuisitaliaans.com/scuole/en/scuola-d-italiano-dante-alighieri-roma,8,Answer+BreadcrumbList+Country+FAQPage+GeoCoordinates+ImageOb,si,2507,9,126,0,3,title lungo
scuole/en/scuola-dante-alighieri-campus-l-infinito.html,en,Scuola Dante Alighieri Campus L&#x27;Infinito — Italian course in Recanati | thuisitaliaans,91,154,1,Scuola Dante Alighieri Campus L&#x27;Infinito,https://thuisitaliaans.com/scuole/en/scuola-dante-alighieri-campus-l-infinito,8,Answer+BreadcrumbList+Country+FAQPage+GeoCoordinates+ImageOb,si,2194,9,121,0,3,title lungo
scuole/en/scuola-leonardo-da-vinci-firenze.html,en,Scuola Leonardo da Vinci Firenze — Italian course in Firenze | thuisitaliaans,77,141,1,Scuola Leonardo da Vinci Firenze,https://thuisitaliaans.com/scuole/en/scuola-leonardo-da-vinci-firenze,8,Answer+BreadcrumbList+Country+Course+CourseInstance+Educatio,si,2387,9,129,0,3,title lungo
scuole/en/scuola-leonardo-da-vinci-milano.html,en,Scuola Leonardo da Vinci Milano — Italian course in Milano | thuisitaliaans,75,141,1,Scuola Leonardo da Vinci Milano,https://thuisitaliaans.com/scuole/en/scuola-leonardo-da-vinci-milano,8,Answer+BreadcrumbList+Country+FAQPage+GeoCoordinates+ImageOb,si,2370,9,122,0,3,title lungo
scuole/en/scuola-leonardo-da-vinci-roma.html,en,Scuola Leonardo da Vinci Roma — Italian course in Roma | thuisitaliaans,71,133,1,Scuola Leonardo da Vinci Roma,https://thuisitaliaans.com/scuole/en/scuola-leonardo-da-vinci-roma,8,Answer+BreadcrumbList+Country+Course+CourseInstance+Educatio,si,2392,9,126,0,3,title lungo
scuole/en/scuola-leonardo-da-vinci-viareggio.html,en,Scuola Leonardo da Vinci Viareggio — Italian course in Viareggio | thuisitaliaans,81,145,1,Scuola Leonardo da Vinci Viareggio,https://thuisitaliaans.com/scuole/en/scuola-leonardo-da-vinci-viareggio,8,Answer+BreadcrumbList+Country+FAQPage+GeoCoordinates+ImageOb,si,2285,9,124,0,3,title lungo
scuole/en/scuola-palazzo-malvisi-bagno-di-romagna.html,en,Scuola Palazzo Malvisi Bagno di Romagna — Italian course in Bagno di Romagna | thuisitaliaans,93,164,1,Scuola Palazzo Malvisi Bagno di Romagna,https://thuisitaliaans.com/scuole/en/scuola-palazzo-malvisi-bagno-di-romagna,8,Answer+BreadcrumbList+Country+FAQPage+GeoCoordinates+ImageOb,si,2285,9,123,0,3,title lungo
scuole/en/scuola-palazzo-malvisi-ravenna.html,en,Scuola Palazzo Malvisi Ravenna — Italian course in Ravenna | thuisitaliaans,75,146,1,Scuola Palazzo Malvisi Ravenna,https://thuisitaliaans.com/scuole/en/scuola-palazzo-malvisi-ravenna,8,Answer+BreadcrumbList+Country+FAQPage+GeoCoordinates+ImageOb,si,2300,8,123,0,3,title lungo
scuole/en/scuola-toscana.html,en,Scuola Toscana — Italian course in Firenze | thuisitaliaans,59,123,1,Scuola Toscana,https://thuisitaliaans.com/scuole/en/scuola-toscana,8,Answer+BreadcrumbList+Country+FAQPage+GeoCoordinates+ImageOb,si,2404,9,129,0,3,
scuole/en/scuola-tricolore.html,en,Scuola Tricolore — Italian course in Genova | thuisitaliaans,60,124,1,Scuola Tricolore,https://thuisitaliaans.com/scuole/en/scuola-tricolore,8,Answer+BreadcrumbList+Country+FAQPage+GeoCoordinates+ImageOb,si,2278,8,121,0,3,
scuole/en/scuola-virgilio.html,en,Scuola Virgilio — Italian course in Trapani | thuisitaliaans,60,124,1,Scuola Virgilio,https://thuisitaliaans.com/scuole/en/scuola-virgilio,8,Answer+BreadcrumbList+Country+FAQPage+GeoCoordinates+ImageOb,si,2249,9,121,0,3,
scuole/en/societa-dante-alighieri-siena.html,en,Società Dante Alighieri Siena — Italian course in Siena | thuisitaliaans,72,136,1,Società Dante Alighieri Siena,https://thuisitaliaans.com/scuole/en/societa-dante-alighieri-siena,8,Answer+BreadcrumbList+Country+FAQPage+GeoCoordinates+ImageOb,si,2436,9,125,0,3,title lungo
scuole/en/solemar-academy.html,en,Solemar Academy — Italian course in Cefalù | thuisitaliaans,59,123,1,Solemar Academy,https://thuisitaliaans.com/scuole/en/solemar-academy,8,Answer+BreadcrumbList+Country+FAQPage+GeoCoordinates+ImageOb,si,2233,9,121,0,3,
scuole/en/solemar-sicilia.html,en,Solemar Sicilia — Italian course in Palermo (Mondello) | thuisitaliaans,71,135,1,Solemar Sicilia,https://thuisitaliaans.com/scuole/en/solemar-sicilia,8,Answer+BreadcrumbList+Country+FAQPage+GeoCoordinates+ImageOb,si,2247,9,122,0,3,title lungo
scuole/en/sprachcaffe-firenze.html,en,Sprachcaffe Firenze — Italian course in Firenze | thuisitaliaans,64,128,1,Sprachcaffe Firenze,https://thuisitaliaans.com/scuole/en/sprachcaffe-firenze,8,Answer+BreadcrumbList+Country+Course+CourseInstance+Educatio,si,2328,9,129,0,3,
scuole/en/studioitalia.html,en,Studioitalia — Italian course in Roma | thuisitaliaans,54,116,1,Studioitalia,https://thuisitaliaans.com/scuole/en/studioitalia,8,Answer+BreadcrumbList+Country+Course+CourseInstance+Educatio,si,2332,9,126,0,3,
scuole/en/studitalia.html,en,Studitalia — Italian course in Olbia | thuisitaliaans,53,118,1,Studitalia,https://thuisitaliaans.com/scuole/en/studitalia,8,Answer+BreadcrumbList+Country+FAQPage+GeoCoordinates+ImageOb,si,2243,9,120,0,3,
scuole/en/terramare.html,en,Terramare — Italian course in Orbetello | thuisitaliaans,56,120,1,Terramare,https://thuisitaliaans.com/scuole/en/terramare,8,Answer+BreadcrumbList+Country+FAQPage+GeoCoordinates+ImageOb,si,2268,9,123,0,3,
scuole/en/tiberius-international.html,en,Tiberius International — Italian course in Rimini | thuisitaliaans,66,137,1,Tiberius International,https://thuisitaliaans.com/scuole/en/tiberius-international,8,Answer+BreadcrumbList+Country+FAQPage+GeoCoordinates+ImageOb,si,2278,8,123,0,3,title lungo
scuole/en/torre-di-babele.html,en,Torre di Babele — Italian course in Roma | thuisitaliaans,57,119,1,Torre di Babele,https://thuisitaliaans.com/scuole/en/torre-di-babele,8,Answer+BreadcrumbList+Country+FAQPage+GeoCoordinates+ImageOb,si,2489,9,126,0,3,
scuole/en/trulli-italian-school.html,en,Trulli Italian School — Italian course in Alberobello | thuisitaliaans,70,133,1,Trulli Italian School,https://thuisitaliaans.com/scuole/en/trulli-italian-school,8,Answer+BreadcrumbList+Country+FAQPage+GeoCoordinates+ImageOb,si,2276,9,120,0,3,title lungo
scuole/en/universita-per-stranieri-dante-alighieri.html,en,Università per Stranieri Dante Alighieri — Italian course in Reggio Calabria | thuisitaliaans,93,158,1,Università per Stranieri Dante Alighieri,https://thuisitaliaans.com/scuole/en/universita-per-stranieri-dante-alighieri,8,Answer+BreadcrumbList+Country+FAQPage+GeoCoordinates+ImageOb,si,2175,8,122,0,3,title lungo
scuole/en/universita-per-stranieri-di-perugia.html,en,Università per Stranieri di Perugia — Italian course in Perugia | thuisitaliaans,80,143,1,Università per Stranieri di Perugia,https://thuisitaliaans.com/scuole/en/universita-per-stranieri-di-perugia,8,Answer+BreadcrumbList+Country+FAQPage+GeoCoordinates+ImageOb,si,2354,9,124,0,3,title lungo
scuole/en/universita-per-stranieri-di-siena.html,en,Università per Stranieri di Siena — Italian course in Siena | thuisitaliaans,76,140,1,Università per Stranieri di Siena,https://thuisitaliaans.com/scuole/en/universita-per-stranieri-di-siena,8,Answer+BreadcrumbList+Country+FAQPage+GeoCoordinates+ImageOb,si,2362,9,125,0,3,title lungo
scuole/es/a-door-to-italy.html,es,A Door to Italy — curso de italiano en Genova | thuisitaliaans,62,142,1,A Door to Italy,https://thuisitaliaans.com/scuole/es/a-door-to-italy,8,Answer+BreadcrumbList+Country+FAQPage+GeoCoordinates+ImageOb,si,2379,8,121,0,3,
scuole/es/abc-firenze.html,es,ABC Firenze — curso de italiano en Firenze | thuisitaliaans,59,139,1,ABC Firenze,https://thuisitaliaans.com/scuole/es/abc-firenze,8,Answer+BreadcrumbList+Country+FAQPage+GeoCoordinates+ImageOb,si,2525,9,129,0,3,
scuole/es/abc-school-sestri-levante.html,es,ABC School Sestri Levante — curso de italiano en Sestri Levante | thuisitaliaans,80,160,1,ABC School Sestri Levante,https://thuisitaliaans.com/scuole/es/abc-school-sestri-levante,8,Answer+BreadcrumbList+Country+FAQPage+GeoCoordinates+ImageOb,si,2301,9,121,0,3,title lungo
scuole/es/accademia-del-giglio.html,es,Accademia del Giglio — curso de italiano en Firenze | thuisitaliaans,68,148,1,Accademia del Giglio,https://thuisitaliaans.com/scuole/es/accademia-del-giglio,8,Answer+BreadcrumbList+Country+FAQPage+GeoCoordinates+ImageOb,si,2560,9,129,0,3,title lungo
scuole/es/accademia-europea-di-firenze.html,es,Accademia Europea di Firenze — curso de italiano en Firenze | thuisitaliaans,76,156,1,Accademia Europea di Firenze,https://thuisitaliaans.com/scuole/es/accademia-europea-di-firenze,8,Answer+BreadcrumbList+Country+FAQPage+GeoCoordinates+ImageOb,si,2458,9,129,0,3,title lungo
scuole/es/accademia-italiana-salerno.html,es,Accademia Italiana Salerno — curso de italiano en Salerno | thuisitaliaans,74,155,1,Accademia Italiana Salerno,https://thuisitaliaans.com/scuole/es/accademia-italiana-salerno,8,Answer+BreadcrumbList+Country+FAQPage+GeoCoordinates+ImageOb,si,2270,8,122,0,3,title lungo
scuole/es/accademia-leonardo.html,es,Accademia Leonardo — curso de italiano en Salerno | thuisitaliaans,66,147,1,Accademia Leonardo,https://thuisitaliaans.com/scuole/es/accademia-leonardo,8,Answer+BreadcrumbList+Country+FAQPage+GeoCoordinates+ImageOb,si,2267,8,122,0,3,title lungo
scuole/es/accademia-lingua-italiana-assisi.html,es,Accademia Lingua Italiana Assisi — curso de italiano en Assisi | thuisitaliaans,79,158,1,Accademia Lingua Italiana Assisi,https://thuisitaliaans.com/scuole/es/accademia-lingua-italiana-assisi,8,Answer+BreadcrumbList+Country+FAQPage+GeoCoordinates+ImageOb,si,2263,9,123,0,3,title lungo
scuole/es/accademia-riaci.html,es,Accademia Riaci — curso de italiano en Firenze | thuisitaliaans,63,143,1,Accademia Riaci,https://thuisitaliaans.com/scuole/es/accademia-riaci,8,Answer+BreadcrumbList+Country+FAQPage+GeoCoordinates+ImageOb,si,2518,9,129,0,3,
scuole/es/alce-accademia-lingue-e-culture-europee.html,es,ALCE Accademia Lingue e Culture Europee — curso de italiano en Bologna | thuisitaliaans,87,174,1,ALCE Accademia Lingue e Culture Europee,https://thuisitaliaans.com/scuole/es/alce-accademia-lingue-e-culture-europee,8,Answer+BreadcrumbList+Country+FAQPage+GeoCoordinates+ImageOb,si,2345,9,126,0,3,title lungo; description lunga
scuole/es/alpha-beta-piccadilly-bolzano.html,es,Alpha Beta Piccadilly Bolzano — curso de italiano en Bolzano | thuisitaliaans,77,160,1,Alpha Beta Piccadilly Bolzano,https://thuisitaliaans.com/scuole/es/alpha-beta-piccadilly-bolzano,8,Answer+BreadcrumbList+Country+FAQPage+GeoCoordinates+ImageOb,si,2379,8,122,0,3,title lungo
scuole/es/alpha-beta-piccadilly-merano.html,es,Alpha Beta Piccadilly Merano — curso de italiano en Merano | thuisitaliaans,75,158,1,Alpha Beta Piccadilly Merano,https://thuisitaliaans.com/scuole/es/alpha-beta-piccadilly-merano,8,Answer+BreadcrumbList+Country+FAQPage+GeoCoordinates+ImageOb,si,2381,8,122,0,3,title lungo
scuole/es/arca.html,es,Arca — curso de italiano en Bologna | thuisitaliaans,52,139,1,Arca,https://thuisitaliaans.com/scuole/es/arca,8,Answer+BreadcrumbList+Country+FAQPage+GeoCoordinates+ImageOb,si,2352,9,126,0,3,
scuole/es/babilonia-centro-di-lingua-e-cultura-italiana.html,es,Babilonia Centro di Lingua e Cultura Italiana — curso de italiano en Taormina | thuisitaliaans,94,174,1,Babilonia Centro di Lingua e Cultura Italiana,https://thuisitaliaans.com/scuole/es/babilonia-centro-di-lingua-e-cultura-italiana,8,Answer+BreadcrumbList+Country+FAQPage+GeoCoordinates+ImageOb,si,2379,9,121,0,3,title lungo; description lunga
scuole/es/bertrand-russell.html,es,Bertrand Russell — curso de italiano en Padova | thuisitaliaans,63,142,1,Bertrand Russell,https://thuisitaliaans.com/scuole/es/bertrand-russell,8,Answer+BreadcrumbList+Country+FAQPage+GeoCoordinates+ImageOb,si,2266,9,122,0,3,
scuole/es/ca-foscari-school-for-international-education.html,es,Ca' Foscari School for International Education — curso de italiano en Venezia | thuisitaliaans,94,178,1,Ca' Foscari School for International Education,https://thuisitaliaans.com/scuole/es/ca-foscari-school-for-international-education,8,Answer+BreadcrumbList+Country+FAQPage+GeoCoordinates+ImageOb,si,2517,9,123,0,3,title lungo; description lunga
scuole/es/caffe-italiano-club.html,es,Caffè Italiano Club — curso de italiano en Tropea | thuisitaliaans,66,147,1,Caffè Italiano Club,https://thuisitaliaans.com/scuole/es/caffe-italiano-club,8,Answer+BreadcrumbList+Country+FAQPage+GeoCoordinates+ImageOb,si,2359,9,122,0,3,title lungo
scuole/es/centro-culturale-giacomo-puccini.html,es,Centro Culturale Giacomo Puccini — curso de italiano en Viareggio | thuisitaliaans,82,162,1,Centro Culturale Giacomo Puccini,https://thuisitaliaans.com/scuole/es/centro-culturale-giacomo-puccini,8,Answer+BreadcrumbList+Country+FAQPage+GeoCoordinates+ImageOb,si,2339,9,124,0,3,title lungo
scuole/es/centro-fiorenza-isola-d-elba.html,es,Centro Fiorenza Isola d'Elba — curso de italiano en Isola d'Elba | thuisitaliaans,81,171,1,Centro Fiorenza Isola d'Elba,https://thuisitaliaans.com/scuole/es/centro-fiorenza-isola-d-elba,8,Answer+BreadcrumbList+Country+FAQPage+GeoCoordinates+ImageOb,si,2278,9,119,0,3,title lungo; description lunga
scuole/es/centro-fiorenza.html,es,Centro Fiorenza — curso de italiano en Firenze | thuisitaliaans,63,143,1,Centro Fiorenza,https://thuisitaliaans.com/scuole/es/centro-fiorenza,8,Answer+BreadcrumbList+Country+Course+CourseInstance+Educatio,si,2514,9,129,0,3,
scuole/es/centro-italiano-firenze.html,es,Centro Italiano Firenze — curso de italiano en Firenze | thuisitaliaans,71,151,1,Centro Italiano Firenze,https://thuisitaliaans.com/scuole/es/centro-italiano-firenze,8,Answer+BreadcrumbList+Country+FAQPage+GeoCoordinates+ImageOb,si,2560,9,129,0,3,title lungo
scuole/es/centro-italiano.html,es,Centro Italiano — curso de italiano en Napoli | thuisitaliaans,62,143,1,Centro Italiano,https://thuisitaliaans.com/scuole/es/centro-italiano,8,Answer+BreadcrumbList+Country+FAQPage+GeoCoordinates+ImageOb,si,2330,9,121,0,3,
scuole/es/centro-koine-firenze.html,es,Centro Koinè Firenze — curso de italiano en Firenze | thuisitaliaans,68,148,1,Centro Koinè Firenze,https://thuisitaliaans.com/scuole/es/centro-koine-firenze,8,Answer+BreadcrumbList+Country+FAQPage+GeoCoordinates+ImageOb,si,2515,9,129,0,3,title lungo
scuole/es/centro-koine-lucca.html,es,Centro Koinè Lucca — curso de italiano en Lucca | thuisitaliaans,64,144,1,Centro Koinè Lucca,https://thuisitaliaans.com/scuole/es/centro-koine-lucca,8,Answer+BreadcrumbList+Country+FAQPage+GeoCoordinates+ImageOb,si,2349,9,124,0,3,
scuole/es/centro-lingua-italiana-calvino.html,es,Centro Lingua Italiana Calvino — curso de italiano en Firenze | thuisitaliaans,78,158,1,Centro Lingua Italiana Calvino,https://thuisitaliaans.com/scuole/es/centro-lingua-italiana-calvino,8,Answer+BreadcrumbList+Country+FAQPage+GeoCoordinates+ImageOb,si,2542,9,129,0,3,title lungo
scuole/es/centro-machiavelli.html,es,Centro Machiavelli — curso de italiano en Firenze | thuisitaliaans,66,146,1,Centro Machiavelli,https://thuisitaliaans.com/scuole/es/centro-machiavelli,8,Answer+BreadcrumbList+Country+FAQPage+GeoCoordinates+ImageOb,si,2545,9,129,0,3,title lungo
scuole/es/centro-studi-italiani.html,es,Centro Studi Italiani — curso de italiano en Urbania | thuisitaliaans,69,148,1,Centro Studi Italiani,https://thuisitaliaans.com/scuole/es/centro-studi-italiani,8,Answer+BreadcrumbList+Country+FAQPage+GeoCoordinates+ImageOb,si,2277,9,123,0,3,title lungo
scuole/es/ciao-italia.html,es,Ciao Italia — curso de italiano en Roma | thuisitaliaans,56,134,1,Ciao Italia,https://thuisitaliaans.com/scuole/es/ciao-italia,8,Answer+BreadcrumbList+Country+FAQPage+GeoCoordinates+ImageOb,si,2419,9,126,0,3,
scuole/es/ciaoitaly-scuola-leonardo-da-vinci-torino.html,es,CiaoItaly Scuola Leonardo da Vinci Torino — curso de italiano en Torino | thuisitaliaans,88,169,1,CiaoItaly Scuola Leonardo da Vinci Torino,https://thuisitaliaans.com/scuole/es/ciaoitaly-scuola-leonardo-da-vinci-torino,8,Answer+BreadcrumbList+Country+FAQPage+GeoCoordinates+ImageOb,si,2309,8,120,0,3,title lungo; description lunga
scuole/es/citta/alberobello.html,es,Escuelas de italiano en Alberobello — 1 escuela | thuisitaliaans,64,142,1,Escuelas de italiano en Alberobello,https://thuisitaliaans.com/scuole/es/citta/alberobello,8,Answer+FAQPage+ImageObject+ItemList+LanguageSchool+ListItem+,si,701,3,17,0,3,
scuole/es/citta/alghero.html,es,Escuelas de italiano en Alghero — 1 escuela | thuisitaliaans,60,138,1,Escuelas de italiano en Alghero,https://thuisitaliaans.com/scuole/es/citta/alghero,8,Answer+FAQPage+ImageObject+ItemList+LanguageSchool+ListItem+,si,646,3,17,0,3,
scuole/es/citta/arezzo.html,es,Escuelas de italiano en Arezzo — 1 escuela | thuisitaliaans,59,137,1,Escuelas de italiano en Arezzo,https://thuisitaliaans.com/scuole/es/citta/arezzo,8,Answer+FAQPage+ImageObject+ItemList+LanguageSchool+ListItem+,si,639,3,27,0,3,
scuole/es/citta/assisi.html,es,Escuelas de italiano en Assisi — 1 escuela | thuisitaliaans,59,137,1,Escuelas de italiano en Assisi,https://thuisitaliaans.com/scuole/es/citta/assisi,8,Answer+FAQPage+ImageObject+ItemList+LanguageSchool+ListItem+,si,660,3,21,0,3,
scuole/es/citta/bagno-di-romagna.html,es,Escuelas de italiano en Bagno di Romagna — 1 escuela | thuisitaliaans,69,147,1,Escuelas de italiano en Bagno di Romagna,https://thuisitaliaans.com/scuole/es/citta/bagno-di-romagna,8,Answer+FAQPage+ImageObject+ItemList+LanguageSchool+ListItem+,si,683,3,23,0,3,title lungo
scuole/es/citta/bologna.html,es,Escuelas de italiano en Bologna — 4 escuelas | thuisitaliaans,61,158,1,Escuelas de italiano en Bologna,https://thuisitaliaans.com/scuole/es/citta/bologna,8,Answer+FAQPage+ImageObject+ItemList+LanguageSchool+ListItem+,si,798,3,29,0,3,
scuole/es/citta/bolzano.html,es,Escuelas de italiano en Bolzano — 1 escuela | thuisitaliaans,60,138,1,Escuelas de italiano en Bolzano,https://thuisitaliaans.com/scuole/es/citta/bolzano,8,Answer+FAQPage+ImageObject+ItemList+LanguageSchool+ListItem+,si,688,2,18,0,3,
scuole/es/citta/cagliari.html,es,Escuelas de italiano en Cagliari — 1 escuela | thuisitaliaans,61,139,1,Escuelas de italiano en Cagliari,https://thuisitaliaans.com/scuole/es/citta/cagliari,8,Answer+FAQPage+ImageObject+ItemList+LanguageSchool+ListItem+,si,622,3,17,0,3,
scuole/es/citta/cefalu.html,es,Escuelas de italiano en Cefalù — 1 escuela | thuisitaliaans,59,137,1,Escuelas de italiano en Cefalù,https://thuisitaliaans.com/scuole/es/citta/cefalu,8,Answer+FAQPage+ImageObject+ItemList+LanguageSchool+ListItem+,si,609,3,21,0,3,
scuole/es/citta/firenze.html,es,Escuelas de italiano en Firenze — 24 escuelas | thuisitaliaans,62,159,1,Escuelas de italiano en Firenze,https://thuisitaliaans.com/scuole/es/citta/firenze,8,Answer+FAQPage+ImageObject+ItemList+LanguageSchool+ListItem+,si,1408,3,71,0,3,
scuole/es/citta/genova.html,es,Escuelas de italiano en Genova — 2 escuelas | thuisitaliaans,60,157,1,Escuelas de italiano en Genova,https://thuisitaliaans.com/scuole/es/citta/genova,8,Answer+FAQPage+ImageObject+ItemList+LanguageSchool+ListItem+,si,703,2,19,0,3,
scuole/es/citta/grottaglie.html,es,Escuelas de italiano en Grottaglie — 1 escuela | thuisitaliaans,63,141,1,Escuelas de italiano en Grottaglie,https://thuisitaliaans.com/scuole/es/citta/grottaglie,8,Answer+FAQPage+ImageObject+ItemList+LanguageSchool+ListItem+,si,683,3,17,0,3,
scuole/es/citta/isola-d-elba.html,es,Escuelas de italiano en Isola d'Elba — 1 escuela | thuisitaliaans,65,148,1,Escuelas de italiano en Isola d'Elba,https://thuisitaliaans.com/scuole/es/citta/isola-d-elba,8,Answer+FAQPage+ImageObject+ItemList+LanguageSchool+ListItem+,si,605,3,22,0,3,
scuole/es/citta/la-maddalena.html,es,Escuelas de italiano en La Maddalena — 1 escuela | thuisitaliaans,65,143,1,Escuelas de italiano en La Maddalena,https://thuisitaliaans.com/scuole/es/citta/la-maddalena,8,Answer+FAQPage+ImageObject+ItemList+LanguageSchool+ListItem+,si,698,3,18,0,3,
scuole/es/citta/lignano-sabbiadoro.html,es,Escuelas de italiano en Lignano Sabbiadoro — 1 escuela | thuisitaliaans,71,149,1,Escuelas de italiano en Lignano Sabbiadoro,https://thuisitaliaans.com/scuole/es/citta/lignano-sabbiadoro,8,Answer+FAQPage+ImageObject+ItemList+LanguageSchool+ListItem+,si,643,3,17,0,3,title lungo
scuole/es/citta/lucca.html,es,Escuelas de italiano en Lucca — 2 escuelas | thuisitaliaans,59,156,1,Escuelas de italiano en Lucca,https://thuisitaliaans.com/scuole/es/citta/lucca,8,Answer+FAQPage+ImageObject+ItemList+LanguageSchool+ListItem+,si,775,3,29,0,3,
scuole/es/citta/merano.html,es,Escuelas de italiano en Merano — 1 escuela | thuisitaliaans,59,137,1,Escuelas de italiano en Merano,https://thuisitaliaans.com/scuole/es/citta/merano,8,Answer+FAQPage+ImageObject+ItemList+LanguageSchool+ListItem+,si,699,2,18,0,3,
scuole/es/citta/milano.html,es,Escuelas de italiano en Milano — 4 escuelas | thuisitaliaans,60,157,1,Escuelas de italiano en Milano,https://thuisitaliaans.com/scuole/es/citta/milano,8,Answer+FAQPage+ImageObject+ItemList+LanguageSchool+ListItem+,si,818,3,20,0,3,
scuole/es/citta/milazzo.html,es,Escuelas de italiano en Milazzo — 1 escuela | thuisitaliaans,60,138,1,Escuelas de italiano en Milazzo,https://thuisitaliaans.com/scuole/es/citta/milazzo,8,Answer+FAQPage+ImageObject+ItemList+LanguageSchool+ListItem+,si,647,3,22,0,3,
scuole/es/citta/modena.html,es,Escuelas de italiano en Modena — 1 escuela | thuisitaliaans,59,137,1,Escuelas de italiano en Modena,https://thuisitaliaans.com/scuole/es/citta/modena,8,Answer+FAQPage+ImageObject+ItemList+LanguageSchool+ListItem+,si,642,3,22,0,3,
scuole/es/citta/montepulciano.html,es,Escuelas de italiano en Montepulciano — 1 escuela | thuisitaliaans,66,144,1,Escuelas de italiano en Montepulciano,https://thuisitaliaans.com/scuole/es/citta/montepulciano,8,Answer+FAQPage+ImageObject+ItemList+LanguageSchool+ListItem+,si,673,3,27,0,3,title lungo
scuole/es/citta/napoli.html,es,Escuelas de italiano en Napoli — 1 escuela | thuisitaliaans,59,137,1,Escuelas de italiano en Napoli,https://thuisitaliaans.com/scuole/es/citta/napoli,8,Answer+FAQPage+ImageObject+ItemList+LanguageSchool+ListItem+,si,692,3,18,0,3,
scuole/es/citta/olbia.html,es,Escuelas de italiano en Olbia — 1 escuela | thuisitaliaans,58,136,1,Escuelas de italiano en Olbia,https://thuisitaliaans.com/scuole/es/citta/olbia,8,Answer+FAQPage+ImageObject+ItemList+LanguageSchool+ListItem+,si,696,3,18,0,3,
scuole/es/citta/orbetello.html,es,Escuelas de italiano en Orbetello — 1 escuela | thuisitaliaans,62,140,1,Escuelas de italiano en Orbetello,https://thuisitaliaans.com/scuole/es/citta/orbetello,8,Answer+FAQPage+ImageObject+ItemList+LanguageSchool+ListItem+,si,667,3,27,0,3,
scuole/es/citta/orvieto.html,es,Escuelas de italiano en Orvieto — 1 escuela | thuisitaliaans,60,138,1,Escuelas de italiano en Orvieto,https://thuisitaliaans.com/scuole/es/citta/orvieto,8,Answer+FAQPage+ImageObject+ItemList+LanguageSchool+ListItem+,si,648,3,21,0,3,
scuole/es/citta/otranto.html,es,Escuelas de italiano en Otranto — 1 escuela | thuisitaliaans,60,138,1,Escuelas de italiano en Otranto,https://thuisitaliaans.com/scuole/es/citta/otranto,8,Answer+FAQPage+ImageObject+ItemList+LanguageSchool+ListItem+,si,596,3,16,0,3,
scuole/es/citta/padova.html,es,Escuelas de italiano en Padova — 1 escuela | thuisitaliaans,59,137,1,Escuelas de italiano en Padova,https://thuisitaliaans.com/scuole/es/citta/padova,8,Answer+FAQPage+ImageObject+ItemList+LanguageSchool+ListItem+,si,650,3,19,0,3,
scuole/es/citta/palermo-mondello.html,es,Escuelas de italiano en Palermo (Mondello) — 1 escuela | thuisitaliaans,71,149,1,Escuelas de italiano en Palermo (Mondello),https://thuisitaliaans.com/scuole/es/citta/palermo-mondello,8,Answer+FAQPage+ImageObject+ItemList+LanguageSchool+ListItem+,si,685,3,22,0,3,title lungo
scuole/es/citta/palermo.html,es,Escuelas de italiano en Palermo — 1 escuela | thuisitaliaans,60,138,1,Escuelas de italiano en Palermo,https://thuisitaliaans.com/scuole/es/citta/palermo,8,Answer+FAQPage+ImageObject+ItemList+LanguageSchool+ListItem+,si,670,3,22,0,3,
scuole/es/citta/perugia.html,es,Escuelas de italiano en Perugia — 2 escuelas | thuisitaliaans,61,158,1,Escuelas de italiano en Perugia,https://thuisitaliaans.com/scuole/es/citta/perugia,8,Answer+FAQPage+ImageObject+ItemList+LanguageSchool+ListItem+,si,760,3,23,0,3,
scuole/es/citta/pisa.html,es,Escuelas de italiano en Pisa — 1 escuela | thuisitaliaans,57,135,1,Escuelas de italiano en Pisa,https://thuisitaliaans.com/scuole/es/citta/pisa,8,Answer+FAQPage+ImageObject+ItemList+LanguageSchool+ListItem+,si,717,3,27,0,3,
scuole/es/citta/ravenna.html,es,Escuelas de italiano en Ravenna — 1 escuela | thuisitaliaans,60,138,1,Escuelas de italiano en Ravenna,https://thuisitaliaans.com/scuole/es/citta/ravenna,8,Answer+FAQPage+ImageObject+ItemList+LanguageSchool+ListItem+,si,694,2,23,0,3,
scuole/es/citta/recanati.html,es,Escuelas de italiano en Recanati — 1 escuela | thuisitaliaans,61,139,1,Escuelas de italiano en Recanati,https://thuisitaliaans.com/scuole/es/citta/recanati,8,Answer+FAQPage+ImageObject+ItemList+LanguageSchool+ListItem+,si,655,3,17,0,3,
scuole/es/citta/reggio-calabria.html,es,Escuelas de italiano en Reggio Calabria — 1 escuela | thuisitaliaans,68,146,1,Escuelas de italiano en Reggio Calabria,https://thuisitaliaans.com/scuole/es/citta/reggio-calabria,8,Answer+FAQPage+ImageObject+ItemList+LanguageSchool+ListItem+,si,629,2,18,0,3,title lungo
scuole/es/citta/reggio-emilia.html,es,Escuelas de italiano en Reggio Emilia — 1 escuela | thuisitaliaans,66,144,1,Escuelas de italiano en Reggio Emilia,https://thuisitaliaans.com/scuole/es/citta/reggio-emilia,8,Answer+FAQPage+ImageObject+ItemList+LanguageSchool+ListItem+,si,668,3,22,0,3,title lungo
scuole/es/citta/rimini.html,es,Escuelas de italiano en Rimini — 1 escuela | thuisitaliaans,59,137,1,Escuelas de italiano en Rimini,https://thuisitaliaans.com/scuole/es/citta/rimini,8,Answer+FAQPage+ImageObject+ItemList+LanguageSchool+ListItem+,si,665,2,23,0,3,
scuole/es/citta/riva-del-garda.html,es,Escuelas de italiano en Riva del Garda — 1 escuela | thuisitaliaans,67,145,1,Escuelas de italiano en Riva del Garda,https://thuisitaliaans.com/scuole/es/citta/riva-del-garda,8,Answer+FAQPage+ImageObject+ItemList+LanguageSchool+ListItem+,si,698,3,19,0,3,title lungo
scuole/es/citta/roma.html,es,Escuelas de italiano en Roma — 11 escuela | thuisitaliaans,58,156,1,Escuelas de italiano en Roma,https://thuisitaliaans.com/scuole/es/citta/roma,8,Answer+FAQPage+ImageObject+ItemList+LanguageSchool+ListItem+,si,1117,3,36,0,3,
scuole/es/citta/salerno.html,es,Escuelas de italiano en Salerno — 2 escuelas | thuisitaliaans,61,158,1,Escuelas de italiano en Salerno,https://thuisitaliaans.com/scuole/es/citta/salerno,8,Answer+FAQPage+ImageObject+ItemList+LanguageSchool+ListItem+,si,698,2,20,0,3,
scuole/es/citta/san-giovanni-valdarno.html,es,Escuelas de italiano en San Giovanni Valdarno — 1 escuela | thuisitaliaans,74,152,1,Escuelas de italiano en San Giovanni Valdarno,https://thuisitaliaans.com/scuole/es/citta/san-giovanni-valdarno,8,Answer+FAQPage+ImageObject+ItemList+LanguageSchool+ListItem+,si,672,3,27,0,3,title lungo
scuole/es/citta/sanremo.html,es,Escuelas de italiano en Sanremo — 1 escuela | thuisitaliaans,60,138,1,Escuelas de italiano en Sanremo,https://thuisitaliaans.com/scuole/es/citta/sanremo,8,Answer+FAQPage+ImageObject+ItemList+LanguageSchool+ListItem+,si,618,3,16,0,3,
scuole/es/citta/sestri-levante.html,es,Escuelas de italiano en Sestri Levante — 1 escuela | thuisitaliaans,67,145,1,Escuelas de italiano en Sestri Levante,https://thuisitaliaans.com/scuole/es/citta/sestri-levante,8,Answer+FAQPage+ImageObject+ItemList+LanguageSchool+ListItem+,si,679,3,18,0,3,title lungo
scuole/es/citta/siena.html,es,Escuelas de italiano en Siena — 3 escuelas | thuisitaliaans,59,156,1,Escuelas de italiano en Siena,https://thuisitaliaans.com/scuole/es/citta/siena,8,Answer+FAQPage+ImageObject+ItemList+LanguageSchool+ListItem+,si,770,3,31,0,3,
scuole/es/citta/sorrento.html,es,Escuelas de italiano en Sorrento — 1 escuela | thuisitaliaans,61,139,1,Escuelas de italiano en Sorrento,https://thuisitaliaans.com/scuole/es/citta/sorrento,8,Answer+FAQPage+ImageObject+ItemList+LanguageSchool+ListItem+,si,624,3,18,0,3,
scuole/es/citta/taormina.html,es,Escuelas de italiano en Taormina — 1 escuela | thuisitaliaans,61,139,1,Escuelas de italiano en Taormina,https://thuisitaliaans.com/scuole/es/citta/taormina,8,Answer+FAQPage+ImageObject+ItemList+LanguageSchool+ListItem+,si,649,3,21,0,3,
scuole/es/citta/todi.html,es,Escuelas de italiano en Todi — 1 escuela | thuisitaliaans,57,135,1,Escuelas de italiano en Todi,https://thuisitaliaans.com/scuole/es/citta/todi,8,Answer+FAQPage+ImageObject+ItemList+LanguageSchool+ListItem+,si,627,3,21,0,3,
scuole/es/citta/torino.html,es,Escuelas de italiano en Torino — 2 escuelas | thuisitaliaans,60,157,1,Escuelas de italiano en Torino,https://thuisitaliaans.com/scuole/es/citta/torino,8,Answer+FAQPage+ImageObject+ItemList+LanguageSchool+ListItem+,si,705,2,16,0,3,
scuole/es/citta/trapani.html,es,Escuelas de italiano en Trapani — 1 escuela | thuisitaliaans,60,138,1,Escuelas de italiano en Trapani,https://thuisitaliaans.com/scuole/es/citta/trapani,8,Answer+FAQPage+ImageObject+ItemList+LanguageSchool+ListItem+,si,698,3,21,0,3,
scuole/es/citta/trento.html,es,Escuelas de italiano en Trento — 1 escuela | thuisitaliaans,59,137,1,Escuelas de italiano en Trento,https://thuisitaliaans.com/scuole/es/citta/trento,8,Answer+FAQPage+ImageObject+ItemList+LanguageSchool+ListItem+,si,697,3,19,0,3,
scuole/es/citta/trieste.html,es,Escuelas de italiano en Trieste — 2 escuelas | thuisitaliaans,61,158,1,Escuelas de italiano en Trieste,https://thuisitaliaans.com/scuole/es/citta/trieste,8,Answer+FAQPage+ImageObject+ItemList+LanguageSchool+ListItem+,si,744,2,18,0,3,
scuole/es/citta/tropea.html,es,Escuelas de italiano en Tropea — 2 escuelas | thuisitaliaans,60,157,1,Escuelas de italiano en Tropea,https://thuisitaliaans.com/scuole/es/citta/tropea,8,Answer+FAQPage+ImageObject+ItemList+LanguageSchool+ListItem+,si,708,3,19,0,3,
scuole/es/citta/tuscania.html,es,Escuelas de italiano en Tuscania — 1 escuela | thuisitaliaans,61,139,1,Escuelas de italiano en Tuscania,https://thuisitaliaans.com/scuole/es/citta/tuscania,8,Answer+FAQPage+ImageObject+ItemList+LanguageSchool+ListItem+,si,624,3,19,0,3,
scuole/es/citta/urbania.html,es,Escuelas de italiano en Urbania — 1 escuela | thuisitaliaans,60,138,1,Escuelas de italiano en Urbania,https://thuisitaliaans.com/scuole/es/citta/urbania,8,Answer+FAQPage+ImageObject+ItemList+LanguageSchool+ListItem+,si,637,3,19,0,3,
scuole/es/citta/venezia.html,es,Escuelas de italiano en Venezia — 3 escuelas | thuisitaliaans,61,158,1,Escuelas de italiano en Venezia,https://thuisitaliaans.com/scuole/es/citta/venezia,8,Answer+FAQPage+ImageObject+ItemList+LanguageSchool+ListItem+,si,866,3,22,0,3,
scuole/es/citta/verona.html,es,Escuelas de italiano en Verona — 3 escuelas | thuisitaliaans,60,157,1,Escuelas de italiano en Verona,https://thuisitaliaans.com/scuole/es/citta/verona,8,Answer+FAQPage+ImageObject+ItemList+LanguageSchool+ListItem+,si,784,2,24,0,3,
scuole/es/citta/viareggio.html,es,Escuelas de italiano en Viareggio — 2 escuelas | thuisitaliaans,63,160,1,Escuelas de italiano en Viareggio,https://thuisitaliaans.com/scuole/es/citta/viareggio,8,Answer+FAQPage+ImageObject+ItemList+LanguageSchool+ListItem+,si,763,3,29,0,3,
scuole/es/clm-bell-riva-del-garda.html,es,CLM Bell Riva del Garda — curso de italiano en Riva del Garda | thuisitaliaans,78,159,1,CLM Bell Riva del Garda,https://thuisitaliaans.com/scuole/es/clm-bell-riva-del-garda,8,Answer+BreadcrumbList+Country+FAQPage+GeoCoordinates+ImageOb,si,2370,9,123,0,3,title lungo
scuole/es/clm-bell-trento.html,es,CLM Bell Trento — curso de italiano en Trento | thuisitaliaans,62,143,1,CLM Bell Trento,https://thuisitaliaans.com/scuole/es/clm-bell-trento,8,Answer+BreadcrumbList+Country+FAQPage+GeoCoordinates+ImageOb,si,2388,9,123,0,3,
scuole/es/comitato-linguistico.html,es,Comitato Linguistico — curso de italiano en Perugia | thuisitaliaans,68,147,1,Comitato Linguistico,https://thuisitaliaans.com/scuole/es/comitato-linguistico,8,Answer+BreadcrumbList+Country+Course+CourseInstance+Educatio,si,2251,9,124,0,3,title lungo
scuole/es/cultura-italiana-arezzo.html,es,Cultura Italiana Arezzo — curso de italiano en Arezzo | thuisitaliaans,70,150,1,Cultura Italiana Arezzo,https://thuisitaliaans.com/scuole/es/cultura-italiana-arezzo,8,Answer+BreadcrumbList+Country+FAQPage+GeoCoordinates+ImageOb,si,2212,9,123,0,3,title lungo
scuole/es/cultura-italiana-bologna.html,es,Cultura Italiana Bologna — curso de italiano en Bologna | thuisitaliaans,72,159,1,Cultura Italiana Bologna,https://thuisitaliaans.com/scuole/es/cultura-italiana-bologna,8,Answer+BreadcrumbList+Country+FAQPage+GeoCoordinates+ImageOb,si,2247,9,126,0,3,title lungo
scuole/es/dilit-international-house.html,es,Dilit International House — curso de italiano en Roma | thuisitaliaans,70,148,1,Dilit International House,https://thuisitaliaans.com/scuole/es/dilit-international-house,8,Answer+BreadcrumbList+Country+FAQPage+GeoCoordinates+ImageOb,si,2436,9,126,0,3,title lungo
scuole/es/easy-italian-language-art.html,es,Easy Italian Language &amp; Art — curso de italiano en Venezia | thuisitaliaans,79,158,1,Easy Italian Language &amp; Art,https://thuisitaliaans.com/scuole/es/easy-italian-language-art,8,Answer+BreadcrumbList+Country+FAQPage+GeoCoordinates+ImageOb,si,2504,9,123,0,3,title lungo
scuole/es/ellci-milano.html,es,ELLCI Milano — curso de italiano en Milano | thuisitaliaans,59,141,1,ELLCI Milano,https://thuisitaliaans.com/scuole/es/ellci-milano,8,Answer+BreadcrumbList+Country+FAQPage+GeoCoordinates+ImageOb,si,2444,9,122,0,3,
scuole/es/europass-italian-language-school.html,es,Europass Italian Language School — curso de italiano en Firenze | thuisitaliaans,80,160,1,Europass Italian Language School,https://thuisitaliaans.com/scuole/es/europass-italian-language-school,8,Answer+BreadcrumbList+Country+FAQPage+GeoCoordinates+ImageOb,si,2526,9,129,0,3,title lungo
scuole/es/gaia-institute.html,es,GAIA Institute — curso de italiano en La Maddalena | thuisitaliaans,67,148,1,GAIA Institute,https://thuisitaliaans.com/scuole/es/gaia-institute,8,Answer+BreadcrumbList+Country+FAQPage+GeoCoordinates+ImageOb,si,2141,9,120,0,3,title lungo
scuole/es/idea-verona.html,es,Idea Verona — curso de italiano en Verona | thuisitaliaans,58,137,1,Idea Verona,https://thuisitaliaans.com/scuole/es/idea-verona,8,Answer+BreadcrumbList+Country+FAQPage+GeoCoordinates+ImageOb,si,2344,8,125,0,3,
scuole/es/il-centro.html,es,Il Centro — curso de italiano en Milano | thuisitaliaans,56,138,1,Il Centro,https://thuisitaliaans.com/scuole/es/il-centro,8,Answer+BreadcrumbList+Country+FAQPage+GeoCoordinates+ImageOb,si,2384,9,122,0,3,
scuole/es/il-sasso.html,es,Il Sasso — curso de italiano en Montepulciano | thuisitaliaans,62,142,1,Il Sasso,https://thuisitaliaans.com/scuole/es/il-sasso,8,Answer+BreadcrumbList+Country+FAQPage+GeoCoordinates+ImageOb,si,2317,9,123,0,3,
scuole/es/il-sillabo.html,es,Il Sillabo — curso de italiano en San Giovanni Valdarno | thuisitaliaans,72,152,1,Il Sillabo,https://thuisitaliaans.com/scuole/es/il-sillabo,8,Answer+BreadcrumbList+Country+FAQPage+GeoCoordinates+ImageOb,si,2340,9,123,0,3,title lungo
scuole/es/index.html,es,Estancias lingüísticas en Italia — 108 escuelas de italiano | thuisitaliaans,76,147,1,"Escuelas de italiano en Italia: encuentra el curso, planifica el viaje",https://thuisitaliaans.com/scuole/es/,8,Answer+BreadcrumbList+FAQPage+ItemList+ListItem+Question+Web,si,8,0,67,1,2,title lungo; pagina sottile; link a .html ×1
scuole/es/inflorence-academy.html,es,InFlorence Academy — curso de italiano en Firenze | thuisitaliaans,66,146,1,InFlorence Academy,https://thuisitaliaans.com/scuole/es/inflorence-academy,8,Answer+BreadcrumbList+Country+FAQPage+GeoCoordinates+ImageOb,si,2524,9,129,0,3,title lungo
scuole/es/influent.html,es,Influent — curso de italiano en Firenze | thuisitaliaans,56,136,1,Influent,https://thuisitaliaans.com/scuole/es/influent,8,Answer+BreadcrumbList+Country+FAQPage+GeoCoordinates+ImageOb,si,2390,9,129,0,3,
scuole/es/istituto-europeo.html,es,Istituto Europeo — curso de italiano en Firenze | thuisitaliaans,64,144,1,Istituto Europeo,https://thuisitaliaans.com/scuole/es/istituto-europeo,8,Answer+BreadcrumbList+Country+FAQPage+GeoCoordinates+ImageOb,si,2514,9,129,0,3,
scuole/es/istituto-galilei.html,es,Istituto Galilei — curso de italiano en Firenze | thuisitaliaans,64,144,1,Istituto Galilei,https://thuisitaliaans.com/scuole/es/istituto-galilei,8,Answer+BreadcrumbList+Country+FAQPage+GeoCoordinates+ImageOb,si,2667,9,129,0,3,
scuole/es/istituto-il-david.html,es,Istituto Il David — curso de italiano en Firenze | thuisitaliaans,65,145,1,Istituto Il David,https://thuisitaliaans.com/scuole/es/istituto-il-david,8,Answer+BreadcrumbList+Country+FAQPage+GeoCoordinates+ImageOb,si,2612,9,129,0,3,
scuole/es/istituto-italiano.html,es,Istituto Italiano — curso de italiano en Roma | thuisitaliaans,62,140,1,Istituto Italiano,https://thuisitaliaans.com/scuole/es/istituto-italiano,8,Answer+BreadcrumbList+Country+FAQPage+GeoCoordinates+ImageOb,si,2401,9,126,0,3,
scuole/es/istituto-linguistico-mediterraneo.html,es,Istituto Linguistico Mediterraneo — curso de italiano en Pisa | thuisitaliaans,78,158,1,Istituto Linguistico Mediterraneo,https://thuisitaliaans.com/scuole/es/istituto-linguistico-mediterraneo,8,Answer+BreadcrumbList+Country+FAQPage+GeoCoordinates+ImageOb,si,2401,9,123,0,3,title lungo
scuole/es/istituto-lorenzo-de-medici-firenze.html,es,Istituto Lorenzo de' Medici Firenze — curso de italiano en Firenze | thuisitaliaans,83,168,1,Istituto Lorenzo de' Medici Firenze,https://thuisitaliaans.com/scuole/es/istituto-lorenzo-de-medici-firenze,8,Answer+BreadcrumbList+Country+FAQPage+GeoCoordinates+ImageOb,si,2598,9,129,0,3,title lungo; description lunga
scuole/es/istituto-lorenzo-de-medici-roma.html,es,Istituto Lorenzo de' Medici Roma — curso de italiano en Roma | thuisitaliaans,77,160,1,Istituto Lorenzo de' Medici Roma,https://thuisitaliaans.com/scuole/es/istituto-lorenzo-de-medici-roma,8,Answer+BreadcrumbList+Country+FAQPage+GeoCoordinates+ImageOb,si,2562,9,126,0,3,title lungo
scuole/es/istituto-lorenzo-de-medici-tuscania.html,es,Istituto Lorenzo de' Medici Tuscania — curso de italiano en Tuscania | thuisitaliaans,85,168,1,Istituto Lorenzo de' Medici Tuscania,https://thuisitaliaans.com/scuole/es/istituto-lorenzo-de-medici-tuscania,8,Answer+BreadcrumbList+Country+FAQPage+GeoCoordinates+ImageOb,si,2301,9,123,0,3,title lungo; description lunga
scuole/es/istituto-michelangelo.html,es,Istituto Michelangelo — curso de italiano en Firenze | thuisitaliaans,69,149,1,Istituto Michelangelo,https://thuisitaliaans.com/scuole/es/istituto-michelangelo,8,Answer+BreadcrumbList+Country+FAQPage+GeoCoordinates+ImageOb,si,2602,9,129,0,3,title lungo
scuole/es/istituto-venezia-trieste.html,es,Istituto Venezia Trieste — curso de italiano en Trieste | thuisitaliaans,72,166,1,Istituto Venezia Trieste,https://thuisitaliaans.com/scuole/es/istituto-venezia-trieste,8,Answer+BreadcrumbList+Country+FAQPage+GeoCoordinates+ImageOb,si,2316,8,121,0,3,title lungo; description lunga
scuole/es/istituto-venezia.html,es,Istituto Venezia — curso de italiano en Venezia | thuisitaliaans,64,143,1,Istituto Venezia,https://thuisitaliaans.com/scuole/es/istituto-venezia,8,Answer+BreadcrumbList+Country+FAQPage+GeoCoordinates+ImageOb,si,2462,9,123,0,3,
scuole/es/italiaidea.html,es,Italiaidea — curso de italiano en Roma | thuisitaliaans,55,133,1,Italiaidea,https://thuisitaliaans.com/scuole/es/italiaidea,8,Answer+BreadcrumbList+Country+FAQPage+GeoCoordinates+ImageOb,si,2560,9,126,0,3,
scuole/es/italianme.html,es,Italianme — curso de italiano en Firenze | thuisitaliaans,57,137,1,Italianme,https://thuisitaliaans.com/scuole/es/italianme,8,Answer+BreadcrumbList+Country+FAQPage+GeoCoordinates+ImageOb,si,2432,9,129,0,3,
scuole/es/itastra-universita-di-palermo.html,es,Itastra Università di Palermo — curso de italiano en Palermo | thuisitaliaans,77,157,1,Itastra Università di Palermo,https://thuisitaliaans.com/scuole/es/itastra-universita-di-palermo,8,Answer+BreadcrumbList+Country+FAQPage+GeoCoordinates+ImageOb,si,2288,9,122,0,3,title lungo
scuole/es/kappa-language-school.html,es,Kappa Language School — curso de italiano en Roma | thuisitaliaans,66,144,1,Kappa Language School,https://thuisitaliaans.com/scuole/es/kappa-language-school,8,Answer+BreadcrumbList+Country+FAQPage+GeoCoordinates+ImageOb,si,2523,9,126,0,3,title lungo
scuole/es/l-italiano-con-noi.html,es,L'Italiano con Noi — curso de italiano en Verona | thuisitaliaans,65,149,1,L'Italiano con Noi,https://thuisitaliaans.com/scuole/es/l-italiano-con-noi,8,Answer+BreadcrumbList+Country+FAQPage+GeoCoordinates+ImageOb,si,2321,8,125,0,3,
scuole/es/l-italiano-porticando.html,es,L'Italiano Porticando — curso de italiano en Torino | thuisitaliaans,68,154,1,L'Italiano Porticando,https://thuisitaliaans.com/scuole/es/l-italiano-porticando,8,Answer+BreadcrumbList+Country+FAQPage+GeoCoordinates+ImageOb,si,2236,8,120,0,3,title lungo
scuole/es/la-lingua-la-vita.html,es,La Lingua La Vita — curso de italiano en Todi | thuisitaliaans,62,141,1,La Lingua La Vita,https://thuisitaliaans.com/scuole/es/la-lingua-la-vita,8,Answer+BreadcrumbList+Country+FAQPage+GeoCoordinates+ImageOb,si,2219,9,123,0,3,
scuole/es/laboling.html,es,Laboling — curso de italiano en Milazzo | thuisitaliaans,56,136,1,Laboling,https://thuisitaliaans.com/scuole/es/laboling,8,Answer+BreadcrumbList+Country+FAQPage+GeoCoordinates+ImageOb,si,2270,9,122,0,3,
scuole/es/lingua-it.html,es,Lingua IT — curso de italiano en Verona | thuisitaliaans,56,135,1,Lingua IT,https://thuisitaliaans.com/scuole/es/lingua-it,8,Answer+BreadcrumbList+Country+FAQPage+GeoCoordinates+ImageOb,si,2329,8,125,0,3,
scuole/es/lingua-si.html,es,Lingua Sì — curso de italiano en Orvieto | thuisitaliaans,57,136,1,Lingua Sì,https://thuisitaliaans.com/scuole/es/lingua-si,8,Answer+BreadcrumbList+Country+FAQPage+GeoCoordinates+ImageOb,si,2217,9,123,0,3,
scuole/es/linguadue.html,es,Linguadue — curso de italiano en Milano | thuisitaliaans,56,138,1,Linguadue,https://thuisitaliaans.com/scuole/es/linguadue,8,Answer+BreadcrumbList+Country+FAQPage+GeoCoordinates+ImageOb,si,2381,9,122,0,3,
scuole/es/linguaviva-lignano.html,es,Linguaviva Lignano — curso de italiano en Lignano Sabbiadoro | thuisitaliaans,77,171,1,Linguaviva Lignano,https://thuisitaliaans.com/scuole/es/linguaviva-lignano,8,Answer+BreadcrumbList+Country+FAQPage+GeoCoordinates+ImageOb,si,2309,9,121,0,3,title lungo; description lunga
scuole/es/linguaviva.html,es,Linguaviva — curso de italiano en Firenze | thuisitaliaans,58,138,1,Linguaviva,https://thuisitaliaans.com/scuole/es/linguaviva,8,Answer+BreadcrumbList+Country+FAQPage+GeoCoordinates+ImageOb,si,2540,9,129,0,3,
scuole/es/lucca-italian-school.html,es,Lucca Italian School — curso de italiano en Lucca | thuisitaliaans,66,146,1,Lucca Italian School,https://thuisitaliaans.com/scuole/es/lucca-italian-school,8,Answer+BreadcrumbList+Country+FAQPage+GeoCoordinates+ImageOb,si,2342,9,124,0,3,title lungo
scuole/es/madrelingua.html,es,Madrelingua — curso de italiano en Bologna | thuisitaliaans,59,146,1,Madrelingua,https://thuisitaliaans.com/scuole/es/madrelingua,8,Answer+BreadcrumbList+Country+FAQPage+GeoCoordinates+ImageOb,si,2320,9,126,0,3,
scuole/es/mappa.html,es,Mapa de las escuelas de italiano en Italia | thuisitaliaans,59,118,2,"Escuelas de italiano en Italia: encuentra el curso, planifica el viaje",https://thuisitaliaans.com/scuole/es/mappa,8,WebPage,,34,0,13,2,1,h1 multipli; pagina sottile; link a .html ×2
scuole/es/omnilingua.html,es,Omnilingua — curso de italiano en Sanremo | thuisitaliaans,58,138,1,Omnilingua,https://thuisitaliaans.com/scuole/es/omnilingua,8,Answer+BreadcrumbList+Country+FAQPage+GeoCoordinates+ImageOb,si,2205,9,119,0,3,
scuole/es/one-world-italiano.html,es,One World Italiano — curso de italiano en Cagliari | thuisitaliaans,67,148,1,One World Italiano,https://thuisitaliaans.com/scuole/es/one-world-italiano,8,Answer+BreadcrumbList+Country+FAQPage+GeoCoordinates+ImageOb,si,2189,9,119,0,3,title lungo
scuole/es/parola-italian-language-school.html,es,Parola Italian Language School — curso de italiano en Firenze | thuisitaliaans,78,158,1,Parola Italian Language School,https://thuisitaliaans.com/scuole/es/parola-italian-language-school,8,Answer+BreadcrumbList+Country+FAQPage+GeoCoordinates+ImageOb,si,2390,9,129,0,3,title lungo
scuole/es/piccola-universita-italiana-trieste.html,es,Piccola Università Italiana Trieste — curso de italiano en Trieste | thuisitaliaans,83,177,1,Piccola Università Italiana Trieste,https://thuisitaliaans.com/scuole/es/piccola-universita-italiana-trieste,8,Answer+BreadcrumbList+Country+FAQPage+GeoCoordinates+ImageOb,si,2429,8,121,0,3,title lungo; description lunga
scuole/es/piccola-universita-italiana-tropea.html,es,Piccola Università Italiana Tropea — curso de italiano en Tropea | thuisitaliaans,81,162,1,Piccola Università Italiana Tropea,https://thuisitaliaans.com/scuole/es/piccola-universita-italiana-tropea,8,Answer+BreadcrumbList+Country+FAQPage+GeoCoordinates+ImageOb,si,2495,9,122,0,3,title lungo
scuole/es/pintadera-centro-mediterraneo.html,es,Pintadera Centro Mediterraneo — curso de italiano en Alghero | thuisitaliaans,77,158,1,Pintadera Centro Mediterraneo,https://thuisitaliaans.com/scuole/es/pintadera-centro-mediterraneo,8,Answer+BreadcrumbList+Country+FAQPage+GeoCoordinates+ImageOb,si,2338,9,119,0,3,title lungo
scuole/es/porta-d-oriente.html,es,Porta d'Oriente — curso de italiano en Otranto | thuisitaliaans,63,147,1,Porta d'Oriente,https://thuisitaliaans.com/scuole/es/porta-d-oriente,8,Answer+BreadcrumbList+Country+FAQPage+GeoCoordinates+ImageOb,si,2209,9,119,0,3,
scuole/es/punto-e-virgola.html,es,Punto e Virgola — curso de italiano en Grottaglie | thuisitaliaans,66,145,1,Punto e Virgola,https://thuisitaliaans.com/scuole/es/punto-e-virgola,8,Answer+BreadcrumbList+Country+FAQPage+GeoCoordinates+ImageOb,si,2150,9,120,0,3,title lungo
scuole/es/reggio-lingua.html,es,Reggio Lingua — curso de italiano en Reggio Emilia | thuisitaliaans,67,154,1,Reggio Lingua,https://thuisitaliaans.com/scuole/es/reggio-lingua,8,Answer+BreadcrumbList+Country+FAQPage+GeoCoordinates+ImageOb,si,2244,9,122,0,3,title lungo
scuole/es/regione/alto-adige.html,es,Escuelas de italiano en Alto Adige — 2 escuelas seleccionadas | thuisitaliaans,78,156,1,Escuelas de italiano en Alto Adige,https://thuisitaliaans.com/scuole/es/regione/alto-adige,8,BreadcrumbList+ItemList+ListItem+WebPage,,228,7,17,0,2,title lungo; pagina sottile
scuole/es/regione/calabria.html,es,Escuelas de italiano en Calabria — 3 escuelas seleccionadas | thuisitaliaans,76,154,1,Escuelas de italiano en Calabria,https://thuisitaliaans.com/scuole/es/regione/calabria,8,BreadcrumbList+ItemList+ListItem+WebPage,,246,8,19,0,2,title lungo; pagina sottile
scuole/es/regione/campania.html,es,Escuelas de italiano en Campania — 4 escuelas seleccionadas | thuisitaliaans,76,154,1,Escuelas de italiano en Campania,https://thuisitaliaans.com/scuole/es/regione/campania,8,BreadcrumbList+ItemList+ListItem+WebPage,,252,9,22,0,2,title lungo; pagina sottile
scuole/es/regione/emilia-romagna.html,es,Escuelas de italiano en Emilia-Romagna — 9 escuelas seleccionadas | thuisitaliaans,82,160,1,Escuelas de italiano en Emilia-Romagna,https://thuisitaliaans.com/scuole/es/regione/emilia-romagna,8,BreadcrumbList+ItemList+ListItem+WebPage,,327,9,35,0,2,title lungo
scuole/es/regione/friuli-venezia-giulia.html,es,Escuelas de italiano en Friuli-Venezia Giulia — 3 escuelas seleccionadas | thuisitaliaans,89,167,1,Escuelas de italiano en Friuli-Venezia Giulia,https://thuisitaliaans.com/scuole/es/regione/friuli-venezia-giulia,8,BreadcrumbList+ItemList+ListItem+WebPage,,251,8,19,0,2,title lungo; description lunga; pagina sottile
scuole/es/regione/lazio.html,es,Escuelas de italiano en Lazio — 12 escuelas seleccionadas | thuisitaliaans,74,152,1,Escuelas de italiano en Lazio,https://thuisitaliaans.com/scuole/es/regione/lazio,8,BreadcrumbList+ItemList+ListItem+WebPage,,346,9,37,0,2,title lungo
scuole/es/regione/liguria.html,es,Escuelas de italiano en Liguria — 4 escuelas seleccionadas | thuisitaliaans,75,153,1,Escuelas de italiano en Liguria,https://thuisitaliaans.com/scuole/es/regione/liguria,8,BreadcrumbList+ItemList+ListItem+WebPage,,261,9,22,0,2,title lungo; pagina sottile
scuole/es/regione/lombardia.html,es,Escuelas de italiano en Lombardia — 4 escuelas seleccionadas | thuisitaliaans,77,155,1,Escuelas de italiano en Lombardia,https://thuisitaliaans.com/scuole/es/regione/lombardia,8,BreadcrumbList+ItemList+ListItem+WebPage,,233,6,20,0,2,title lungo; pagina sottile
scuole/es/regione/marche.html,es,Escuelas de italiano en Marche — 2 escuelas seleccionadas | thuisitaliaans,74,152,1,Escuelas de italiano en Marche,https://thuisitaliaans.com/scuole/es/regione/marche,8,BreadcrumbList+ItemList+ListItem+WebPage,,234,9,17,0,2,title lungo; pagina sottile
scuole/es/regione/piemonte.html,es,Escuelas de italiano en Piemonte — 2 escuelas seleccionadas | thuisitaliaans,76,154,1,Escuelas de italiano en Piemonte,https://thuisitaliaans.com/scuole/es/regione/piemonte,8,BreadcrumbList+ItemList+ListItem+WebPage,,209,5,16,0,2,title lungo; pagina sottile
scuole/es/regione/puglia.html,es,Escuelas de italiano en Puglia — 3 escuelas seleccionadas | thuisitaliaans,74,152,1,Escuelas de italiano en Puglia,https://thuisitaliaans.com/scuole/es/regione/puglia,8,BreadcrumbList+ItemList+ListItem+WebPage,,242,9,20,0,2,title lungo; pagina sottile
scuole/es/regione/sardegna.html,es,Escuelas de italiano en Sardegna — 4 escuelas seleccionadas | thuisitaliaans,76,154,1,Escuelas de italiano en Sardegna,https://thuisitaliaans.com/scuole/es/regione/sardegna,8,BreadcrumbList+ItemList+ListItem+WebPage,,255,9,23,0,2,title lungo; pagina sottile
scuole/es/regione/sicilia.html,es,Escuelas de italiano en Sicilia — 6 escuelas seleccionadas | thuisitaliaans,75,153,1,Escuelas de italiano en Sicilia,https://thuisitaliaans.com/scuole/es/regione/sicilia,8,BreadcrumbList+ItemList+ListItem+WebPage,,284,9,29,0,2,title lungo; pagina sottile
scuole/es/regione/toscana.html,es,Escuelas de italiano en Toscana — 36 escuelas seleccionadas | thuisitaliaans,76,154,1,Escuelas de italiano en Toscana,https://thuisitaliaans.com/scuole/es/regione/toscana,8,BreadcrumbList+ItemList+ListItem+WebPage,,621,9,93,0,2,title lungo
scuole/es/regione/trentino.html,es,Escuelas de italiano en Trentino — 2 escuelas seleccionadas | thuisitaliaans,76,154,1,Escuelas de italiano en Trentino,https://thuisitaliaans.com/scuole/es/regione/trentino,8,BreadcrumbList+ItemList+ListItem+WebPage,,250,9,17,0,2,title lungo; pagina sottile
scuole/es/regione/umbria.html,es,Escuelas de italiano en Umbria — 5 escuelas seleccionadas | thuisitaliaans,74,152,1,Escuelas de italiano en Umbria,https://thuisitaliaans.com/scuole/es/regione/umbria,8,BreadcrumbList+ItemList+ListItem+WebPage,,270,9,25,0,2,title lungo; pagina sottile
scuole/es/regione/veneto.html,es,Escuelas de italiano en Veneto — 7 escuelas seleccionadas | thuisitaliaans,74,152,1,Escuelas de italiano en Veneto,https://thuisitaliaans.com/scuole/es/regione/veneto,8,BreadcrumbList+ItemList+ListItem+WebPage,,289,9,28,0,2,title lungo; pagina sottile
scuole/es/romanica.html,es,Romanica — curso de italiano en Modena | thuisitaliaans,55,142,1,Romanica,https://thuisitaliaans.com/scuole/es/romanica,8,Answer+BreadcrumbList+Country+FAQPage+GeoCoordinates+ImageOb,si,2218,9,122,0,3,
scuole/es/saena-iulii.html,es,Saena Iulia — curso de italiano en Siena | thuisitaliaans,57,137,1,Saena Iulia,https://thuisitaliaans.com/scuole/es/saena-iulii,8,Answer+BreadcrumbList+Country+FAQPage+GeoCoordinates+ImageOb,si,2383,9,125,0,3,
scuole/es/sant-anna-institute.html,es,Sant'Anna Institute — curso de italiano en Sorrento | thuisitaliaans,68,154,1,Sant'Anna Institute,https://thuisitaliaans.com/scuole/es/sant-anna-institute,8,Answer+BreadcrumbList+Country+FAQPage+GeoCoordinates+ImageOb,si,2249,9,121,0,3,title lungo
scuole/es/scudit-scuola-d-italiano.html,es,Scudit Scuola d'Italiano — curso de italiano en Roma | thuisitaliaans,69,152,1,Scudit Scuola d'Italiano,https://thuisitaliaans.com/scuole/es/scudit-scuola-d-italiano,8,Answer+BreadcrumbList+Country+FAQPage+GeoCoordinates+ImageOb,si,2543,9,126,0,3,title lungo
scuole/es/scuola-d-italiano-dante-alighieri-roma.html,es,Scuola d'Italiano Dante Alighieri Roma — curso de italiano en Roma | thuisitaliaans,83,166,1,Scuola d'Italiano Dante Alighieri Roma,https://thuisitaliaans.com/scuole/es/scuola-d-italiano-dante-alighieri-roma,8,Answer+BreadcrumbList+Country+FAQPage+GeoCoordinates+ImageOb,si,2576,9,126,0,3,title lungo; description lunga
scuole/es/scuola-dante-alighieri-campus-l-infinito.html,es,Scuola Dante Alighieri Campus L'Infinito — curso de italiano en Recanati | thuisitaliaans,89,173,1,Scuola Dante Alighieri Campus L'Infinito,https://thuisitaliaans.com/scuole/es/scuola-dante-alighieri-campus-l-infinito,8,Answer+BreadcrumbList+Country+FAQPage+GeoCoordinates+ImageOb,si,2259,9,121,0,3,title lungo; description lunga
scuole/es/scuola-leonardo-da-vinci-firenze.html,es,Scuola Leonardo da Vinci Firenze — curso de italiano en Firenze | thuisitaliaans,80,160,1,Scuola Leonardo da Vinci Firenze,https://thuisitaliaans.com/scuole/es/scuola-leonardo-da-vinci-firenze,8,Answer+BreadcrumbList+Country+Course+CourseInstance+Educatio,si,2488,9,129,0,3,title lungo
scuole/es/scuola-leonardo-da-vinci-milano.html,es,Scuola Leonardo da Vinci Milano — curso de italiano en Milano | thuisitaliaans,78,160,1,Scuola Leonardo da Vinci Milano,https://thuisitaliaans.com/scuole/es/scuola-leonardo-da-vinci-milano,8,Answer+BreadcrumbList+Country+FAQPage+GeoCoordinates+ImageOb,si,2448,9,122,0,3,title lungo
scuole/es/scuola-leonardo-da-vinci-roma.html,es,Scuola Leonardo da Vinci Roma — curso de italiano en Roma | thuisitaliaans,74,152,1,Scuola Leonardo da Vinci Roma,https://thuisitaliaans.com/scuole/es/scuola-leonardo-da-vinci-roma,8,Answer+BreadcrumbList+Country+Course+CourseInstance+Educatio,si,2466,9,126,0,3,title lungo
scuole/es/scuola-leonardo-da-vinci-viareggio.html,es,Scuola Leonardo da Vinci Viareggio — curso de italiano en Viareggio | thuisitaliaans,84,164,1,Scuola Leonardo da Vinci Viareggio,https://thuisitaliaans.com/scuole/es/scuola-leonardo-da-vinci-viareggio,8,Answer+BreadcrumbList+Country+FAQPage+GeoCoordinates+ImageOb,si,2349,9,124,0,3,title lungo
scuole/es/scuola-palazzo-malvisi-bagno-di-romagna.html,es,Scuola Palazzo Malvisi Bagno di Romagna — curso de italiano en Bagno di Romagna | thuisitaliaans,96,183,1,Scuola Palazzo Malvisi Bagno di Romagna,https://thuisitaliaans.com/scuole/es/scuola-palazzo-malvisi-bagno-di-romagna,8,Answer+BreadcrumbList+Country+FAQPage+GeoCoordinates+ImageOb,si,2343,9,123,0,3,title lungo; description lunga
scuole/es/scuola-palazzo-malvisi-ravenna.html,es,Scuola Palazzo Malvisi Ravenna — curso de italiano en Ravenna | thuisitaliaans,78,165,1,Scuola Palazzo Malvisi Ravenna,https://thuisitaliaans.com/scuole/es/scuola-palazzo-malvisi-ravenna,8,Answer+BreadcrumbList+Country+FAQPage+GeoCoordinates+ImageOb,si,2357,8,123,0,3,title lungo
scuole/es/scuola-toscana.html,es,Scuola Toscana — curso de italiano en Firenze | thuisitaliaans,62,142,1,Scuola Toscana,https://thuisitaliaans.com/scuole/es/scuola-toscana,8,Answer+BreadcrumbList+Country+FAQPage+GeoCoordinates+ImageOb,si,2509,9,129,0,3,
scuole/es/scuola-tricolore.html,es,Scuola Tricolore — curso de italiano en Genova | thuisitaliaans,63,143,1,Scuola Tricolore,https://thuisitaliaans.com/scuole/es/scuola-tricolore,8,Answer+BreadcrumbList+Country+FAQPage+GeoCoordinates+ImageOb,si,2348,8,121,0,3,
scuole/es/scuola-virgilio.html,es,Scuola Virgilio — curso de italiano en Trapani | thuisitaliaans,63,143,1,Scuola Virgilio,https://thuisitaliaans.com/scuole/es/scuola-virgilio,8,Answer+BreadcrumbList+Country+FAQPage+GeoCoordinates+ImageOb,si,2315,9,121,0,3,
scuole/es/societa-dante-alighieri-siena.html,es,Società Dante Alighieri Siena — curso de italiano en Siena | thuisitaliaans,75,155,1,Società Dante Alighieri Siena,https://thuisitaliaans.com/scuole/es/societa-dante-alighieri-siena,8,Answer+BreadcrumbList+Country+FAQPage+GeoCoordinates+ImageOb,si,2516,9,125,0,3,title lungo
scuole/es/solemar-academy.html,es,Solemar Academy — curso de italiano en Cefalù | thuisitaliaans,62,142,1,Solemar Academy,https://thuisitaliaans.com/scuole/es/solemar-academy,8,Answer+BreadcrumbList+Country+FAQPage+GeoCoordinates+ImageOb,si,2280,9,121,0,3,
scuole/es/solemar-sicilia.html,es,Solemar Sicilia — curso de italiano en Palermo (Mondello) | thuisitaliaans,74,154,1,Solemar Sicilia,https://thuisitaliaans.com/scuole/es/solemar-sicilia,8,Answer+BreadcrumbList+Country+FAQPage+GeoCoordinates+ImageOb,si,2309,9,122,0,3,title lungo
scuole/es/sprachcaffe-firenze.html,es,Sprachcaffe Firenze — curso de italiano en Firenze | thuisitaliaans,67,147,1,Sprachcaffe Firenze,https://thuisitaliaans.com/scuole/es/sprachcaffe-firenze,8,Answer+BreadcrumbList+Country+Course+CourseInstance+Educatio,si,2430,9,129,0,3,title lungo
scuole/es/studioitalia.html,es,Studioitalia — curso de italiano en Roma | thuisitaliaans,57,135,1,Studioitalia,https://thuisitaliaans.com/scuole/es/studioitalia,8,Answer+BreadcrumbList+Country+Course+CourseInstance+Educatio,si,2405,9,126,0,3,
scuole/es/studitalia.html,es,Studitalia — curso de italiano en Olbia | thuisitaliaans,56,137,1,Studitalia,https://thuisitaliaans.com/scuole/es/studitalia,8,Answer+BreadcrumbList+Country+FAQPage+GeoCoordinates+ImageOb,si,2311,9,120,0,3,
scuole/es/terramare.html,es,Terramare — curso de italiano en Orbetello | thuisitaliaans,59,139,1,Terramare,https://thuisitaliaans.com/scuole/es/terramare,8,Answer+BreadcrumbList+Country+FAQPage+GeoCoordinates+ImageOb,si,2343,9,123,0,3,
scuole/es/tiberius-international.html,es,Tiberius International — curso de italiano en Rimini | thuisitaliaans,69,156,1,Tiberius International,https://thuisitaliaans.com/scuole/es/tiberius-international,8,Answer+BreadcrumbList+Country+FAQPage+GeoCoordinates+ImageOb,si,2348,8,123,0,3,title lungo
scuole/es/torre-di-babele.html,es,Torre di Babele — curso de italiano en Roma | thuisitaliaans,60,138,1,Torre di Babele,https://thuisitaliaans.com/scuole/es/torre-di-babele,8,Answer+BreadcrumbList+Country+FAQPage+GeoCoordinates+ImageOb,si,2558,9,126,0,3,
scuole/es/trulli-italian-school.html,es,Trulli Italian School — curso de italiano en Alberobello | thuisitaliaans,73,152,1,Trulli Italian School,https://thuisitaliaans.com/scuole/es/trulli-italian-school,8,Answer+BreadcrumbList+Country+FAQPage+GeoCoordinates+ImageOb,si,2335,9,120,0,3,title lungo
scuole/es/universita-per-stranieri-dante-alighieri.html,es,Università per Stranieri Dante Alighieri — curso de italiano en Reggio Calabria | thuisitaliaans,96,177,1,Università per Stranieri Dante Alighieri,https://thuisitaliaans.com/scuole/es/universita-per-stranieri-dante-alighieri,8,Answer+BreadcrumbList+Country+FAQPage+GeoCoordinates+ImageOb,si,2226,8,122,0,3,title lungo; description lunga
scuole/es/universita-per-stranieri-di-perugia.html,es,Università per Stranieri di Perugia — curso de italiano en Perugia | thuisitaliaans,83,162,1,Università per Stranieri di Perugia,https://thuisitaliaans.com/scuole/es/universita-per-stranieri-di-perugia,8,Answer+BreadcrumbList+Country+FAQPage+GeoCoordinates+ImageOb,si,2429,9,124,0,3,title lungo
scuole/es/universita-per-stranieri-di-siena.html,es,Università per Stranieri di Siena — curso de italiano en Siena | thuisitaliaans,79,159,1,Università per Stranieri di Siena,https://thuisitaliaans.com/scuole/es/universita-per-stranieri-di-siena,8,Answer+BreadcrumbList+Country+FAQPage+GeoCoordinates+ImageOb,si,2431,9,125,0,3,title lungo
scuole/europass-italian-language-school.html,it,Europass Italian Language School — corso di italiano a Firenze | thuisitaliaans,79,155,1,Europass Italian Language School,https://thuisitaliaans.com/scuole/europass-italian-language-school,8,Answer+BreadcrumbList+Country+FAQPage+GeoCoordinates+ImageOb,si,2434,9,129,0,3,title lungo
scuole/fr/a-door-to-italy.html,fr,A Door to Italy — cours d&#x27;italien à Genova | thuisitaliaans,64,145,1,A Door to Italy,https://thuisitaliaans.com/scuole/fr/a-door-to-italy,8,Answer+BreadcrumbList+Country+FAQPage+GeoCoordinates+ImageOb,si,2391,8,121,0,3,
scuole/fr/abc-firenze.html,fr,ABC Firenze — cours d&#x27;italien à Firenze | thuisitaliaans,61,142,1,ABC Firenze,https://thuisitaliaans.com/scuole/fr/abc-firenze,8,Answer+BreadcrumbList+Country+FAQPage+GeoCoordinates+ImageOb,si,2520,9,129,0,3,
scuole/fr/abc-school-sestri-levante.html,fr,ABC School Sestri Levante — cours d&#x27;italien à Sestri Levante | thuisitaliaans,82,163,1,ABC School Sestri Levante,https://thuisitaliaans.com/scuole/fr/abc-school-sestri-levante,8,Answer+BreadcrumbList+Country+FAQPage+GeoCoordinates+ImageOb,si,2320,9,121,0,3,title lungo
scuole/fr/accademia-del-giglio.html,fr,Accademia del Giglio — cours d&#x27;italien à Firenze | thuisitaliaans,70,151,1,Accademia del Giglio,https://thuisitaliaans.com/scuole/fr/accademia-del-giglio,8,Answer+BreadcrumbList+Country+FAQPage+GeoCoordinates+ImageOb,si,2549,9,129,0,3,title lungo
scuole/fr/accademia-europea-di-firenze.html,fr,Accademia Europea di Firenze — cours d&#x27;italien à Firenze | thuisitaliaans,78,159,1,Accademia Europea di Firenze,https://thuisitaliaans.com/scuole/fr/accademia-europea-di-firenze,8,Answer+BreadcrumbList+Country+FAQPage+GeoCoordinates+ImageOb,si,2452,9,129,0,3,title lungo
scuole/fr/accademia-italiana-salerno.html,fr,Accademia Italiana Salerno — cours d&#x27;italien à Salerno | thuisitaliaans,76,158,1,Accademia Italiana Salerno,https://thuisitaliaans.com/scuole/fr/accademia-italiana-salerno,8,Answer+BreadcrumbList+Country+FAQPage+GeoCoordinates+ImageOb,si,2290,8,122,0,3,title lungo
scuole/fr/accademia-leonardo.html,fr,Accademia Leonardo — cours d&#x27;italien à Salerno | thuisitaliaans,68,150,1,Accademia Leonardo,https://thuisitaliaans.com/scuole/fr/accademia-leonardo,8,Answer+BreadcrumbList+Country+FAQPage+GeoCoordinates+ImageOb,si,2282,8,122,0,3,title lungo
scuole/fr/accademia-lingua-italiana-assisi.html,fr,Accademia Lingua Italiana Assisi — cours d&#x27;italien à Assisi | thuisitaliaans,81,161,1,Accademia Lingua Italiana Assisi,https://thuisitaliaans.com/scuole/fr/accademia-lingua-italiana-assisi,8,Answer+BreadcrumbList+Country+FAQPage+GeoCoordinates+ImageOb,si,2263,9,123,0,3,title lungo
scuole/fr/accademia-riaci.html,fr,Accademia Riaci — cours d&#x27;italien à Firenze | thuisitaliaans,65,146,1,Accademia Riaci,https://thuisitaliaans.com/scuole/fr/accademia-riaci,8,Answer+BreadcrumbList+Country+FAQPage+GeoCoordinates+ImageOb,si,2516,9,129,0,3,
scuole/fr/alce-accademia-lingue-e-culture-europee.html,fr,ALCE Accademia Lingue e Culture Europee — cours d&#x27;italien à Bologna | thuisitaliaans,89,177,1,ALCE Accademia Lingue e Culture Europee,https://thuisitaliaans.com/scuole/fr/alce-accademia-lingue-e-culture-europee,8,Answer+BreadcrumbList+Country+FAQPage+GeoCoordinates+ImageOb,si,2354,9,126,0,3,title lungo; description lunga
scuole/fr/alpha-beta-piccadilly-bolzano.html,fr,Alpha Beta Piccadilly Bolzano — cours d&#x27;italien à Bolzano | thuisitaliaans,79,163,1,Alpha Beta Piccadilly Bolzano,https://thuisitaliaans.com/scuole/fr/alpha-beta-piccadilly-bolzano,8,Answer+BreadcrumbList+Country+FAQPage+GeoCoordinates+ImageOb,si,2398,8,122,0,3,title lungo
scuole/fr/alpha-beta-piccadilly-merano.html,fr,Alpha Beta Piccadilly Merano — cours d&#x27;italien à Merano | thuisitaliaans,77,161,1,Alpha Beta Piccadilly Merano,https://thuisitaliaans.com/scuole/fr/alpha-beta-piccadilly-merano,8,Answer+BreadcrumbList+Country+FAQPage+GeoCoordinates+ImageOb,si,2395,8,122,0,3,title lungo
scuole/fr/arca.html,fr,Arca — cours d&#x27;italien à Bologna | thuisitaliaans,54,142,1,Arca,https://thuisitaliaans.com/scuole/fr/arca,8,Answer+BreadcrumbList+Country+FAQPage+GeoCoordinates+ImageOb,si,2353,9,126,0,3,
scuole/fr/babilonia-centro-di-lingua-e-cultura-italiana.html,fr,Babilonia Centro di Lingua e Cultura Italiana — cours d&#x27;italien à Taormina | thuisitaliaans,96,177,1,Babilonia Centro di Lingua e Cultura Italiana,https://thuisitaliaans.com/scuole/fr/babilonia-centro-di-lingua-e-cultura-italiana,8,Answer+BreadcrumbList+Country+FAQPage+GeoCoordinates+ImageOb,si,2395,9,121,0,3,title lungo; description lunga
scuole/fr/bertrand-russell.html,fr,Bertrand Russell — cours d&#x27;italien à Padova | thuisitaliaans,65,145,1,Bertrand Russell,https://thuisitaliaans.com/scuole/fr/bertrand-russell,8,Answer+BreadcrumbList+Country+FAQPage+GeoCoordinates+ImageOb,si,2292,9,122,0,3,
scuole/fr/ca-foscari-school-for-international-education.html,fr,Ca&#x27; Foscari School for International Education — cours d&#x27;italien à Venezia | thuisitaliaans,101,181,1,Ca&#x27; Foscari School for International Education,https://thuisitaliaans.com/scuole/fr/ca-foscari-school-for-international-education,8,Answer+BreadcrumbList+Country+FAQPage+GeoCoordinates+ImageOb,si,2521,9,123,0,3,title lungo; description lunga
scuole/fr/caffe-italiano-club.html,fr,Caffè Italiano Club — cours d&#x27;italien à Tropea | thuisitaliaans,68,150,1,Caffè Italiano Club,https://thuisitaliaans.com/scuole/fr/caffe-italiano-club,8,Answer+BreadcrumbList+Country+FAQPage+GeoCoordinates+ImageOb,si,2372,9,122,0,3,title lungo
scuole/fr/centro-culturale-giacomo-puccini.html,fr,Centro Culturale Giacomo Puccini — cours d&#x27;italien à Viareggio | thuisitaliaans,84,165,1,Centro Culturale Giacomo Puccini,https://thuisitaliaans.com/scuole/fr/centro-culturale-giacomo-puccini,8,Answer+BreadcrumbList+Country+FAQPage+GeoCoordinates+ImageOb,si,2347,9,124,0,3,title lungo
scuole/fr/centro-fiorenza-isola-d-elba.html,fr,Centro Fiorenza Isola d&#x27;Elba — cours d&#x27;italien à Isola d&#x27;Elba | thuisitaliaans,93,174,1,Centro Fiorenza Isola d&#x27;Elba,https://thuisitaliaans.com/scuole/fr/centro-fiorenza-isola-d-elba,8,Answer+BreadcrumbList+Country+FAQPage+GeoCoordinates+ImageOb,si,2280,9,119,0,3,title lungo; description lunga
scuole/fr/centro-fiorenza.html,fr,Centro Fiorenza — cours d&#x27;italien à Firenze | thuisitaliaans,65,146,1,Centro Fiorenza,https://thuisitaliaans.com/scuole/fr/centro-fiorenza,8,Answer+BreadcrumbList+Country+Course+CourseInstance+Educatio,si,2505,9,129,0,3,
scuole/fr/centro-italiano-firenze.html,fr,Centro Italiano Firenze — cours d&#x27;italien à Firenze | thuisitaliaans,73,154,1,Centro Italiano Firenze,https://thuisitaliaans.com/scuole/fr/centro-italiano-firenze,8,Answer+BreadcrumbList+Country+FAQPage+GeoCoordinates+ImageOb,si,2549,9,129,0,3,title lungo
scuole/fr/centro-italiano.html,fr,Centro Italiano — cours d&#x27;italien à Napoli | thuisitaliaans,64,146,1,Centro Italiano,https://thuisitaliaans.com/scuole/fr/centro-italiano,8,Answer+BreadcrumbList+Country+FAQPage+GeoCoordinates+ImageOb,si,2351,9,121,0,3,
scuole/fr/centro-koine-firenze.html,fr,Centro Koinè Firenze — cours d&#x27;italien à Firenze | thuisitaliaans,70,151,1,Centro Koinè Firenze,https://thuisitaliaans.com/scuole/fr/centro-koine-firenze,8,Answer+BreadcrumbList+Country+FAQPage+GeoCoordinates+ImageOb,si,2512,9,129,0,3,title lungo
scuole/fr/centro-koine-lucca.html,fr,Centro Koinè Lucca — cours d&#x27;italien à Lucca | thuisitaliaans,66,147,1,Centro Koinè Lucca,https://thuisitaliaans.com/scuole/fr/centro-koine-lucca,8,Answer+BreadcrumbList+Country+FAQPage+GeoCoordinates+ImageOb,si,2353,9,124,0,3,title lungo
scuole/fr/centro-lingua-italiana-calvino.html,fr,Centro Lingua Italiana Calvino — cours d&#x27;italien à Firenze | thuisitaliaans,80,161,1,Centro Lingua Italiana Calvino,https://thuisitaliaans.com/scuole/fr/centro-lingua-italiana-calvino,8,Answer+BreadcrumbList+Country+FAQPage+GeoCoordinates+ImageOb,si,2529,9,129,0,3,title lungo
scuole/fr/centro-machiavelli.html,fr,Centro Machiavelli — cours d&#x27;italien à Firenze | thuisitaliaans,68,149,1,Centro Machiavelli,https://thuisitaliaans.com/scuole/fr/centro-machiavelli,8,Answer+BreadcrumbList+Country+FAQPage+GeoCoordinates+ImageOb,si,2535,9,129,0,3,title lungo
scuole/fr/centro-studi-italiani.html,fr,Centro Studi Italiani — cours d&#x27;italien à Urbania | thuisitaliaans,71,151,1,Centro Studi Italiani,https://thuisitaliaans.com/scuole/fr/centro-studi-italiani,8,Answer+BreadcrumbList+Country+FAQPage+GeoCoordinates+ImageOb,si,2288,9,123,0,3,title lungo
scuole/fr/ciao-italia.html,fr,Ciao Italia — cours d&#x27;italien à Roma | thuisitaliaans,58,137,1,Ciao Italia,https://thuisitaliaans.com/scuole/fr/ciao-italia,8,Answer+BreadcrumbList+Country+FAQPage+GeoCoordinates+ImageOb,si,2433,9,126,0,3,
scuole/fr/ciaoitaly-scuola-leonardo-da-vinci-torino.html,fr,CiaoItaly Scuola Leonardo da Vinci Torino — cours d&#x27;italien à Torino | thuisitaliaans,90,172,1,CiaoItaly Scuola Leonardo da Vinci Torino,https://thuisitaliaans.com/scuole/fr/ciaoitaly-scuola-leonardo-da-vinci-torino,8,Answer+BreadcrumbList+Country+FAQPage+GeoCoordinates+ImageOb,si,2320,8,120,0,3,title lungo; description lunga
scuole/fr/citta/alberobello.html,fr,Écoles d&#x27;italien à Alberobello — 1 école | thuisitaliaans,62,153,1,Écoles d'italien à Alberobello,https://thuisitaliaans.com/scuole/fr/citta/alberobello,8,Answer+FAQPage+ImageObject+ItemList+LanguageSchool+ListItem+,si,712,3,17,0,3,
scuole/fr/citta/alghero.html,fr,Écoles d&#x27;italien à Alghero — 1 école | thuisitaliaans,58,149,1,Écoles d'italien à Alghero,https://thuisitaliaans.com/scuole/fr/citta/alghero,8,Answer+FAQPage+ImageObject+ItemList+LanguageSchool+ListItem+,si,659,3,17,0,3,
scuole/fr/citta/arezzo.html,fr,Écoles d&#x27;italien à Arezzo — 1 école | thuisitaliaans,57,148,1,Écoles d'italien à Arezzo,https://thuisitaliaans.com/scuole/fr/citta/arezzo,8,Answer+FAQPage+ImageObject+ItemList+LanguageSchool+ListItem+,si,645,3,27,0,3,
scuole/fr/citta/assisi.html,fr,Écoles d&#x27;italien à Assisi — 1 école | thuisitaliaans,57,148,1,Écoles d'italien à Assisi,https://thuisitaliaans.com/scuole/fr/citta/assisi,8,Answer+FAQPage+ImageObject+ItemList+LanguageSchool+ListItem+,si,671,3,21,0,3,
scuole/fr/citta/bagno-di-romagna.html,fr,Écoles d&#x27;italien à Bagno di Romagna — 1 école | thuisitaliaans,67,158,1,Écoles d'italien à Bagno di Romagna,https://thuisitaliaans.com/scuole/fr/citta/bagno-di-romagna,8,Answer+FAQPage+ImageObject+ItemList+LanguageSchool+ListItem+,si,696,3,23,0,3,title lungo
scuole/fr/citta/bologna.html,fr,Écoles d&#x27;italien à Bologna — 4 écoles | thuisitaliaans,59,150,1,Écoles d'italien à Bologna,https://thuisitaliaans.com/scuole/fr/citta/bologna,8,Answer+FAQPage+ImageObject+ItemList+LanguageSchool+ListItem+,si,806,3,29,0,3,
scuole/fr/citta/bolzano.html,fr,Écoles d&#x27;italien à Bolzano — 1 école | thuisitaliaans,58,149,1,Écoles d'italien à Bolzano,https://thuisitaliaans.com/scuole/fr/citta/bolzano,8,Answer+FAQPage+ImageObject+ItemList+LanguageSchool+ListItem+,si,702,2,18,0,3,
scuole/fr/citta/cagliari.html,fr,Écoles d&#x27;italien à Cagliari — 1 école | thuisitaliaans,59,150,1,Écoles d'italien à Cagliari,https://thuisitaliaans.com/scuole/fr/citta/cagliari,8,Answer+FAQPage+ImageObject+ItemList+LanguageSchool+ListItem+,si,632,3,17,0,3,
scuole/fr/citta/cefalu.html,fr,Écoles d&#x27;italien à Cefalù — 1 école | thuisitaliaans,57,148,1,Écoles d'italien à Cefalù,https://thuisitaliaans.com/scuole/fr/citta/cefalu,8,Answer+FAQPage+ImageObject+ItemList+LanguageSchool+ListItem+,si,627,3,21,0,3,
scuole/fr/citta/firenze.html,fr,Écoles d&#x27;italien à Firenze — 24 écoles | thuisitaliaans,60,151,1,Écoles d'italien à Firenze,https://thuisitaliaans.com/scuole/fr/citta/firenze,8,Answer+FAQPage+ImageObject+ItemList+LanguageSchool+ListItem+,si,1404,3,71,0,3,
scuole/fr/citta/genova.html,fr,Écoles d&#x27;italien à Genova — 2 écoles | thuisitaliaans,58,149,1,Écoles d'italien à Genova,https://thuisitaliaans.com/scuole/fr/citta/genova,8,Answer+FAQPage+ImageObject+ItemList+LanguageSchool+ListItem+,si,713,2,19,0,3,
scuole/fr/citta/grottaglie.html,fr,Écoles d&#x27;italien à Grottaglie — 1 école | thuisitaliaans,61,152,1,Écoles d'italien à Grottaglie,https://thuisitaliaans.com/scuole/fr/citta/grottaglie,8,Answer+FAQPage+ImageObject+ItemList+LanguageSchool+ListItem+,si,688,3,17,0,3,
scuole/fr/citta/isola-d-elba.html,fr,Écoles d&#x27;italien à Isola d&#x27;Elba — 1 école | thuisitaliaans,68,159,1,Écoles d'italien à Isola d'Elba,https://thuisitaliaans.com/scuole/fr/citta/isola-d-elba,8,Answer+FAQPage+ImageObject+ItemList+LanguageSchool+ListItem+,si,619,3,22,0,3,title lungo
scuole/fr/citta/la-maddalena.html,fr,Écoles d&#x27;italien à La Maddalena — 1 école | thuisitaliaans,63,154,1,Écoles d'italien à La Maddalena,https://thuisitaliaans.com/scuole/fr/citta/la-maddalena,8,Answer+FAQPage+ImageObject+ItemList+LanguageSchool+ListItem+,si,703,3,18,0,3,
scuole/fr/citta/lignano-sabbiadoro.html,fr,Écoles d&#x27;italien à Lignano Sabbiadoro — 1 école | thuisitaliaans,69,160,1,Écoles d'italien à Lignano Sabbiadoro,https://thuisitaliaans.com/scuole/fr/citta/lignano-sabbiadoro,8,Answer+FAQPage+ImageObject+ItemList+LanguageSchool+ListItem+,si,657,3,17,0,3,title lungo
scuole/fr/citta/lucca.html,fr,Écoles d&#x27;italien à Lucca — 2 écoles | thuisitaliaans,57,148,1,Écoles d'italien à Lucca,https://thuisitaliaans.com/scuole/fr/citta/lucca,8,Answer+FAQPage+ImageObject+ItemList+LanguageSchool+ListItem+,si,774,3,29,0,3,
scuole/fr/citta/merano.html,fr,Écoles d&#x27;italien à Merano — 1 école | thuisitaliaans,57,148,1,Écoles d'italien à Merano,https://thuisitaliaans.com/scuole/fr/citta/merano,8,Answer+FAQPage+ImageObject+ItemList+LanguageSchool+ListItem+,si,710,2,18,0,3,
scuole/fr/citta/milano.html,fr,Écoles d&#x27;italien à Milano — 4 écoles | thuisitaliaans,58,149,1,Écoles d'italien à Milano,https://thuisitaliaans.com/scuole/fr/citta/milano,8,Answer+FAQPage+ImageObject+ItemList+LanguageSchool+ListItem+,si,822,3,20,0,3,
scuole/fr/citta/milazzo.html,fr,Écoles d&#x27;italien à Milazzo — 1 école | thuisitaliaans,58,149,1,Écoles d'italien à Milazzo,https://thuisitaliaans.com/scuole/fr/citta/milazzo,8,Answer+FAQPage+ImageObject+ItemList+LanguageSchool+ListItem+,si,659,3,22,0,3,
scuole/fr/citta/modena.html,fr,Écoles d&#x27;italien à Modena — 1 école | thuisitaliaans,57,148,1,Écoles d'italien à Modena,https://thuisitaliaans.com/scuole/fr/citta/modena,8,Answer+FAQPage+ImageObject+ItemList+LanguageSchool+ListItem+,si,655,3,22,0,3,
scuole/fr/citta/montepulciano.html,fr,Écoles d&#x27;italien à Montepulciano — 1 école | thuisitaliaans,64,155,1,Écoles d'italien à Montepulciano,https://thuisitaliaans.com/scuole/fr/citta/montepulciano,8,Answer+FAQPage+ImageObject+ItemList+LanguageSchool+ListItem+,si,687,3,27,0,3,
scuole/fr/citta/napoli.html,fr,Écoles d&#x27;italien à Napoli — 1 école | thuisitaliaans,57,148,1,Écoles d'italien à Napoli,https://thuisitaliaans.com/scuole/fr/citta/napoli,8,Answer+FAQPage+ImageObject+ItemList+LanguageSchool+ListItem+,si,709,3,18,0,3,
scuole/fr/citta/olbia.html,fr,Écoles d&#x27;italien à Olbia — 1 école | thuisitaliaans,56,147,1,Écoles d'italien à Olbia,https://thuisitaliaans.com/scuole/fr/citta/olbia,8,Answer+FAQPage+ImageObject+ItemList+LanguageSchool+ListItem+,si,706,3,18,0,3,
scuole/fr/citta/orbetello.html,fr,Écoles d&#x27;italien à Orbetello — 1 école | thuisitaliaans,60,151,1,Écoles d'italien à Orbetello,https://thuisitaliaans.com/scuole/fr/citta/orbetello,8,Answer+FAQPage+ImageObject+ItemList+LanguageSchool+ListItem+,si,684,3,27,0,3,
scuole/fr/citta/orvieto.html,fr,Écoles d&#x27;italien à Orvieto — 1 école | thuisitaliaans,58,149,1,Écoles d'italien à Orvieto,https://thuisitaliaans.com/scuole/fr/citta/orvieto,8,Answer+FAQPage+ImageObject+ItemList+LanguageSchool+ListItem+,si,661,3,21,0,3,
scuole/fr/citta/otranto.html,fr,Écoles d&#x27;italien à Otranto — 1 école | thuisitaliaans,58,149,1,Écoles d'italien à Otranto,https://thuisitaliaans.com/scuole/fr/citta/otranto,8,Answer+FAQPage+ImageObject+ItemList+LanguageSchool+ListItem+,si,620,3,16,0,3,
scuole/fr/citta/padova.html,fr,Écoles d&#x27;italien à Padova — 1 école | thuisitaliaans,57,148,1,Écoles d'italien à Padova,https://thuisitaliaans.com/scuole/fr/citta/padova,8,Answer+FAQPage+ImageObject+ItemList+LanguageSchool+ListItem+,si,663,3,19,0,3,
scuole/fr/citta/palermo-mondello.html,fr,Écoles d&#x27;italien à Palermo (Mondello) — 1 école | thuisitaliaans,69,160,1,Écoles d'italien à Palermo (Mondello),https://thuisitaliaans.com/scuole/fr/citta/palermo-mondello,8,Answer+FAQPage+ImageObject+ItemList+LanguageSchool+ListItem+,si,696,3,22,0,3,title lungo
scuole/fr/citta/palermo.html,fr,Écoles d&#x27;italien à Palermo — 1 école | thuisitaliaans,58,149,1,Écoles d'italien à Palermo,https://thuisitaliaans.com/scuole/fr/citta/palermo,8,Answer+FAQPage+ImageObject+ItemList+LanguageSchool+ListItem+,si,681,3,22,0,3,
scuole/fr/citta/perugia.html,fr,Écoles d&#x27;italien à Perugia — 2 écoles | thuisitaliaans,59,150,1,Écoles d'italien à Perugia,https://thuisitaliaans.com/scuole/fr/citta/perugia,8,Answer+FAQPage+ImageObject+ItemList+LanguageSchool+ListItem+,si,766,3,23,0,3,
scuole/fr/citta/pisa.html,fr,Écoles d&#x27;italien à Pisa — 1 école | thuisitaliaans,55,146,1,Écoles d'italien à Pisa,https://thuisitaliaans.com/scuole/fr/citta/pisa,8,Answer+FAQPage+ImageObject+ItemList+LanguageSchool+ListItem+,si,723,3,27,0,3,
scuole/fr/citta/ravenna.html,fr,Écoles d&#x27;italien à Ravenna — 1 école | thuisitaliaans,58,149,1,Écoles d'italien à Ravenna,https://thuisitaliaans.com/scuole/fr/citta/ravenna,8,Answer+FAQPage+ImageObject+ItemList+LanguageSchool+ListItem+,si,707,2,23,0,3,
scuole/fr/citta/recanati.html,fr,Écoles d&#x27;italien à Recanati — 1 école | thuisitaliaans,59,150,1,Écoles d'italien à Recanati,https://thuisitaliaans.com/scuole/fr/citta/recanati,8,Answer+FAQPage+ImageObject+ItemList+LanguageSchool+ListItem+,si,666,3,17,0,3,
scuole/fr/citta/reggio-calabria.html,fr,Écoles d&#x27;italien à Reggio Calabria — 1 école | thuisitaliaans,66,157,1,Écoles d'italien à Reggio Calabria,https://thuisitaliaans.com/scuole/fr/citta/reggio-calabria,8,Answer+FAQPage+ImageObject+ItemList+LanguageSchool+ListItem+,si,645,2,18,0,3,title lungo
scuole/fr/citta/reggio-emilia.html,fr,Écoles d&#x27;italien à Reggio Emilia — 1 école | thuisitaliaans,64,155,1,Écoles d'italien à Reggio Emilia,https://thuisitaliaans.com/scuole/fr/citta/reggio-emilia,8,Answer+FAQPage+ImageObject+ItemList+LanguageSchool+ListItem+,si,680,3,22,0,3,
scuole/fr/citta/rimini.html,fr,Écoles d&#x27;italien à Rimini — 1 école | thuisitaliaans,57,148,1,Écoles d'italien à Rimini,https://thuisitaliaans.com/scuole/fr/citta/rimini,8,Answer+FAQPage+ImageObject+ItemList+LanguageSchool+ListItem+,si,673,2,23,0,3,
scuole/fr/citta/riva-del-garda.html,fr,Écoles d&#x27;italien à Riva del Garda — 1 école | thuisitaliaans,65,156,1,Écoles d'italien à Riva del Garda,https://thuisitaliaans.com/scuole/fr/citta/riva-del-garda,8,Answer+FAQPage+ImageObject+ItemList+LanguageSchool+ListItem+,si,709,3,19,0,3,
scuole/fr/citta/roma.html,fr,Écoles d&#x27;italien à Roma — 11 école | thuisitaliaans,56,148,1,Écoles d'italien à Roma,https://thuisitaliaans.com/scuole/fr/citta/roma,8,Answer+FAQPage+ImageObject+ItemList+LanguageSchool+ListItem+,si,1122,3,36,0,3,
scuole/fr/citta/salerno.html,fr,Écoles d&#x27;italien à Salerno — 2 écoles | thuisitaliaans,59,150,1,Écoles d'italien à Salerno,https://thuisitaliaans.com/scuole/fr/citta/salerno,8,Answer+FAQPage+ImageObject+ItemList+LanguageSchool+ListItem+,si,707,2,20,0,3,
scuole/fr/citta/san-giovanni-valdarno.html,fr,Écoles d&#x27;italien à San Giovanni Valdarno — 1 école | thuisitaliaans,72,163,1,Écoles d'italien à San Giovanni Valdarno,https://thuisitaliaans.com/scuole/fr/citta/san-giovanni-valdarno,8,Answer+FAQPage+ImageObject+ItemList+LanguageSchool+ListItem+,si,681,3,27,0,3,title lungo
scuole/fr/citta/sanremo.html,fr,Écoles d&#x27;italien à Sanremo — 1 école | thuisitaliaans,58,149,1,Écoles d'italien à Sanremo,https://thuisitaliaans.com/scuole/fr/citta/sanremo,8,Answer+FAQPage+ImageObject+ItemList+LanguageSchool+ListItem+,si,632,3,16,0,3,
scuole/fr/citta/sestri-levante.html,fr,Écoles d&#x27;italien à Sestri Levante — 1 école | thuisitaliaans,65,156,1,Écoles d'italien à Sestri Levante,https://thuisitaliaans.com/scuole/fr/citta/sestri-levante,8,Answer+FAQPage+ImageObject+ItemList+LanguageSchool+ListItem+,si,696,3,18,0,3,
scuole/fr/citta/siena.html,fr,Écoles d&#x27;italien à Siena — 3 écoles | thuisitaliaans,57,148,1,Écoles d'italien à Siena,https://thuisitaliaans.com/scuole/fr/citta/siena,8,Answer+FAQPage+ImageObject+ItemList+LanguageSchool+ListItem+,si,773,3,31,0,3,
scuole/fr/citta/sorrento.html,fr,Écoles d&#x27;italien à Sorrento — 1 école | thuisitaliaans,59,150,1,Écoles d'italien à Sorrento,https://thuisitaliaans.com/scuole/fr/citta/sorrento,8,Answer+FAQPage+ImageObject+ItemList+LanguageSchool+ListItem+,si,648,3,18,0,3,
scuole/fr/citta/taormina.html,fr,Écoles d&#x27;italien à Taormina — 1 école | thuisitaliaans,59,150,1,Écoles d'italien à Taormina,https://thuisitaliaans.com/scuole/fr/citta/taormina,8,Answer+FAQPage+ImageObject+ItemList+LanguageSchool+ListItem+,si,671,3,21,0,3,
scuole/fr/citta/todi.html,fr,Écoles d&#x27;italien à Todi — 1 école | thuisitaliaans,55,146,1,Écoles d'italien à Todi,https://thuisitaliaans.com/scuole/fr/citta/todi,8,Answer+FAQPage+ImageObject+ItemList+LanguageSchool+ListItem+,si,641,3,21,0,3,
scuole/fr/citta/torino.html,fr,Écoles d&#x27;italien à Torino — 2 écoles | thuisitaliaans,58,149,1,Écoles d'italien à Torino,https://thuisitaliaans.com/scuole/fr/citta/torino,8,Answer+FAQPage+ImageObject+ItemList+LanguageSchool+ListItem+,si,719,2,16,0,3,
scuole/fr/citta/trapani.html,fr,Écoles d&#x27;italien à Trapani — 1 école | thuisitaliaans,58,149,1,Écoles d'italien à Trapani,https://thuisitaliaans.com/scuole/fr/citta/trapani,8,Answer+FAQPage+ImageObject+ItemList+LanguageSchool+ListItem+,si,709,3,21,0,3,
scuole/fr/citta/trento.html,fr,Écoles d&#x27;italien à Trento — 1 école | thuisitaliaans,57,148,1,Écoles d'italien à Trento,https://thuisitaliaans.com/scuole/fr/citta/trento,8,Answer+FAQPage+ImageObject+ItemList+LanguageSchool+ListItem+,si,704,3,19,0,3,
scuole/fr/citta/trieste.html,fr,Écoles d&#x27;italien à Trieste — 2 écoles | thuisitaliaans,59,150,1,Écoles d'italien à Trieste,https://thuisitaliaans.com/scuole/fr/citta/trieste,8,Answer+FAQPage+ImageObject+ItemList+LanguageSchool+ListItem+,si,747,2,18,0,3,
scuole/fr/citta/tropea.html,fr,Écoles d&#x27;italien à Tropea — 2 écoles | thuisitaliaans,58,149,1,Écoles d'italien à Tropea,https://thuisitaliaans.com/scuole/fr/citta/tropea,8,Answer+FAQPage+ImageObject+ItemList+LanguageSchool+ListItem+,si,714,3,19,0,3,
scuole/fr/citta/tuscania.html,fr,Écoles d&#x27;italien à Tuscania — 1 école | thuisitaliaans,59,150,1,Écoles d'italien à Tuscania,https://thuisitaliaans.com/scuole/fr/citta/tuscania,8,Answer+FAQPage+ImageObject+ItemList+LanguageSchool+ListItem+,si,635,3,19,0,3,
scuole/fr/citta/urbania.html,fr,Écoles d&#x27;italien à Urbania — 1 école | thuisitaliaans,58,149,1,Écoles d'italien à Urbania,https://thuisitaliaans.com/scuole/fr/citta/urbania,8,Answer+FAQPage+ImageObject+ItemList+LanguageSchool+ListItem+,si,642,3,19,0,3,
scuole/fr/citta/venezia.html,fr,Écoles d&#x27;italien à Venezia — 3 écoles | thuisitaliaans,59,150,1,Écoles d'italien à Venezia,https://thuisitaliaans.com/scuole/fr/citta/venezia,8,Answer+FAQPage+ImageObject+ItemList+LanguageSchool+ListItem+,si,871,3,22,0,3,
scuole/fr/citta/verona.html,fr,Écoles d&#x27;italien à Verona — 3 écoles | thuisitaliaans,58,149,1,Écoles d'italien à Verona,https://thuisitaliaans.com/scuole/fr/citta/verona,8,Answer+FAQPage+ImageObject+ItemList+LanguageSchool+ListItem+,si,794,2,24,0,3,
scuole/fr/citta/viareggio.html,fr,Écoles d&#x27;italien à Viareggio — 2 écoles | thuisitaliaans,61,152,1,Écoles d'italien à Viareggio,https://thuisitaliaans.com/scuole/fr/citta/viareggio,8,Answer+FAQPage+ImageObject+ItemList+LanguageSchool+ListItem+,si,774,3,29,0,3,
scuole/fr/clm-bell-riva-del-garda.html,fr,CLM Bell Riva del Garda — cours d&#x27;italien à Riva del Garda | thuisitaliaans,80,162,1,CLM Bell Riva del Garda,https://thuisitaliaans.com/scuole/fr/clm-bell-riva-del-garda,8,Answer+BreadcrumbList+Country+FAQPage+GeoCoordinates+ImageOb,si,2388,9,123,0,3,title lungo
scuole/fr/clm-bell-trento.html,fr,CLM Bell Trento — cours d&#x27;italien à Trento | thuisitaliaans,64,146,1,CLM Bell Trento,https://thuisitaliaans.com/scuole/fr/clm-bell-trento,8,Answer+BreadcrumbList+Country+FAQPage+GeoCoordinates+ImageOb,si,2390,9,123,0,3,
scuole/fr/comitato-linguistico.html,fr,Comitato Linguistico — cours d&#x27;italien à Perugia | thuisitaliaans,70,150,1,Comitato Linguistico,https://thuisitaliaans.com/scuole/fr/comitato-linguistico,8,Answer+BreadcrumbList+Country+Course+CourseInstance+Educatio,si,2270,9,124,0,3,title lungo
scuole/fr/cultura-italiana-arezzo.html,fr,Cultura Italiana Arezzo — cours d&#x27;italien à Arezzo | thuisitaliaans,72,153,1,Cultura Italiana Arezzo,https://thuisitaliaans.com/scuole/fr/cultura-italiana-arezzo,8,Answer+BreadcrumbList+Country+FAQPage+GeoCoordinates+ImageOb,si,2221,9,123,0,3,title lungo
scuole/fr/cultura-italiana-bologna.html,fr,Cultura Italiana Bologna — cours d&#x27;italien à Bologna | thuisitaliaans,74,162,1,Cultura Italiana Bologna,https://thuisitaliaans.com/scuole/fr/cultura-italiana-bologna,8,Answer+BreadcrumbList+Country+FAQPage+GeoCoordinates+ImageOb,si,2250,9,126,0,3,title lungo
scuole/fr/dilit-international-house.html,fr,Dilit International House — cours d&#x27;italien à Roma | thuisitaliaans,72,151,1,Dilit International House,https://thuisitaliaans.com/scuole/fr/dilit-international-house,8,Answer+BreadcrumbList+Country+FAQPage+GeoCoordinates+ImageOb,si,2440,9,126,0,3,title lungo
scuole/fr/easy-italian-language-art.html,fr,Easy Italian Language &amp; Art — cours d&#x27;italien à Venezia | thuisitaliaans,81,161,1,Easy Italian Language &amp; Art,https://thuisitaliaans.com/scuole/fr/easy-italian-language-art,8,Answer+BreadcrumbList+Country+FAQPage+GeoCoordinates+ImageOb,si,2508,9,123,0,3,title lungo
scuole/fr/ellci-milano.html,fr,ELLCI Milano — cours d&#x27;italien à Milano | thuisitaliaans,61,144,1,ELLCI Milano,https://thuisitaliaans.com/scuole/fr/ellci-milano,8,Answer+BreadcrumbList+Country+FAQPage+GeoCoordinates+ImageOb,si,2418,9,122,0,3,
scuole/fr/europass-italian-language-school.html,fr,Europass Italian Language School — cours d&#x27;italien à Firenze | thuisitaliaans,82,163,1,Europass Italian Language School,https://thuisitaliaans.com/scuole/fr/europass-italian-language-school,8,Answer+BreadcrumbList+Country+FAQPage+GeoCoordinates+ImageOb,si,2517,9,129,0,3,title lungo
scuole/fr/gaia-institute.html,fr,GAIA Institute — cours d&#x27;italien à La Maddalena | thuisitaliaans,69,151,1,GAIA Institute,https://thuisitaliaans.com/scuole/fr/gaia-institute,8,Answer+BreadcrumbList+Country+FAQPage+GeoCoordinates+ImageOb,si,2151,9,120,0,3,title lungo
scuole/fr/idea-verona.html,fr,Idea Verona — cours d&#x27;italien à Verona | thuisitaliaans,60,140,1,Idea Verona,https://thuisitaliaans.com/scuole/fr/idea-verona,8,Answer+BreadcrumbList+Country+FAQPage+GeoCoordinates+ImageOb,si,2349,8,125,0,3,
scuole/fr/il-centro.html,fr,Il Centro — cours d&#x27;italien à Milano | thuisitaliaans,58,141,1,Il Centro,https://thuisitaliaans.com/scuole/fr/il-centro,8,Answer+BreadcrumbList+Country+FAQPage+GeoCoordinates+ImageOb,si,2377,9,122,0,3,
scuole/fr/il-sasso.html,fr,Il Sasso — cours d&#x27;italien à Montepulciano | thuisitaliaans,64,145,1,Il Sasso,https://thuisitaliaans.com/scuole/fr/il-sasso,8,Answer+BreadcrumbList+Country+FAQPage+GeoCoordinates+ImageOb,si,2340,9,123,0,3,
scuole/fr/il-sillabo.html,fr,Il Sillabo — cours d&#x27;italien à San Giovanni Valdarno | thuisitaliaans,74,155,1,Il Sillabo,https://thuisitaliaans.com/scuole/fr/il-sillabo,8,Answer+BreadcrumbList+Country+FAQPage+GeoCoordinates+ImageOb,si,2359,9,123,0,3,title lungo
scuole/fr/index.html,fr,Séjours linguistiques en Italie — 108 écoles d&#x27;italien | thuisitaliaans,76,157,1,"Écoles d'italien en Italie : trouvez votre cours, planifiez le voyage ",https://thuisitaliaans.com/scuole/fr/,8,Answer+BreadcrumbList+FAQPage+ItemList+ListItem+Question+Web,si,9,0,67,1,2,title lungo; pagina sottile; link a .html ×1
scuole/fr/inflorence-academy.html,fr,InFlorence Academy — cours d&#x27;italien à Firenze | thuisitaliaans,68,149,1,InFlorence Academy,https://thuisitaliaans.com/scuole/fr/inflorence-academy,8,Answer+BreadcrumbList+Country+FAQPage+GeoCoordinates+ImageOb,si,2509,9,129,0,3,title lungo
scuole/fr/influent.html,fr,Influent — cours d&#x27;italien à Firenze | thuisitaliaans,58,139,1,Influent,https://thuisitaliaans.com/scuole/fr/influent,8,Answer+BreadcrumbList+Country+FAQPage+GeoCoordinates+ImageOb,si,2379,9,129,0,3,
scuole/fr/istituto-europeo.html,fr,Istituto Europeo — cours d&#x27;italien à Firenze | thuisitaliaans,66,147,1,Istituto Europeo,https://thuisitaliaans.com/scuole/fr/istituto-europeo,8,Answer+BreadcrumbList+Country+FAQPage+GeoCoordinates+ImageOb,si,2505,9,129,0,3,title lungo
scuole/fr/istituto-galilei.html,fr,Istituto Galilei — cours d&#x27;italien à Firenze | thuisitaliaans,66,147,1,Istituto Galilei,https://thuisitaliaans.com/scuole/fr/istituto-galilei,8,Answer+BreadcrumbList+Country+FAQPage+GeoCoordinates+ImageOb,si,2658,9,129,0,3,title lungo
scuole/fr/istituto-il-david.html,fr,Istituto Il David — cours d&#x27;italien à Firenze | thuisitaliaans,67,148,1,Istituto Il David,https://thuisitaliaans.com/scuole/fr/istituto-il-david,8,Answer+BreadcrumbList+Country+FAQPage+GeoCoordinates+ImageOb,si,2593,9,129,0,3,title lungo
scuole/fr/istituto-italiano.html,fr,Istituto Italiano — cours d&#x27;italien à Roma | thuisitaliaans,64,143,1,Istituto Italiano,https://thuisitaliaans.com/scuole/fr/istituto-italiano,8,Answer+BreadcrumbList+Country+FAQPage+GeoCoordinates+ImageOb,si,2409,9,126,0,3,
scuole/fr/istituto-linguistico-mediterraneo.html,fr,Istituto Linguistico Mediterraneo — cours d&#x27;italien à Pisa | thuisitaliaans,80,161,1,Istituto Linguistico Mediterraneo,https://thuisitaliaans.com/scuole/fr/istituto-linguistico-mediterraneo,8,Answer+BreadcrumbList+Country+FAQPage+GeoCoordinates+ImageOb,si,2409,9,123,0,3,title lungo
scuole/fr/istituto-lorenzo-de-medici-firenze.html,fr,Istituto Lorenzo de&#x27; Medici Firenze — cours d&#x27;italien à Firenze | thuisitaliaans,90,171,1,Istituto Lorenzo de&#x27; Medici Firenze,https://thuisitaliaans.com/scuole/fr/istituto-lorenzo-de-medici-firenze,8,Answer+BreadcrumbList+Country+FAQPage+GeoCoordinates+ImageOb,si,2588,9,129,0,3,title lungo; description lunga
scuole/fr/istituto-lorenzo-de-medici-roma.html,fr,Istituto Lorenzo de&#x27; Medici Roma — cours d&#x27;italien à Roma | thuisitaliaans,84,163,1,Istituto Lorenzo de&#x27; Medici Roma,https://thuisitaliaans.com/scuole/fr/istituto-lorenzo-de-medici-roma,8,Answer+BreadcrumbList+Country+FAQPage+GeoCoordinates+ImageOb,si,2574,9,126,0,3,title lungo
scuole/fr/istituto-lorenzo-de-medici-tuscania.html,fr,Istituto Lorenzo de&#x27; Medici Tuscania — cours d&#x27;italien à Tuscania | thuisitaliaans,92,171,1,Istituto Lorenzo de&#x27; Medici Tuscania,https://thuisitaliaans.com/scuole/fr/istituto-lorenzo-de-medici-tuscania,8,Answer+BreadcrumbList+Country+FAQPage+GeoCoordinates+ImageOb,si,2316,9,123,0,3,title lungo; description lunga
scuole/fr/istituto-michelangelo.html,fr,Istituto Michelangelo — cours d&#x27;italien à Firenze | thuisitaliaans,71,152,1,Istituto Michelangelo,https://thuisitaliaans.com/scuole/fr/istituto-michelangelo,8,Answer+BreadcrumbList+Country+FAQPage+GeoCoordinates+ImageOb,si,2593,9,129,0,3,title lungo
scuole/fr/istituto-venezia-trieste.html,fr,Istituto Venezia Trieste — cours d&#x27;italien à Trieste | thuisitaliaans,74,169,1,Istituto Venezia Trieste,https://thuisitaliaans.com/scuole/fr/istituto-venezia-trieste,8,Answer+BreadcrumbList+Country+FAQPage+GeoCoordinates+ImageOb,si,2323,8,121,0,3,title lungo; description lunga
scuole/fr/istituto-venezia.html,fr,Istituto Venezia — cours d&#x27;italien à Venezia | thuisitaliaans,66,146,1,Istituto Venezia,https://thuisitaliaans.com/scuole/fr/istituto-venezia,8,Answer+BreadcrumbList+Country+FAQPage+GeoCoordinates+ImageOb,si,2462,9,123,0,3,title lungo
scuole/fr/italiaidea.html,fr,Italiaidea — cours d&#x27;italien à Roma | thuisitaliaans,57,136,1,Italiaidea,https://thuisitaliaans.com/scuole/fr/italiaidea,8,Answer+BreadcrumbList+Country+FAQPage+GeoCoordinates+ImageOb,si,2565,9,126,0,3,
scuole/fr/italianme.html,fr,Italianme — cours d&#x27;italien à Firenze | thuisitaliaans,59,140,1,Italianme,https://thuisitaliaans.com/scuole/fr/italianme,8,Answer+BreadcrumbList+Country+FAQPage+GeoCoordinates+ImageOb,si,2417,9,129,0,3,
scuole/fr/itastra-universita-di-palermo.html,fr,Itastra Università di Palermo — cours d&#x27;italien à Palermo | thuisitaliaans,79,160,1,Itastra Università di Palermo,https://thuisitaliaans.com/scuole/fr/itastra-universita-di-palermo,8,Answer+BreadcrumbList+Country+FAQPage+GeoCoordinates+ImageOb,si,2300,9,122,0,3,title lungo
scuole/fr/kappa-language-school.html,fr,Kappa Language School — cours d&#x27;italien à Roma | thuisitaliaans,68,147,1,Kappa Language School,https://thuisitaliaans.com/scuole/fr/kappa-language-school,8,Answer+BreadcrumbList+Country+FAQPage+GeoCoordinates+ImageOb,si,2517,9,126,0,3,title lungo
scuole/fr/l-italiano-con-noi.html,fr,L&#x27;Italiano con Noi — cours d&#x27;italien à Verona | thuisitaliaans,72,152,1,L&#x27;Italiano con Noi,https://thuisitaliaans.com/scuole/fr/l-italiano-con-noi,8,Answer+BreadcrumbList+Country+FAQPage+GeoCoordinates+ImageOb,si,2325,8,125,0,3,title lungo
scuole/fr/l-italiano-porticando.html,fr,L&#x27;Italiano Porticando — cours d&#x27;italien à Torino | thuisitaliaans,75,157,1,L&#x27;Italiano Porticando,https://thuisitaliaans.com/scuole/fr/l-italiano-porticando,8,Answer+BreadcrumbList+Country+FAQPage+GeoCoordinates+ImageOb,si,2256,8,120,0,3,title lungo
scuole/fr/la-lingua-la-vita.html,fr,La Lingua La Vita — cours d&#x27;italien à Todi | thuisitaliaans,64,144,1,La Lingua La Vita,https://thuisitaliaans.com/scuole/fr/la-lingua-la-vita,8,Answer+BreadcrumbList+Country+FAQPage+GeoCoordinates+ImageOb,si,2238,9,123,0,3,
scuole/fr/laboling.html,fr,Laboling — cours d&#x27;italien à Milazzo | thuisitaliaans,58,139,1,Laboling,https://thuisitaliaans.com/scuole/fr/laboling,8,Answer+BreadcrumbList+Country+FAQPage+GeoCoordinates+ImageOb,si,2269,9,122,0,3,
scuole/fr/lingua-it.html,fr,Lingua IT — cours d&#x27;italien à Verona | thuisitaliaans,58,138,1,Lingua IT,https://thuisitaliaans.com/scuole/fr/lingua-it,8,Answer+BreadcrumbList+Country+FAQPage+GeoCoordinates+ImageOb,si,2333,8,125,0,3,
scuole/fr/lingua-si.html,fr,Lingua Sì — cours d&#x27;italien à Orvieto | thuisitaliaans,59,139,1,Lingua Sì,https://thuisitaliaans.com/scuole/fr/lingua-si,8,Answer+BreadcrumbList+Country+FAQPage+GeoCoordinates+ImageOb,si,2237,9,123,0,3,
scuole/fr/linguadue.html,fr,Linguadue — cours d&#x27;italien à Milano | thuisitaliaans,58,141,1,Linguadue,https://thuisitaliaans.com/scuole/fr/linguadue,8,Answer+BreadcrumbList+Country+FAQPage+GeoCoordinates+ImageOb,si,2382,9,122,0,3,
scuole/fr/linguaviva-lignano.html,fr,Linguaviva Lignano — cours d&#x27;italien à Lignano Sabbiadoro | thuisitaliaans,79,174,1,Linguaviva Lignano,https://thuisitaliaans.com/scuole/fr/linguaviva-lignano,8,Answer+BreadcrumbList+Country+FAQPage+GeoCoordinates+ImageOb,si,2322,9,121,0,3,title lungo; description lunga
scuole/fr/linguaviva.html,fr,Linguaviva — cours d&#x27;italien à Firenze | thuisitaliaans,60,141,1,Linguaviva,https://thuisitaliaans.com/scuole/fr/linguaviva,8,Answer+BreadcrumbList+Country+FAQPage+GeoCoordinates+ImageOb,si,2532,9,129,0,3,
scuole/fr/lucca-italian-school.html,fr,Lucca Italian School — cours d&#x27;italien à Lucca | thuisitaliaans,68,149,1,Lucca Italian School,https://thuisitaliaans.com/scuole/fr/lucca-italian-school,8,Answer+BreadcrumbList+Country+FAQPage+GeoCoordinates+ImageOb,si,2346,9,124,0,3,title lungo
scuole/fr/madrelingua.html,fr,Madrelingua — cours d&#x27;italien à Bologna | thuisitaliaans,61,149,1,Madrelingua,https://thuisitaliaans.com/scuole/fr/madrelingua,8,Answer+BreadcrumbList+Country+FAQPage+GeoCoordinates+ImageOb,si,2330,9,126,0,3,
scuole/fr/mappa.html,fr,Carte des écoles d'italien en Italie | thuisitaliaans,53,125,2,"Écoles d'italien en Italie : trouvez votre cours, planifiez le voyage ",https://thuisitaliaans.com/scuole/fr/mappa,8,WebPage,,35,0,13,2,1,h1 multipli; pagina sottile; link a .html ×2
scuole/fr/omnilingua.html,fr,Omnilingua — cours d&#x27;italien à Sanremo | thuisitaliaans,60,141,1,Omnilingua,https://thuisitaliaans.com/scuole/fr/omnilingua,8,Answer+BreadcrumbList+Country+FAQPage+GeoCoordinates+ImageOb,si,2223,9,119,0,3,
scuole/fr/one-world-italiano.html,fr,One World Italiano — cours d&#x27;italien à Cagliari | thuisitaliaans,69,151,1,One World Italiano,https://thuisitaliaans.com/scuole/fr/one-world-italiano,8,Answer+BreadcrumbList+Country+FAQPage+GeoCoordinates+ImageOb,si,2204,9,119,0,3,title lungo
scuole/fr/parola-italian-language-school.html,fr,Parola Italian Language School — cours d&#x27;italien à Firenze | thuisitaliaans,80,161,1,Parola Italian Language School,https://thuisitaliaans.com/scuole/fr/parola-italian-language-school,8,Answer+BreadcrumbList+Country+FAQPage+GeoCoordinates+ImageOb,si,2380,9,129,0,3,title lungo
scuole/fr/piccola-universita-italiana-trieste.html,fr,Piccola Università Italiana Trieste — cours d&#x27;italien à Trieste | thuisitaliaans,85,180,1,Piccola Università Italiana Trieste,https://thuisitaliaans.com/scuole/fr/piccola-universita-italiana-trieste,8,Answer+BreadcrumbList+Country+FAQPage+GeoCoordinates+ImageOb,si,2431,8,121,0,3,title lungo; description lunga
scuole/fr/piccola-universita-italiana-tropea.html,fr,Piccola Università Italiana Tropea — cours d&#x27;italien à Tropea | thuisitaliaans,83,165,1,Piccola Università Italiana Tropea,https://thuisitaliaans.com/scuole/fr/piccola-universita-italiana-tropea,8,Answer+BreadcrumbList+Country+FAQPage+GeoCoordinates+ImageOb,si,2498,9,122,0,3,title lungo
scuole/fr/pintadera-centro-mediterraneo.html,fr,Pintadera Centro Mediterraneo — cours d&#x27;italien à Alghero | thuisitaliaans,79,161,1,Pintadera Centro Mediterraneo,https://thuisitaliaans.com/scuole/fr/pintadera-centro-mediterraneo,8,Answer+BreadcrumbList+Country+FAQPage+GeoCoordinates+ImageOb,si,2364,9,119,0,3,title lungo
scuole/fr/porta-d-oriente.html,fr,Porta d&#x27;Oriente — cours d&#x27;italien à Otranto | thuisitaliaans,70,150,1,Porta d&#x27;Oriente,https://thuisitaliaans.com/scuole/fr/porta-d-oriente,8,Answer+BreadcrumbList+Country+FAQPage+GeoCoordinates+ImageOb,si,2226,9,119,0,3,title lungo
scuole/fr/punto-e-virgola.html,fr,Punto e Virgola — cours d&#x27;italien à Grottaglie | thuisitaliaans,68,148,1,Punto e Virgola,https://thuisitaliaans.com/scuole/fr/punto-e-virgola,8,Answer+BreadcrumbList+Country+FAQPage+GeoCoordinates+ImageOb,si,2164,9,120,0,3,title lungo
scuole/fr/reggio-lingua.html,fr,Reggio Lingua — cours d&#x27;italien à Reggio Emilia | thuisitaliaans,69,157,1,Reggio Lingua,https://thuisitaliaans.com/scuole/fr/reggio-lingua,8,Answer+BreadcrumbList+Country+FAQPage+GeoCoordinates+ImageOb,si,2260,9,122,0,3,title lungo
scuole/fr/regione/alto-adige.html,fr,Écoles d'italien en Alto Adige — 2 écoles sélectionnées | thuisitaliaans,72,144,1,Écoles d'italien en Alto Adige,https://thuisitaliaans.com/scuole/fr/regione/alto-adige,8,BreadcrumbList+ItemList+ListItem+WebPage,,228,7,17,0,2,title lungo; pagina sottile
scuole/fr/regione/calabria.html,fr,Écoles d'italien en Calabria — 3 écoles sélectionnées | thuisitaliaans,70,142,1,Écoles d'italien en Calabria,https://thuisitaliaans.com/scuole/fr/regione/calabria,8,BreadcrumbList+ItemList+ListItem+WebPage,,246,8,19,0,2,title lungo; pagina sottile
scuole/fr/regione/campania.html,fr,Écoles d'italien en Campania — 4 écoles sélectionnées | thuisitaliaans,70,142,1,Écoles d'italien en Campania,https://thuisitaliaans.com/scuole/fr/regione/campania,8,BreadcrumbList+ItemList+ListItem+WebPage,,252,9,22,0,2,title lungo; pagina sottile
scuole/fr/regione/emilia-romagna.html,fr,Écoles d'italien en Emilia-Romagna — 9 écoles sélectionnées | thuisitaliaans,76,148,1,Écoles d'italien en Emilia-Romagna,https://thuisitaliaans.com/scuole/fr/regione/emilia-romagna,8,BreadcrumbList+ItemList+ListItem+WebPage,,327,9,35,0,2,title lungo
scuole/fr/regione/friuli-venezia-giulia.html,fr,Écoles d'italien en Friuli-Venezia Giulia — 3 écoles sélectionnées | thuisitaliaans,83,155,1,Écoles d'italien en Friuli-Venezia Giulia,https://thuisitaliaans.com/scuole/fr/regione/friuli-venezia-giulia,8,BreadcrumbList+ItemList+ListItem+WebPage,,251,8,19,0,2,title lungo; pagina sottile
scuole/fr/regione/lazio.html,fr,Écoles d'italien en Lazio — 12 écoles sélectionnées | thuisitaliaans,68,140,1,Écoles d'italien en Lazio,https://thuisitaliaans.com/scuole/fr/regione/lazio,8,BreadcrumbList+ItemList+ListItem+WebPage,,346,9,37,0,2,title lungo
scuole/fr/regione/liguria.html,fr,Écoles d'italien en Liguria — 4 écoles sélectionnées | thuisitaliaans,69,141,1,Écoles d'italien en Liguria,https://thuisitaliaans.com/scuole/fr/regione/liguria,8,BreadcrumbList+ItemList+ListItem+WebPage,,261,9,22,0,2,title lungo; pagina sottile
scuole/fr/regione/lombardia.html,fr,Écoles d'italien en Lombardia — 4 écoles sélectionnées | thuisitaliaans,71,143,1,Écoles d'italien en Lombardia,https://thuisitaliaans.com/scuole/fr/regione/lombardia,8,BreadcrumbList+ItemList+ListItem+WebPage,,233,6,20,0,2,title lungo; pagina sottile
scuole/fr/regione/marche.html,fr,Écoles d'italien en Marche — 2 écoles sélectionnées | thuisitaliaans,68,140,1,Écoles d'italien en Marche,https://thuisitaliaans.com/scuole/fr/regione/marche,8,BreadcrumbList+ItemList+ListItem+WebPage,,234,9,17,0,2,title lungo; pagina sottile
scuole/fr/regione/piemonte.html,fr,Écoles d'italien en Piemonte — 2 écoles sélectionnées | thuisitaliaans,70,142,1,Écoles d'italien en Piemonte,https://thuisitaliaans.com/scuole/fr/regione/piemonte,8,BreadcrumbList+ItemList+ListItem+WebPage,,209,5,16,0,2,title lungo; pagina sottile
scuole/fr/regione/puglia.html,fr,Écoles d'italien en Puglia — 3 écoles sélectionnées | thuisitaliaans,68,140,1,Écoles d'italien en Puglia,https://thuisitaliaans.com/scuole/fr/regione/puglia,8,BreadcrumbList+ItemList+ListItem+WebPage,,242,9,20,0,2,title lungo; pagina sottile
scuole/fr/regione/sardegna.html,fr,Écoles d'italien en Sardegna — 4 écoles sélectionnées | thuisitaliaans,70,142,1,Écoles d'italien en Sardegna,https://thuisitaliaans.com/scuole/fr/regione/sardegna,8,BreadcrumbList+ItemList+ListItem+WebPage,,255,9,23,0,2,title lungo; pagina sottile
scuole/fr/regione/sicilia.html,fr,Écoles d'italien en Sicilia — 6 écoles sélectionnées | thuisitaliaans,69,141,1,Écoles d'italien en Sicilia,https://thuisitaliaans.com/scuole/fr/regione/sicilia,8,BreadcrumbList+ItemList+ListItem+WebPage,,284,9,29,0,2,title lungo; pagina sottile
scuole/fr/regione/toscana.html,fr,Écoles d'italien en Toscana — 36 écoles sélectionnées | thuisitaliaans,70,142,1,Écoles d'italien en Toscana,https://thuisitaliaans.com/scuole/fr/regione/toscana,8,BreadcrumbList+ItemList+ListItem+WebPage,,621,9,93,0,2,title lungo
scuole/fr/regione/trentino.html,fr,Écoles d'italien en Trentino — 2 écoles sélectionnées | thuisitaliaans,70,142,1,Écoles d'italien en Trentino,https://thuisitaliaans.com/scuole/fr/regione/trentino,8,BreadcrumbList+ItemList+ListItem+WebPage,,250,9,17,0,2,title lungo; pagina sottile
scuole/fr/regione/umbria.html,fr,Écoles d'italien en Umbria — 5 écoles sélectionnées | thuisitaliaans,68,140,1,Écoles d'italien en Umbria,https://thuisitaliaans.com/scuole/fr/regione/umbria,8,BreadcrumbList+ItemList+ListItem+WebPage,,270,9,25,0,2,title lungo; pagina sottile
scuole/fr/regione/veneto.html,fr,Écoles d'italien en Veneto — 7 écoles sélectionnées | thuisitaliaans,68,140,1,Écoles d'italien en Veneto,https://thuisitaliaans.com/scuole/fr/regione/veneto,8,BreadcrumbList+ItemList+ListItem+WebPage,,289,9,28,0,2,title lungo; pagina sottile
scuole/fr/romanica.html,fr,Romanica — cours d&#x27;italien à Modena | thuisitaliaans,57,145,1,Romanica,https://thuisitaliaans.com/scuole/fr/romanica,8,Answer+BreadcrumbList+Country+FAQPage+GeoCoordinates+ImageOb,si,2224,9,122,0,3,
scuole/fr/saena-iulii.html,fr,Saena Iulia — cours d&#x27;italien à Siena | thuisitaliaans,59,140,1,Saena Iulia,https://thuisitaliaans.com/scuole/fr/saena-iulii,8,Answer+BreadcrumbList+Country+FAQPage+GeoCoordinates+ImageOb,si,2386,9,125,0,3,
scuole/fr/sant-anna-institute.html,fr,Sant&#x27;Anna Institute — cours d&#x27;italien à Sorrento | thuisitaliaans,75,157,1,Sant&#x27;Anna Institute,https://thuisitaliaans.com/scuole/fr/sant-anna-institute,8,Answer+BreadcrumbList+Country+FAQPage+GeoCoordinates+ImageOb,si,2261,9,121,0,3,title lungo
scuole/fr/scudit-scuola-d-italiano.html,fr,Scudit Scuola d&#x27;Italiano — cours d&#x27;italien à Roma | thuisitaliaans,76,155,1,Scudit Scuola d&#x27;Italiano,https://thuisitaliaans.com/scuole/fr/scudit-scuola-d-italiano,8,Answer+BreadcrumbList+Country+FAQPage+GeoCoordinates+ImageOb,si,2546,9,126,0,3,title lungo
scuole/fr/scuola-d-italiano-dante-alighieri-roma.html,fr,Scuola d&#x27;Italiano Dante Alighieri Roma — cours d&#x27;italien à Roma | thuisitaliaans,90,169,1,Scuola d&#x27;Italiano Dante Alighieri Roma,https://thuisitaliaans.com/scuole/fr/scuola-d-italiano-dante-alighieri-roma,8,Answer+BreadcrumbList+Country+FAQPage+GeoCoordinates+ImageOb,si,2582,9,126,0,3,title lungo; description lunga
scuole/fr/scuola-dante-alighieri-campus-l-infinito.html,fr,Scuola Dante Alighieri Campus L&#x27;Infinito — cours d&#x27;italien à Recanati | thuisitaliaans,96,176,1,Scuola Dante Alighieri Campus L&#x27;Infinito,https://thuisitaliaans.com/scuole/fr/scuola-dante-alighieri-campus-l-infinito,8,Answer+BreadcrumbList+Country+FAQPage+GeoCoordinates+ImageOb,si,2271,9,121,0,3,title lungo; description lunga
scuole/fr/scuola-leonardo-da-vinci-firenze.html,fr,Scuola Leonardo da Vinci Firenze — cours d&#x27;italien à Firenze | thuisitaliaans,82,163,1,Scuola Leonardo da Vinci Firenze,https://thuisitaliaans.com/scuole/fr/scuola-leonardo-da-vinci-firenze,8,Answer+BreadcrumbList+Country+Course+CourseInstance+Educatio,si,2483,9,129,0,3,title lungo
scuole/fr/scuola-leonardo-da-vinci-milano.html,fr,Scuola Leonardo da Vinci Milano — cours d&#x27;italien à Milano | thuisitaliaans,80,163,1,Scuola Leonardo da Vinci Milano,https://thuisitaliaans.com/scuole/fr/scuola-leonardo-da-vinci-milano,8,Answer+BreadcrumbList+Country+FAQPage+GeoCoordinates+ImageOb,si,2445,9,122,0,3,title lungo
scuole/fr/scuola-leonardo-da-vinci-roma.html,fr,Scuola Leonardo da Vinci Roma — cours d&#x27;italien à Roma | thuisitaliaans,76,155,1,Scuola Leonardo da Vinci Roma,https://thuisitaliaans.com/scuole/fr/scuola-leonardo-da-vinci-roma,8,Answer+BreadcrumbList+Country+Course+CourseInstance+Educatio,si,2479,9,126,0,3,title lungo
scuole/fr/scuola-leonardo-da-vinci-viareggio.html,fr,Scuola Leonardo da Vinci Viareggio — cours d&#x27;italien à Viareggio | thuisitaliaans,86,167,1,Scuola Leonardo da Vinci Viareggio,https://thuisitaliaans.com/scuole/fr/scuola-leonardo-da-vinci-viareggio,8,Answer+BreadcrumbList+Country+FAQPage+GeoCoordinates+ImageOb,si,2356,9,124,0,3,title lungo; description lunga
scuole/fr/scuola-palazzo-malvisi-bagno-di-romagna.html,fr,Scuola Palazzo Malvisi Bagno di Romagna — cours d&#x27;italien à Bagno di Romagna | thuisitaliaans,98,186,1,Scuola Palazzo Malvisi Bagno di Romagna,https://thuisitaliaans.com/scuole/fr/scuola-palazzo-malvisi-bagno-di-romagna,8,Answer+BreadcrumbList+Country+FAQPage+GeoCoordinates+ImageOb,si,2360,9,123,0,3,title lungo; description lunga
scuole/fr/scuola-palazzo-malvisi-ravenna.html,fr,Scuola Palazzo Malvisi Ravenna — cours d&#x27;italien à Ravenna | thuisitaliaans,80,168,1,Scuola Palazzo Malvisi Ravenna,https://thuisitaliaans.com/scuole/fr/scuola-palazzo-malvisi-ravenna,8,Answer+BreadcrumbList+Country+FAQPage+GeoCoordinates+ImageOb,si,2374,8,123,0,3,title lungo; description lunga
scuole/fr/scuola-toscana.html,fr,Scuola Toscana — cours d&#x27;italien à Firenze | thuisitaliaans,64,145,1,Scuola Toscana,https://thuisitaliaans.com/scuole/fr/scuola-toscana,8,Answer+BreadcrumbList+Country+FAQPage+GeoCoordinates+ImageOb,si,2491,9,129,0,3,
scuole/fr/scuola-tricolore.html,fr,Scuola Tricolore — cours d&#x27;italien à Genova | thuisitaliaans,65,146,1,Scuola Tricolore,https://thuisitaliaans.com/scuole/fr/scuola-tricolore,8,Answer+BreadcrumbList+Country+FAQPage+GeoCoordinates+ImageOb,si,2364,8,121,0,3,
scuole/fr/scuola-virgilio.html,fr,Scuola Virgilio — cours d&#x27;italien à Trapani | thuisitaliaans,65,146,1,Scuola Virgilio,https://thuisitaliaans.com/scuole/fr/scuola-virgilio,8,Answer+BreadcrumbList+Country+FAQPage+GeoCoordinates+ImageOb,si,2326,9,121,0,3,
scuole/fr/societa-dante-alighieri-siena.html,fr,Società Dante Alighieri Siena — cours d&#x27;italien à Siena | thuisitaliaans,77,158,1,Società Dante Alighieri Siena,https://thuisitaliaans.com/scuole/fr/societa-dante-alighieri-siena,8,Answer+BreadcrumbList+Country+FAQPage+GeoCoordinates+ImageOb,si,2516,9,125,0,3,title lungo
scuole/fr/solemar-academy.html,fr,Solemar Academy — cours d&#x27;italien à Cefalù | thuisitaliaans,64,145,1,Solemar Academy,https://thuisitaliaans.com/scuole/fr/solemar-academy,8,Answer+BreadcrumbList+Country+FAQPage+GeoCoordinates+ImageOb,si,2296,9,121,0,3,
scuole/fr/solemar-sicilia.html,fr,Solemar Sicilia — cours d&#x27;italien à Palermo (Mondello) | thuisitaliaans,76,157,1,Solemar Sicilia,https://thuisitaliaans.com/scuole/fr/solemar-sicilia,8,Answer+BreadcrumbList+Country+FAQPage+GeoCoordinates+ImageOb,si,2326,9,122,0,3,title lungo
scuole/fr/sprachcaffe-firenze.html,fr,Sprachcaffe Firenze — cours d&#x27;italien à Firenze | thuisitaliaans,69,150,1,Sprachcaffe Firenze,https://thuisitaliaans.com/scuole/fr/sprachcaffe-firenze,8,Answer+BreadcrumbList+Country+Course+CourseInstance+Educatio,si,2426,9,129,0,3,title lungo
scuole/fr/studioitalia.html,fr,Studioitalia — cours d&#x27;italien à Roma | thuisitaliaans,59,138,1,Studioitalia,https://thuisitaliaans.com/scuole/fr/studioitalia,8,Answer+BreadcrumbList+Country+Course+CourseInstance+Educatio,si,2421,9,126,0,3,
scuole/fr/studitalia.html,fr,Studitalia — cours d&#x27;italien à Olbia | thuisitaliaans,58,140,1,Studitalia,https://thuisitaliaans.com/scuole/fr/studitalia,8,Answer+BreadcrumbList+Country+FAQPage+GeoCoordinates+ImageOb,si,2325,9,120,0,3,
scuole/fr/terramare.html,fr,Terramare — cours d&#x27;italien à Orbetello | thuisitaliaans,61,142,1,Terramare,https://thuisitaliaans.com/scuole/fr/terramare,8,Answer+BreadcrumbList+Country+FAQPage+GeoCoordinates+ImageOb,si,2369,9,123,0,3,
scuole/fr/tiberius-international.html,fr,Tiberius International — cours d&#x27;italien à Rimini | thuisitaliaans,71,159,1,Tiberius International,https://thuisitaliaans.com/scuole/fr/tiberius-international,8,Answer+BreadcrumbList+Country+FAQPage+GeoCoordinates+ImageOb,si,2358,8,123,0,3,title lungo
scuole/fr/torre-di-babele.html,fr,Torre di Babele — cours d&#x27;italien à Roma | thuisitaliaans,62,141,1,Torre di Babele,https://thuisitaliaans.com/scuole/fr/torre-di-babele,8,Answer+BreadcrumbList+Country+FAQPage+GeoCoordinates+ImageOb,si,2565,9,126,0,3,
scuole/fr/trulli-italian-school.html,fr,Trulli Italian School — cours d&#x27;italien à Alberobello | thuisitaliaans,75,155,1,Trulli Italian School,https://thuisitaliaans.com/scuole/fr/trulli-italian-school,8,Answer+BreadcrumbList+Country+FAQPage+GeoCoordinates+ImageOb,si,2340,9,120,0,3,title lungo
scuole/fr/universita-per-stranieri-dante-alighieri.html,fr,Università per Stranieri Dante Alighieri — cours d&#x27;italien à Reggio Calabria | thuisitaliaans,98,180,1,Università per Stranieri Dante Alighieri,https://thuisitaliaans.com/scuole/fr/universita-per-stranieri-dante-alighieri,8,Answer+BreadcrumbList+Country+FAQPage+GeoCoordinates+ImageOb,si,2249,8,122,0,3,title lungo; description lunga
scuole/fr/universita-per-stranieri-di-perugia.html,fr,Università per Stranieri di Perugia — cours d&#x27;italien à Perugia | thuisitaliaans,85,165,1,Università per Stranieri di Perugia,https://thuisitaliaans.com/scuole/fr/universita-per-stranieri-di-perugia,8,Answer+BreadcrumbList+Country+FAQPage+GeoCoordinates+ImageOb,si,2443,9,124,0,3,title lungo
scuole/fr/universita-per-stranieri-di-siena.html,fr,Università per Stranieri di Siena — cours d&#x27;italien à Siena | thuisitaliaans,81,162,1,Università per Stranieri di Siena,https://thuisitaliaans.com/scuole/fr/universita-per-stranieri-di-siena,8,Answer+BreadcrumbList+Country+FAQPage+GeoCoordinates+ImageOb,si,2435,9,125,0,3,title lungo
scuole/gaia-institute.html,it,GAIA Institute — corso di italiano a La Maddalena | thuisitaliaans,66,143,1,GAIA Institute,https://thuisitaliaans.com/scuole/gaia-institute,8,Answer+BreadcrumbList+Country+FAQPage+GeoCoordinates+ImageOb,si,2072,9,120,0,3,title lungo
scuole/idea-verona.html,it,Idea Verona — corso di italiano a Verona | thuisitaliaans,57,132,1,Idea Verona,https://thuisitaliaans.com/scuole/idea-verona,8,Answer+BreadcrumbList+Country+FAQPage+GeoCoordinates+ImageOb,si,2267,8,125,0,3,
scuole/il-centro.html,it,Il Centro — corso di italiano a Milano | thuisitaliaans,55,133,1,Il Centro,https://thuisitaliaans.com/scuole/il-centro,8,Answer+BreadcrumbList+Country+FAQPage+GeoCoordinates+ImageOb,si,2287,9,122,0,3,
scuole/il-sasso.html,it,Il Sasso — corso di italiano a Montepulciano | thuisitaliaans,61,137,1,Il Sasso,https://thuisitaliaans.com/scuole/il-sasso,8,Answer+BreadcrumbList+Country+FAQPage+GeoCoordinates+ImageOb,si,2251,9,123,0,3,
scuole/il-sillabo.html,it,Il Sillabo — corso di italiano a San Giovanni Valdarno | thuisitaliaans,71,147,1,Il Sillabo,https://thuisitaliaans.com/scuole/il-sillabo,8,Answer+BreadcrumbList+Country+FAQPage+GeoCoordinates+ImageOb,si,2270,9,123,0,3,title lungo
scuole/index.html,it,Soggiorni linguistici in Italia — 108 scuole di italiano | thuisitaliaans,73,140,1,"Scuole di italiano in Italia: trova il corso, pianifica il viaggio .",https://thuisitaliaans.com/scuole/,8,Answer+BreadcrumbList+FAQPage+ItemList+ListItem+Question+Web,si,8,0,67,1,2,title lungo; pagina sottile; link a .html ×1
scuole/inflorence-academy.html,it,InFlorence Academy — corso di italiano a Firenze | thuisitaliaans,65,141,1,InFlorence Academy,https://thuisitaliaans.com/scuole/inflorence-academy,8,Answer+BreadcrumbList+Country+FAQPage+GeoCoordinates+ImageOb,si,2426,9,129,0,3,
scuole/influent.html,it,Influent — corso di italiano a Firenze | thuisitaliaans,55,131,1,Influent,https://thuisitaliaans.com/scuole/influent,8,Answer+BreadcrumbList+Country+FAQPage+GeoCoordinates+ImageOb,si,2306,9,129,0,3,
scuole/istituto-europeo.html,it,Istituto Europeo — corso di italiano a Firenze | thuisitaliaans,63,139,1,Istituto Europeo,https://thuisitaliaans.com/scuole/istituto-europeo,8,Answer+BreadcrumbList+Country+FAQPage+GeoCoordinates+ImageOb,si,2425,9,129,0,3,
scuole/istituto-galilei.html,it,Istituto Galilei — corso di italiano a Firenze | thuisitaliaans,63,139,1,Istituto Galilei,https://thuisitaliaans.com/scuole/istituto-galilei,8,Answer+BreadcrumbList+Country+FAQPage+GeoCoordinates+ImageOb,si,2567,9,129,0,3,
scuole/istituto-il-david.html,it,Istituto Il David — corso di italiano a Firenze | thuisitaliaans,64,140,1,Istituto Il David,https://thuisitaliaans.com/scuole/istituto-il-david,8,Answer+BreadcrumbList+Country+FAQPage+GeoCoordinates+ImageOb,si,2518,9,129,0,3,
scuole/istituto-italiano.html,it,Istituto Italiano — corso di italiano a Roma | thuisitaliaans,61,135,1,Istituto Italiano,https://thuisitaliaans.com/scuole/istituto-italiano,8,Answer+BreadcrumbList+Country+FAQPage+GeoCoordinates+ImageOb,si,2321,9,126,0,3,
scuole/istituto-linguistico-mediterraneo.html,it,Istituto Linguistico Mediterraneo — corso di italiano a Pisa | thuisitaliaans,77,153,1,Istituto Linguistico Mediterraneo,https://thuisitaliaans.com/scuole/istituto-linguistico-mediterraneo,8,Answer+BreadcrumbList+Country+FAQPage+GeoCoordinates+ImageOb,si,2311,9,123,0,3,title lungo
scuole/istituto-lorenzo-de-medici-firenze.html,it,Istituto Lorenzo de&#x27; Medici Firenze — corso di italiano a Firenze | thuisitaliaans,87,163,1,Istituto Lorenzo de&#x27; Medici Firenze,https://thuisitaliaans.com/scuole/istituto-lorenzo-de-medici-firenze,8,Answer+BreadcrumbList+Country+FAQPage+GeoCoordinates+ImageOb,si,2505,9,129,0,3,title lungo
scuole/istituto-lorenzo-de-medici-roma.html,it,Istituto Lorenzo de&#x27; Medici Roma — corso di italiano a Roma | thuisitaliaans,81,155,1,Istituto Lorenzo de&#x27; Medici Roma,https://thuisitaliaans.com/scuole/istituto-lorenzo-de-medici-roma,8,Answer+BreadcrumbList+Country+FAQPage+GeoCoordinates+ImageOb,si,2476,9,126,0,3,title lungo
scuole/istituto-lorenzo-de-medici-tuscania.html,it,Istituto Lorenzo de&#x27; Medici Tuscania — corso di italiano a Tuscania | thuisitaliaans,89,163,1,Istituto Lorenzo de&#x27; Medici Tuscania,https://thuisitaliaans.com/scuole/istituto-lorenzo-de-medici-tuscania,8,Answer+BreadcrumbList+Country+FAQPage+GeoCoordinates+ImageOb,si,2230,9,123,0,3,title lungo
scuole/istituto-michelangelo.html,it,Istituto Michelangelo — corso di italiano a Firenze | thuisitaliaans,68,144,1,Istituto Michelangelo,https://thuisitaliaans.com/scuole/istituto-michelangelo,8,Answer+BreadcrumbList+Country+FAQPage+GeoCoordinates+ImageOb,si,2504,9,129,0,3,title lungo
scuole/istituto-venezia-trieste.html,it,Istituto Venezia Trieste — corso di italiano a Trieste | thuisitaliaans,71,161,1,Istituto Venezia Trieste,https://thuisitaliaans.com/scuole/istituto-venezia-trieste,8,Answer+BreadcrumbList+Country+FAQPage+GeoCoordinates+ImageOb,si,2243,8,121,0,3,title lungo
scuole/istituto-venezia.html,it,Istituto Venezia — corso di italiano a Venezia | thuisitaliaans,63,138,1,Istituto Venezia,https://thuisitaliaans.com/scuole/istituto-venezia,8,Answer+BreadcrumbList+Country+FAQPage+GeoCoordinates+ImageOb,si,2363,9,123,0,3,
scuole/italiaidea.html,it,Italiaidea — corso di italiano a Roma | thuisitaliaans,54,128,1,Italiaidea,https://thuisitaliaans.com/scuole/italiaidea,8,Answer+BreadcrumbList+Country+FAQPage+GeoCoordinates+ImageOb,si,2471,9,126,0,3,
scuole/italianme.html,it,Italianme — corso di italiano a Firenze | thuisitaliaans,56,132,1,Italianme,https://thuisitaliaans.com/scuole/italianme,8,Answer+BreadcrumbList+Country+FAQPage+GeoCoordinates+ImageOb,si,2337,9,129,0,3,
scuole/itastra-universita-di-palermo.html,it,Itastra Università di Palermo — corso di italiano a Palermo | thuisitaliaans,76,152,1,Itastra Università di Palermo,https://thuisitaliaans.com/scuole/itastra-universita-di-palermo,8,Answer+BreadcrumbList+Country+FAQPage+GeoCoordinates+ImageOb,si,2218,9,122,0,3,title lungo
scuole/kappa-language-school.html,it,Kappa Language School — corso di italiano a Roma | thuisitaliaans,65,139,1,Kappa Language School,https://thuisitaliaans.com/scuole/kappa-language-school,8,Answer+BreadcrumbList+Country+FAQPage+GeoCoordinates+ImageOb,si,2426,9,126,0,3,
scuole/l-italiano-con-noi.html,it,L&#x27;Italiano con Noi — corso di italiano a Verona | thuisitaliaans,69,144,1,L&#x27;Italiano con Noi,https://thuisitaliaans.com/scuole/l-italiano-con-noi,8,Answer+BreadcrumbList+Country+FAQPage+GeoCoordinates+ImageOb,si,2248,8,125,0,3,title lungo
scuole/l-italiano-porticando.html,it,L&#x27;Italiano Porticando — corso di italiano a Torino | thuisitaliaans,72,149,1,L&#x27;Italiano Porticando,https://thuisitaliaans.com/scuole/l-italiano-porticando,8,Answer+BreadcrumbList+Country+FAQPage+GeoCoordinates+ImageOb,si,2173,8,120,0,3,title lungo
scuole/la-lingua-la-vita.html,it,La Lingua La Vita — corso di italiano a Todi | thuisitaliaans,61,136,1,La Lingua La Vita,https://thuisitaliaans.com/scuole/la-lingua-la-vita,8,Answer+BreadcrumbList+Country+FAQPage+GeoCoordinates+ImageOb,si,2152,9,123,0,3,
scuole/laboling.html,it,Laboling — corso di italiano a Milazzo | thuisitaliaans,55,131,1,Laboling,https://thuisitaliaans.com/scuole/laboling,8,Answer+BreadcrumbList+Country+FAQPage+GeoCoordinates+ImageOb,si,2194,9,122,0,3,
scuole/lingua-it.html,it,Lingua IT — corso di italiano a Verona | thuisitaliaans,55,130,1,Lingua IT,https://thuisitaliaans.com/scuole/lingua-it,8,Answer+BreadcrumbList+Country+FAQPage+GeoCoordinates+ImageOb,si,2256,8,125,0,3,
scuole/lingua-si.html,it,Lingua Sì — corso di italiano a Orvieto | thuisitaliaans,56,131,1,Lingua Sì,https://thuisitaliaans.com/scuole/lingua-si,8,Answer+BreadcrumbList+Country+FAQPage+GeoCoordinates+ImageOb,si,2154,9,123,0,3,
scuole/linguadue.html,it,Linguadue — corso di italiano a Milano | thuisitaliaans,55,133,1,Linguadue,https://thuisitaliaans.com/scuole/linguadue,8,Answer+BreadcrumbList+Country+FAQPage+GeoCoordinates+ImageOb,si,2288,9,122,0,3,
scuole/linguaviva-lignano.html,it,Linguaviva Lignano — corso di italiano a Lignano Sabbiadoro | thuisitaliaans,76,166,1,Linguaviva Lignano,https://thuisitaliaans.com/scuole/linguaviva-lignano,8,Answer+BreadcrumbList+Country+FAQPage+GeoCoordinates+ImageOb,si,2242,9,121,0,3,title lungo; description lunga
scuole/linguaviva.html,it,Linguaviva — corso di italiano a Firenze | thuisitaliaans,57,133,1,Linguaviva,https://thuisitaliaans.com/scuole/linguaviva,8,Answer+BreadcrumbList+Country+FAQPage+GeoCoordinates+ImageOb,si,2450,9,129,0,3,
scuole/lucca-italian-school.html,it,Lucca Italian School — corso di italiano a Lucca | thuisitaliaans,65,141,1,Lucca Italian School,https://thuisitaliaans.com/scuole/lucca-italian-school,8,Answer+BreadcrumbList+Country+FAQPage+GeoCoordinates+ImageOb,si,2267,9,124,0,3,
scuole/madrelingua.html,it,Madrelingua — corso di italiano a Bologna | thuisitaliaans,58,141,1,Madrelingua,https://thuisitaliaans.com/scuole/madrelingua,8,Answer+BreadcrumbList+Country+FAQPage+GeoCoordinates+ImageOb,si,2245,9,126,0,3,
scuole/mappa.html,it,Mappa delle scuole di italiano in Italia | thuisitaliaans,57,114,2,"Scuole di italiano in Italia: trova il corso, pianifica il viaggio .",https://thuisitaliaans.com/scuole/mappa,8,WebPage,,32,0,13,2,1,h1 multipli; pagina sottile; link a .html ×2
scuole/nl/a-door-to-italy.html,nl,A Door to Italy — cursus Italiaans in Genova | thuisitaliaans,61,126,1,A Door to Italy,https://thuisitaliaans.com/scuole/nl/a-door-to-italy,8,Answer+BreadcrumbList+Country+FAQPage+GeoCoordinates+ImageOb,si,2227,8,121,0,3,
scuole/nl/abc-firenze.html,nl,ABC Firenze — cursus Italiaans in Firenze | thuisitaliaans,58,123,1,ABC Firenze,https://thuisitaliaans.com/scuole/nl/abc-firenze,8,Answer+BreadcrumbList+Country+FAQPage+GeoCoordinates+ImageOb,si,2344,9,129,0,3,
scuole/nl/abc-school-sestri-levante.html,nl,ABC School Sestri Levante — cursus Italiaans in Sestri Levante | thuisitaliaans,79,144,1,ABC School Sestri Levante,https://thuisitaliaans.com/scuole/nl/abc-school-sestri-levante,8,Answer+BreadcrumbList+Country+FAQPage+GeoCoordinates+ImageOb,si,2167,9,121,0,3,title lungo
scuole/nl/accademia-del-giglio.html,nl,Accademia del Giglio — cursus Italiaans in Firenze | thuisitaliaans,67,132,1,Accademia del Giglio,https://thuisitaliaans.com/scuole/nl/accademia-del-giglio,8,Answer+BreadcrumbList+Country+FAQPage+GeoCoordinates+ImageOb,si,2356,9,129,0,3,title lungo
scuole/nl/accademia-europea-di-firenze.html,nl,Accademia Europea di Firenze — cursus Italiaans in Firenze | thuisitaliaans,75,140,1,Accademia Europea di Firenze,https://thuisitaliaans.com/scuole/nl/accademia-europea-di-firenze,8,Answer+BreadcrumbList+Country+FAQPage+GeoCoordinates+ImageOb,si,2280,9,129,0,3,title lungo
scuole/nl/accademia-italiana-salerno.html,nl,Accademia Italiana Salerno — cursus Italiaans in Salerno | thuisitaliaans,73,139,1,Accademia Italiana Salerno,https://thuisitaliaans.com/scuole/nl/accademia-italiana-salerno,8,Answer+BreadcrumbList+Country+FAQPage+GeoCoordinates+ImageOb,si,2135,8,122,0,3,title lungo
scuole/nl/accademia-leonardo.html,nl,Accademia Leonardo — cursus Italiaans in Salerno | thuisitaliaans,65,131,1,Accademia Leonardo,https://thuisitaliaans.com/scuole/nl/accademia-leonardo,8,Answer+BreadcrumbList+Country+FAQPage+GeoCoordinates+ImageOb,si,2130,8,122,0,3,
scuole/nl/accademia-lingua-italiana-assisi.html,nl,Accademia Lingua Italiana Assisi — cursus Italiaans in Assisi | thuisitaliaans,78,142,1,Accademia Lingua Italiana Assisi,https://thuisitaliaans.com/scuole/nl/accademia-lingua-italiana-assisi,8,Answer+BreadcrumbList+Country+FAQPage+GeoCoordinates+ImageOb,si,2140,9,123,0,3,title lungo
scuole/nl/accademia-riaci.html,nl,Accademia Riaci — cursus Italiaans in Firenze | thuisitaliaans,62,127,1,Accademia Riaci,https://thuisitaliaans.com/scuole/nl/accademia-riaci,8,Answer+BreadcrumbList+Country+FAQPage+GeoCoordinates+ImageOb,si,2335,9,129,0,3,
scuole/nl/alce-accademia-lingue-e-culture-europee.html,nl,ALCE Accademia Lingue e Culture Europee — cursus Italiaans in Bologna | thuisitaliaans,86,158,1,ALCE Accademia Lingue e Culture Europee,https://thuisitaliaans.com/scuole/nl/alce-accademia-lingue-e-culture-europee,8,Answer+BreadcrumbList+Country+FAQPage+GeoCoordinates+ImageOb,si,2215,9,126,0,3,title lungo
scuole/nl/alpha-beta-piccadilly-bolzano.html,nl,Alpha Beta Piccadilly Bolzano — cursus Italiaans in Bolzano | thuisitaliaans,76,144,1,Alpha Beta Piccadilly Bolzano,https://thuisitaliaans.com/scuole/nl/alpha-beta-piccadilly-bolzano,8,Answer+BreadcrumbList+Country+FAQPage+GeoCoordinates+ImageOb,si,2237,8,122,0,3,title lungo
scuole/nl/alpha-beta-piccadilly-merano.html,nl,Alpha Beta Piccadilly Merano — cursus Italiaans in Merano | thuisitaliaans,74,142,1,Alpha Beta Piccadilly Merano,https://thuisitaliaans.com/scuole/nl/alpha-beta-piccadilly-merano,8,Answer+BreadcrumbList+Country+FAQPage+GeoCoordinates+ImageOb,si,2221,8,122,0,3,title lungo
scuole/nl/arca.html,nl,Arca — cursus Italiaans in Bologna | thuisitaliaans,51,123,1,Arca,https://thuisitaliaans.com/scuole/nl/arca,8,Answer+BreadcrumbList+Country+FAQPage+GeoCoordinates+ImageOb,si,2221,9,126,0,3,
scuole/nl/babilonia-centro-di-lingua-e-cultura-italiana.html,nl,Babilonia Centro di Lingua e Cultura Italiana — cursus Italiaans in Taormina | thuisitaliaans,93,158,1,Babilonia Centro di Lingua e Cultura Italiana,https://thuisitaliaans.com/scuole/nl/babilonia-centro-di-lingua-e-cultura-italiana,8,Answer+BreadcrumbList+Country+FAQPage+GeoCoordinates+ImageOb,si,2247,9,121,0,3,title lungo
scuole/nl/bertrand-russell.html,nl,Bertrand Russell — cursus Italiaans in Padova | thuisitaliaans,62,126,1,Bertrand Russell,https://thuisitaliaans.com/scuole/nl/bertrand-russell,8,Answer+BreadcrumbList+Country+FAQPage+GeoCoordinates+ImageOb,si,2126,9,122,0,3,
scuole/nl/ca-foscari-school-for-international-education.html,nl,Ca&#x27; Foscari School for International Education — cursus Italiaans in Venezia | thuisitaliaans,98,162,1,Ca&#x27; Foscari School for International Education,https://thuisitaliaans.com/scuole/nl/ca-foscari-school-for-international-education,8,Answer+BreadcrumbList+Country+FAQPage+GeoCoordinates+ImageOb,si,2355,9,123,0,3,title lungo
scuole/nl/caffe-italiano-club.html,nl,Caffè Italiano Club — cursus Italiaans in Tropea | thuisitaliaans,65,131,1,Caffè Italiano Club,https://thuisitaliaans.com/scuole/nl/caffe-italiano-club,8,Answer+BreadcrumbList+Country+FAQPage+GeoCoordinates+ImageOb,si,2218,9,122,0,3,
scuole/nl/centro-culturale-giacomo-puccini.html,nl,Centro Culturale Giacomo Puccini — cursus Italiaans in Viareggio | thuisitaliaans,81,146,1,Centro Culturale Giacomo Puccini,https://thuisitaliaans.com/scuole/nl/centro-culturale-giacomo-puccini,8,Answer+BreadcrumbList+Country+FAQPage+GeoCoordinates+ImageOb,si,2193,9,124,0,3,title lungo
scuole/nl/centro-fiorenza-isola-d-elba.html,nl,Centro Fiorenza Isola d&#x27;Elba — cursus Italiaans in Isola d&#x27;Elba | thuisitaliaans,90,155,1,Centro Fiorenza Isola d&#x27;Elba,https://thuisitaliaans.com/scuole/nl/centro-fiorenza-isola-d-elba,8,Answer+BreadcrumbList+Country+FAQPage+GeoCoordinates+ImageOb,si,2134,9,119,0,3,title lungo
scuole/nl/centro-fiorenza.html,nl,Centro Fiorenza — cursus Italiaans in Firenze | thuisitaliaans,62,127,1,Centro Fiorenza,https://thuisitaliaans.com/scuole/nl/centro-fiorenza,8,Answer+BreadcrumbList+Country+Course+CourseInstance+Educatio,si,2313,9,129,0,3,
scuole/nl/centro-italiano-firenze.html,nl,Centro Italiano Firenze — cursus Italiaans in Firenze | thuisitaliaans,70,135,1,Centro Italiano Firenze,https://thuisitaliaans.com/scuole/nl/centro-italiano-firenze,8,Answer+BreadcrumbList+Country+FAQPage+GeoCoordinates+ImageOb,si,2379,9,129,0,3,title lungo
scuole/nl/centro-italiano.html,nl,Centro Italiano — cursus Italiaans in Napoli | thuisitaliaans,61,127,1,Centro Italiano,https://thuisitaliaans.com/scuole/nl/centro-italiano,8,Answer+BreadcrumbList+Country+FAQPage+GeoCoordinates+ImageOb,si,2179,9,121,0,3,
scuole/nl/centro-koine-firenze.html,nl,Centro Koinè Firenze — cursus Italiaans in Firenze | thuisitaliaans,67,132,1,Centro Koinè Firenze,https://thuisitaliaans.com/scuole/nl/centro-koine-firenze,8,Answer+BreadcrumbList+Country+FAQPage+GeoCoordinates+ImageOb,si,2333,9,129,0,3,title lungo
scuole/nl/centro-koine-lucca.html,nl,Centro Koinè Lucca — cursus Italiaans in Lucca | thuisitaliaans,63,128,1,Centro Koinè Lucca,https://thuisitaliaans.com/scuole/nl/centro-koine-lucca,8,Answer+BreadcrumbList+Country+FAQPage+GeoCoordinates+ImageOb,si,2208,9,124,0,3,
scuole/nl/centro-lingua-italiana-calvino.html,nl,Centro Lingua Italiana Calvino — cursus Italiaans in Firenze | thuisitaliaans,77,142,1,Centro Lingua Italiana Calvino,https://thuisitaliaans.com/scuole/nl/centro-lingua-italiana-calvino,8,Answer+BreadcrumbList+Country+FAQPage+GeoCoordinates+ImageOb,si,2361,9,129,0,3,title lungo
scuole/nl/centro-machiavelli.html,nl,Centro Machiavelli — cursus Italiaans in Firenze | thuisitaliaans,65,130,1,Centro Machiavelli,https://thuisitaliaans.com/scuole/nl/centro-machiavelli,8,Answer+BreadcrumbList+Country+FAQPage+GeoCoordinates+ImageOb,si,2349,9,129,0,3,
scuole/nl/centro-studi-italiani.html,nl,Centro Studi Italiani — cursus Italiaans in Urbania | thuisitaliaans,68,132,1,Centro Studi Italiani,https://thuisitaliaans.com/scuole/nl/centro-studi-italiani,8,Answer+BreadcrumbList+Country+FAQPage+GeoCoordinates+ImageOb,si,2143,9,123,0,3,title lungo
scuole/nl/ciao-italia.html,nl,Ciao Italia — cursus Italiaans in Roma | thuisitaliaans,55,118,1,Ciao Italia,https://thuisitaliaans.com/scuole/nl/ciao-italia,8,Answer+BreadcrumbList+Country+FAQPage+GeoCoordinates+ImageOb,si,2266,9,126,0,3,
scuole/nl/ciaoitaly-scuola-leonardo-da-vinci-torino.html,nl,CiaoItaly Scuola Leonardo da Vinci Torino — cursus Italiaans in Torino | thuisitaliaans,87,153,1,CiaoItaly Scuola Leonardo da Vinci Torino,https://thuisitaliaans.com/scuole/nl/ciaoitaly-scuola-leonardo-da-vinci-torino,8,Answer+BreadcrumbList+Country+FAQPage+GeoCoordinates+ImageOb,si,2181,8,120,0,3,title lungo
scuole/nl/citta/alberobello.html,nl,Italiaans leren in Alberobello — 1 school | thuisitaliaans,58,153,1,Scholen Italiaans in Alberobello,https://thuisitaliaans.com/scuole/nl/citta/alberobello,8,Answer+FAQPage+ImageObject+ItemList+LanguageSchool+ListItem+,si,660,3,17,0,3,
scuole/nl/citta/alghero.html,nl,Italiaans leren in Alghero — 1 school | thuisitaliaans,54,149,1,Scholen Italiaans in Alghero,https://thuisitaliaans.com/scuole/nl/citta/alghero,8,Answer+FAQPage+ImageObject+ItemList+LanguageSchool+ListItem+,si,613,3,17,0,3,
scuole/nl/citta/arezzo.html,nl,Italiaans leren in Arezzo — 1 school | thuisitaliaans,53,148,1,Scholen Italiaans in Arezzo,https://thuisitaliaans.com/scuole/nl/citta/arezzo,8,Answer+FAQPage+ImageObject+ItemList+LanguageSchool+ListItem+,si,600,3,27,0,3,
scuole/nl/citta/assisi.html,nl,Italiaans leren in Assisi — 1 school | thuisitaliaans,53,148,1,Scholen Italiaans in Assisi,https://thuisitaliaans.com/scuole/nl/citta/assisi,8,Answer+FAQPage+ImageObject+ItemList+LanguageSchool+ListItem+,si,624,3,21,0,3,
scuole/nl/citta/bagno-di-romagna.html,nl,Italiaans leren in Bagno di Romagna — 1 school | thuisitaliaans,63,158,1,Scholen Italiaans in Bagno di Romagna,https://thuisitaliaans.com/scuole/nl/citta/bagno-di-romagna,8,Answer+FAQPage+ImageObject+ItemList+LanguageSchool+ListItem+,si,650,3,23,0,3,
scuole/nl/citta/bologna.html,nl,Italiaans leren in Bologna — 4 scholen | thuisitaliaans,55,150,1,Scholen Italiaans in Bologna,https://thuisitaliaans.com/scuole/nl/citta/bologna,8,Answer+FAQPage+ImageObject+ItemList+LanguageSchool+ListItem+,si,757,3,29,0,3,
scuole/nl/citta/bolzano.html,nl,Italiaans leren in Bolzano — 1 school | thuisitaliaans,54,149,1,Scholen Italiaans in Bolzano,https://thuisitaliaans.com/scuole/nl/citta/bolzano,8,Answer+FAQPage+ImageObject+ItemList+LanguageSchool+ListItem+,si,654,2,18,0,3,
scuole/nl/citta/cagliari.html,nl,Italiaans leren in Cagliari — 1 school | thuisitaliaans,55,150,1,Scholen Italiaans in Cagliari,https://thuisitaliaans.com/scuole/nl/citta/cagliari,8,Answer+FAQPage+ImageObject+ItemList+LanguageSchool+ListItem+,si,581,3,17,0,3,
scuole/nl/citta/cefalu.html,nl,Italiaans leren in Cefalù — 1 school | thuisitaliaans,53,148,1,Scholen Italiaans in Cefalù,https://thuisitaliaans.com/scuole/nl/citta/cefalu,8,Answer+FAQPage+ImageObject+ItemList+LanguageSchool+ListItem+,si,576,3,21,0,3,
scuole/nl/citta/firenze.html,nl,Italiaans leren in Firenze — 24 scholen | thuisitaliaans,56,151,1,Scholen Italiaans in Firenze,https://thuisitaliaans.com/scuole/nl/citta/firenze,8,Answer+FAQPage+ImageObject+ItemList+LanguageSchool+ListItem+,si,1324,3,71,0,3,
scuole/nl/citta/genova.html,nl,Italiaans leren in Genova — 2 scholen | thuisitaliaans,54,149,1,Scholen Italiaans in Genova,https://thuisitaliaans.com/scuole/nl/citta/genova,8,Answer+FAQPage+ImageObject+ItemList+LanguageSchool+ListItem+,si,654,2,19,0,3,
scuole/nl/citta/grottaglie.html,nl,Italiaans leren in Grottaglie — 1 school | thuisitaliaans,57,152,1,Scholen Italiaans in Grottaglie,https://thuisitaliaans.com/scuole/nl/citta/grottaglie,8,Answer+FAQPage+ImageObject+ItemList+LanguageSchool+ListItem+,si,630,3,17,0,3,
scuole/nl/citta/isola-d-elba.html,nl,Italiaans leren in Isola d&#x27;Elba — 1 school | thuisitaliaans,64,159,1,Scholen Italiaans in Isola d'Elba,https://thuisitaliaans.com/scuole/nl/citta/isola-d-elba,8,Answer+FAQPage+ImageObject+ItemList+LanguageSchool+ListItem+,si,566,3,22,0,3,
scuole/nl/citta/la-maddalena.html,nl,Italiaans leren in La Maddalena — 1 school | thuisitaliaans,59,154,1,Scholen Italiaans in La Maddalena,https://thuisitaliaans.com/scuole/nl/citta/la-maddalena,8,Answer+FAQPage+ImageObject+ItemList+LanguageSchool+ListItem+,si,654,3,18,0,3,
scuole/nl/citta/lignano-sabbiadoro.html,nl,Italiaans leren in Lignano Sabbiadoro — 1 school | thuisitaliaans,65,160,1,Scholen Italiaans in Lignano Sabbiadoro,https://thuisitaliaans.com/scuole/nl/citta/lignano-sabbiadoro,8,Answer+FAQPage+ImageObject+ItemList+LanguageSchool+ListItem+,si,612,3,17,0,3,
scuole/nl/citta/lucca.html,nl,Italiaans leren in Lucca — 2 scholen | thuisitaliaans,53,148,1,Scholen Italiaans in Lucca,https://thuisitaliaans.com/scuole/nl/citta/lucca,8,Answer+FAQPage+ImageObject+ItemList+LanguageSchool+ListItem+,si,718,3,29,0,3,
scuole/nl/citta/merano.html,nl,Italiaans leren in Merano — 1 school | thuisitaliaans,53,148,1,Scholen Italiaans in Merano,https://thuisitaliaans.com/scuole/nl/citta/merano,8,Answer+FAQPage+ImageObject+ItemList+LanguageSchool+ListItem+,si,651,2,18,0,3,
scuole/nl/citta/milano.html,nl,Italiaans leren in Milano — 4 scholen | thuisitaliaans,54,149,1,Scholen Italiaans in Milano,https://thuisitaliaans.com/scuole/nl/citta/milano,8,Answer+FAQPage+ImageObject+ItemList+LanguageSchool+ListItem+,si,762,3,20,0,3,
scuole/nl/citta/milazzo.html,nl,Italiaans leren in Milazzo — 1 school | thuisitaliaans,54,149,1,Scholen Italiaans in Milazzo,https://thuisitaliaans.com/scuole/nl/citta/milazzo,8,Answer+FAQPage+ImageObject+ItemList+LanguageSchool+ListItem+,si,600,3,22,0,3,
scuole/nl/citta/modena.html,nl,Italiaans leren in Modena — 1 school | thuisitaliaans,53,148,1,Scholen Italiaans in Modena,https://thuisitaliaans.com/scuole/nl/citta/modena,8,Answer+FAQPage+ImageObject+ItemList+LanguageSchool+ListItem+,si,608,3,22,0,3,
scuole/nl/citta/montepulciano.html,nl,Italiaans leren in Montepulciano — 1 school | thuisitaliaans,60,155,1,Scholen Italiaans in Montepulciano,https://thuisitaliaans.com/scuole/nl/citta/montepulciano,8,Answer+FAQPage+ImageObject+ItemList+LanguageSchool+ListItem+,si,639,3,27,0,3,
scuole/nl/citta/napoli.html,nl,Italiaans leren in Napoli — 1 school | thuisitaliaans,53,148,1,Scholen Italiaans in Napoli,https://thuisitaliaans.com/scuole/nl/citta/napoli,8,Answer+FAQPage+ImageObject+ItemList+LanguageSchool+ListItem+,si,653,3,18,0,3,
scuole/nl/citta/olbia.html,nl,Italiaans leren in Olbia — 1 school | thuisitaliaans,52,147,1,Scholen Italiaans in Olbia,https://thuisitaliaans.com/scuole/nl/citta/olbia,8,Answer+FAQPage+ImageObject+ItemList+LanguageSchool+ListItem+,si,646,3,18,0,3,
scuole/nl/citta/orbetello.html,nl,Italiaans leren in Orbetello — 1 school | thuisitaliaans,56,151,1,Scholen Italiaans in Orbetello,https://thuisitaliaans.com/scuole/nl/citta/orbetello,8,Answer+FAQPage+ImageObject+ItemList+LanguageSchool+ListItem+,si,624,3,27,0,3,
scuole/nl/citta/orvieto.html,nl,Italiaans leren in Orvieto — 1 school | thuisitaliaans,54,149,1,Scholen Italiaans in Orvieto,https://thuisitaliaans.com/scuole/nl/citta/orvieto,8,Answer+FAQPage+ImageObject+ItemList+LanguageSchool+ListItem+,si,610,3,21,0,3,
scuole/nl/citta/otranto.html,nl,Italiaans leren in Otranto — 1 school | thuisitaliaans,54,149,1,Scholen Italiaans in Otranto,https://thuisitaliaans.com/scuole/nl/citta/otranto,8,Answer+FAQPage+ImageObject+ItemList+LanguageSchool+ListItem+,si,570,3,16,0,3,
scuole/nl/citta/padova.html,nl,Italiaans leren in Padova — 1 school | thuisitaliaans,53,148,1,Scholen Italiaans in Padova,https://thuisitaliaans.com/scuole/nl/citta/padova,8,Answer+FAQPage+ImageObject+ItemList+LanguageSchool+ListItem+,si,612,3,19,0,3,
scuole/nl/citta/palermo-mondello.html,nl,Italiaans leren in Palermo (Mondello) — 1 school | thuisitaliaans,65,160,1,Scholen Italiaans in Palermo (Mondello),https://thuisitaliaans.com/scuole/nl/citta/palermo-mondello,8,Answer+FAQPage+ImageObject+ItemList+LanguageSchool+ListItem+,si,643,3,22,0,3,
scuole/nl/citta/palermo.html,nl,Italiaans leren in Palermo — 1 school | thuisitaliaans,54,149,1,Scholen Italiaans in Palermo,https://thuisitaliaans.com/scuole/nl/citta/palermo,8,Answer+FAQPage+ImageObject+ItemList+LanguageSchool+ListItem+,si,628,3,22,0,3,
scuole/nl/citta/perugia.html,nl,Italiaans leren in Perugia — 2 scholen | thuisitaliaans,55,150,1,Scholen Italiaans in Perugia,https://thuisitaliaans.com/scuole/nl/citta/perugia,8,Answer+FAQPage+ImageObject+ItemList+LanguageSchool+ListItem+,si,714,3,23,0,3,
scuole/nl/citta/pisa.html,nl,Italiaans leren in Pisa — 1 school | thuisitaliaans,51,146,1,Scholen Italiaans in Pisa,https://thuisitaliaans.com/scuole/nl/citta/pisa,8,Answer+FAQPage+ImageObject+ItemList+LanguageSchool+ListItem+,si,672,3,27,0,3,
scuole/nl/citta/ravenna.html,nl,Italiaans leren in Ravenna — 1 school | thuisitaliaans,54,149,1,Scholen Italiaans in Ravenna,https://thuisitaliaans.com/scuole/nl/citta/ravenna,8,Answer+FAQPage+ImageObject+ItemList+LanguageSchool+ListItem+,si,664,2,23,0,3,
scuole/nl/citta/recanati.html,nl,Italiaans leren in Recanati — 1 school | thuisitaliaans,55,150,1,Scholen Italiaans in Recanati,https://thuisitaliaans.com/scuole/nl/citta/recanati,8,Answer+FAQPage+ImageObject+ItemList+LanguageSchool+ListItem+,si,613,3,17,0,3,
scuole/nl/citta/reggio-calabria.html,nl,Italiaans leren in Reggio Calabria — 1 school | thuisitaliaans,62,157,1,Scholen Italiaans in Reggio Calabria,https://thuisitaliaans.com/scuole/nl/citta/reggio-calabria,8,Answer+FAQPage+ImageObject+ItemList+LanguageSchool+ListItem+,si,596,2,18,0,3,
scuole/nl/citta/reggio-emilia.html,nl,Italiaans leren in Reggio Emilia — 1 school | thuisitaliaans,60,155,1,Scholen Italiaans in Reggio Emilia,https://thuisitaliaans.com/scuole/nl/citta/reggio-emilia,8,Answer+FAQPage+ImageObject+ItemList+LanguageSchool+ListItem+,si,636,3,22,0,3,
scuole/nl/citta/rimini.html,nl,Italiaans leren in Rimini — 1 school | thuisitaliaans,53,148,1,Scholen Italiaans in Rimini,https://thuisitaliaans.com/scuole/nl/citta/rimini,8,Answer+FAQPage+ImageObject+ItemList+LanguageSchool+ListItem+,si,630,2,23,0,3,
scuole/nl/citta/riva-del-garda.html,nl,Italiaans leren in Riva del Garda — 1 school | thuisitaliaans,61,156,1,Scholen Italiaans in Riva del Garda,https://thuisitaliaans.com/scuole/nl/citta/riva-del-garda,8,Answer+FAQPage+ImageObject+ItemList+LanguageSchool+ListItem+,si,665,3,19,0,3,
scuole/nl/citta/roma.html,nl,Italiaans leren in Roma — 11 school | thuisitaliaans,52,148,1,Scholen Italiaans in Roma,https://thuisitaliaans.com/scuole/nl/citta/roma,8,Answer+FAQPage+ImageObject+ItemList+LanguageSchool+ListItem+,si,1042,3,36,0,3,
scuole/nl/citta/salerno.html,nl,Italiaans leren in Salerno — 2 scholen | thuisitaliaans,55,150,1,Scholen Italiaans in Salerno,https://thuisitaliaans.com/scuole/nl/citta/salerno,8,Answer+FAQPage+ImageObject+ItemList+LanguageSchool+ListItem+,si,650,2,20,0,3,
scuole/nl/citta/san-giovanni-valdarno.html,nl,Italiaans leren in San Giovanni Valdarno — 1 school | thuisitaliaans,68,163,1,Scholen Italiaans in San Giovanni Valdarno,https://thuisitaliaans.com/scuole/nl/citta/san-giovanni-valdarno,8,Answer+FAQPage+ImageObject+ItemList+LanguageSchool+ListItem+,si,631,3,27,0,3,title lungo
scuole/nl/citta/sanremo.html,nl,Italiaans leren in Sanremo — 1 school | thuisitaliaans,54,149,1,Scholen Italiaans in Sanremo,https://thuisitaliaans.com/scuole/nl/citta/sanremo,8,Answer+FAQPage+ImageObject+ItemList+LanguageSchool+ListItem+,si,579,3,16,0,3,
scuole/nl/citta/sestri-levante.html,nl,Italiaans leren in Sestri Levante — 1 school | thuisitaliaans,61,156,1,Scholen Italiaans in Sestri Levante,https://thuisitaliaans.com/scuole/nl/citta/sestri-levante,8,Answer+FAQPage+ImageObject+ItemList+LanguageSchool+ListItem+,si,638,3,18,0,3,
scuole/nl/citta/siena.html,nl,Italiaans leren in Siena — 3 scholen | thuisitaliaans,53,148,1,Scholen Italiaans in Siena,https://thuisitaliaans.com/scuole/nl/citta/siena,8,Answer+FAQPage+ImageObject+ItemList+LanguageSchool+ListItem+,si,725,3,31,0,3,
scuole/nl/citta/sorrento.html,nl,Italiaans leren in Sorrento — 1 school | thuisitaliaans,55,150,1,Scholen Italiaans in Sorrento,https://thuisitaliaans.com/scuole/nl/citta/sorrento,8,Answer+FAQPage+ImageObject+ItemList+LanguageSchool+ListItem+,si,595,3,18,0,3,
scuole/nl/citta/taormina.html,nl,Italiaans leren in Taormina — 1 school | thuisitaliaans,55,150,1,Scholen Italiaans in Taormina,https://thuisitaliaans.com/scuole/nl/citta/taormina,8,Answer+FAQPage+ImageObject+ItemList+LanguageSchool+ListItem+,si,619,3,21,0,3,
scuole/nl/citta/todi.html,nl,Italiaans leren in Todi — 1 school | thuisitaliaans,51,146,1,Scholen Italiaans in Todi,https://thuisitaliaans.com/scuole/nl/citta/todi,8,Answer+FAQPage+ImageObject+ItemList+LanguageSchool+ListItem+,si,595,3,21,0,3,
scuole/nl/citta/torino.html,nl,Italiaans leren in Torino — 2 scholen | thuisitaliaans,54,149,1,Scholen Italiaans in Torino,https://thuisitaliaans.com/scuole/nl/citta/torino,8,Answer+FAQPage+ImageObject+ItemList+LanguageSchool+ListItem+,si,667,2,16,0,3,
scuole/nl/citta/trapani.html,nl,Italiaans leren in Trapani — 1 school | thuisitaliaans,54,149,1,Scholen Italiaans in Trapani,https://thuisitaliaans.com/scuole/nl/citta/trapani,8,Answer+FAQPage+ImageObject+ItemList+LanguageSchool+ListItem+,si,648,3,21,0,3,
scuole/nl/citta/trento.html,nl,Italiaans leren in Trento — 1 school | thuisitaliaans,53,148,1,Scholen Italiaans in Trento,https://thuisitaliaans.com/scuole/nl/citta/trento,8,Answer+FAQPage+ImageObject+ItemList+LanguageSchool+ListItem+,si,641,3,19,0,3,
scuole/nl/citta/trieste.html,nl,Italiaans leren in Trieste — 2 scholen | thuisitaliaans,55,150,1,Scholen Italiaans in Trieste,https://thuisitaliaans.com/scuole/nl/citta/trieste,8,Answer+FAQPage+ImageObject+ItemList+LanguageSchool+ListItem+,si,702,2,18,0,3,
scuole/nl/citta/tropea.html,nl,Italiaans leren in Tropea — 2 scholen | thuisitaliaans,54,149,1,Scholen Italiaans in Tropea,https://thuisitaliaans.com/scuole/nl/citta/tropea,8,Answer+FAQPage+ImageObject+ItemList+LanguageSchool+ListItem+,si,664,3,19,0,3,
scuole/nl/citta/tuscania.html,nl,Italiaans leren in Tuscania — 1 school | thuisitaliaans,55,150,1,Scholen Italiaans in Tuscania,https://thuisitaliaans.com/scuole/nl/citta/tuscania,8,Answer+FAQPage+ImageObject+ItemList+LanguageSchool+ListItem+,si,584,3,19,0,3,
scuole/nl/citta/urbania.html,nl,Italiaans leren in Urbania — 1 school | thuisitaliaans,54,149,1,Scholen Italiaans in Urbania,https://thuisitaliaans.com/scuole/nl/citta/urbania,8,Answer+FAQPage+ImageObject+ItemList+LanguageSchool+ListItem+,si,596,3,19,0,3,
scuole/nl/citta/venezia.html,nl,Italiaans leren in Venezia — 3 scholen | thuisitaliaans,55,150,1,Scholen Italiaans in Venezia,https://thuisitaliaans.com/scuole/nl/citta/venezia,8,Answer+FAQPage+ImageObject+ItemList+LanguageSchool+ListItem+,si,811,3,22,0,3,
scuole/nl/citta/verona.html,nl,Italiaans leren in Verona — 3 scholen | thuisitaliaans,54,149,1,Scholen Italiaans in Verona,https://thuisitaliaans.com/scuole/nl/citta/verona,8,Answer+FAQPage+ImageObject+ItemList+LanguageSchool+ListItem+,si,729,2,24,0,3,
scuole/nl/citta/viareggio.html,nl,Italiaans leren in Viareggio — 2 scholen | thuisitaliaans,57,152,1,Scholen Italiaans in Viareggio,https://thuisitaliaans.com/scuole/nl/citta/viareggio,8,Answer+FAQPage+ImageObject+ItemList+LanguageSchool+ListItem+,si,715,3,29,0,3,
scuole/nl/clm-bell-riva-del-garda.html,nl,CLM Bell Riva del Garda — cursus Italiaans in Riva del Garda | thuisitaliaans,77,143,1,CLM Bell Riva del Garda,https://thuisitaliaans.com/scuole/nl/clm-bell-riva-del-garda,8,Answer+BreadcrumbList+Country+FAQPage+GeoCoordinates+ImageOb,si,2233,9,123,0,3,title lungo
scuole/nl/clm-bell-trento.html,nl,CLM Bell Trento — cursus Italiaans in Trento | thuisitaliaans,61,127,1,CLM Bell Trento,https://thuisitaliaans.com/scuole/nl/clm-bell-trento,8,Answer+BreadcrumbList+Country+FAQPage+GeoCoordinates+ImageOb,si,2214,9,123,0,3,
scuole/nl/comitato-linguistico.html,nl,Comitato Linguistico — cursus Italiaans in Perugia | thuisitaliaans,67,131,1,Comitato Linguistico,https://thuisitaliaans.com/scuole/nl/comitato-linguistico,8,Answer+BreadcrumbList+Country+Course+CourseInstance+Educatio,si,2116,9,124,0,3,title lungo
scuole/nl/cultura-italiana-arezzo.html,nl,Cultura Italiana Arezzo — cursus Italiaans in Arezzo | thuisitaliaans,69,134,1,Cultura Italiana Arezzo,https://thuisitaliaans.com/scuole/nl/cultura-italiana-arezzo,8,Answer+BreadcrumbList+Country+FAQPage+GeoCoordinates+ImageOb,si,2086,9,123,0,3,title lungo
scuole/nl/cultura-italiana-bologna.html,nl,Cultura Italiana Bologna — cursus Italiaans in Bologna | thuisitaliaans,71,143,1,Cultura Italiana Bologna,https://thuisitaliaans.com/scuole/nl/cultura-italiana-bologna,8,Answer+BreadcrumbList+Country+FAQPage+GeoCoordinates+ImageOb,si,2121,9,126,0,3,title lungo
scuole/nl/dilit-international-house.html,nl,Dilit International House — cursus Italiaans in Roma | thuisitaliaans,69,132,1,Dilit International House,https://thuisitaliaans.com/scuole/nl/dilit-international-house,8,Answer+BreadcrumbList+Country+FAQPage+GeoCoordinates+ImageOb,si,2281,9,126,0,3,title lungo
scuole/nl/easy-italian-language-art.html,nl,Easy Italian Language &amp; Art — cursus Italiaans in Venezia | thuisitaliaans,78,142,1,Easy Italian Language &amp; Art,https://thuisitaliaans.com/scuole/nl/easy-italian-language-art,8,Answer+BreadcrumbList+Country+FAQPage+GeoCoordinates+ImageOb,si,2345,9,123,0,3,title lungo
scuole/nl/ellci-milano.html,nl,ELLCI Milano — cursus Italiaans in Milano | thuisitaliaans,58,125,1,ELLCI Milano,https://thuisitaliaans.com/scuole/nl/ellci-milano,8,Answer+BreadcrumbList+Country+FAQPage+GeoCoordinates+ImageOb,si,2256,9,122,0,3,
scuole/nl/europass-italian-language-school.html,nl,Europass Italian Language School — cursus Italiaans in Firenze | thuisitaliaans,79,144,1,Europass Italian Language School,https://thuisitaliaans.com/scuole/nl/europass-italian-language-school,8,Answer+BreadcrumbList+Country+FAQPage+GeoCoordinates+ImageOb,si,2348,9,129,0,3,title lungo
scuole/nl/gaia-institute.html,nl,GAIA Institute — cursus Italiaans in La Maddalena | thuisitaliaans,66,132,1,GAIA Institute,https://thuisitaliaans.com/scuole/nl/gaia-institute,8,Answer+BreadcrumbList+Country+FAQPage+GeoCoordinates+ImageOb,si,2033,9,120,0,3,title lungo
scuole/nl/idea-verona.html,nl,Idea Verona — cursus Italiaans in Verona | thuisitaliaans,57,121,1,Idea Verona,https://thuisitaliaans.com/scuole/nl/idea-verona,8,Answer+BreadcrumbList+Country+FAQPage+GeoCoordinates+ImageOb,si,2199,8,125,0,3,
scuole/nl/il-centro.html,nl,Il Centro — cursus Italiaans in Milano | thuisitaliaans,55,122,1,Il Centro,https://thuisitaliaans.com/scuole/nl/il-centro,8,Answer+BreadcrumbList+Country+FAQPage+GeoCoordinates+ImageOb,si,2214,9,122,0,3,
scuole/nl/il-sasso.html,nl,Il Sasso — cursus Italiaans in Montepulciano | thuisitaliaans,61,126,1,Il Sasso,https://thuisitaliaans.com/scuole/nl/il-sasso,8,Answer+BreadcrumbList+Country+FAQPage+GeoCoordinates+ImageOb,si,2175,9,123,0,3,
scuole/nl/il-sillabo.html,nl,Il Sillabo — cursus Italiaans in San Giovanni Valdarno | thuisitaliaans,71,136,1,Il Sillabo,https://thuisitaliaans.com/scuole/nl/il-sillabo,8,Answer+BreadcrumbList+Country+FAQPage+GeoCoordinates+ImageOb,si,2183,9,123,0,3,title lungo
scuole/nl/index.html,nl,Taalvakanties Italiaans in Italië — 108 scholen | thuisitaliaans,64,143,1,"Italiaans leren in Italië: vind je cursus, plan je reis .",https://thuisitaliaans.com/scuole/nl/,8,Answer+BreadcrumbList+FAQPage+ItemList+ListItem+Question+Web,si,8,0,67,1,2,pagina sottile; link a .html ×1
scuole/nl/inflorence-academy.html,nl,InFlorence Academy — cursus Italiaans in Firenze | thuisitaliaans,65,130,1,InFlorence Academy,https://thuisitaliaans.com/scuole/nl/inflorence-academy,8,Answer+BreadcrumbList+Country+FAQPage+GeoCoordinates+ImageOb,si,2343,9,129,0,3,
scuole/nl/influent.html,nl,Influent — cursus Italiaans in Firenze | thuisitaliaans,55,120,1,Influent,https://thuisitaliaans.com/scuole/nl/influent,8,Answer+BreadcrumbList+Country+FAQPage+GeoCoordinates+ImageOb,si,2224,9,129,0,3,
scuole/nl/istituto-europeo.html,nl,Istituto Europeo — cursus Italiaans in Firenze | thuisitaliaans,63,128,1,Istituto Europeo,https://thuisitaliaans.com/scuole/nl/istituto-europeo,8,Answer+BreadcrumbList+Country+FAQPage+GeoCoordinates+ImageOb,si,2335,9,129,0,3,
scuole/nl/istituto-galilei.html,nl,Istituto Galilei — cursus Italiaans in Firenze | thuisitaliaans,63,128,1,Istituto Galilei,https://thuisitaliaans.com/scuole/nl/istituto-galilei,8,Answer+BreadcrumbList+Country+FAQPage+GeoCoordinates+ImageOb,si,2460,9,129,0,3,
scuole/nl/istituto-il-david.html,nl,Istituto Il David — cursus Italiaans in Firenze | thuisitaliaans,64,129,1,Istituto Il David,https://thuisitaliaans.com/scuole/nl/istituto-il-david,8,Answer+BreadcrumbList+Country+FAQPage+GeoCoordinates+ImageOb,si,2428,9,129,0,3,
scuole/nl/istituto-italiano.html,nl,Istituto Italiano — cursus Italiaans in Roma | thuisitaliaans,61,124,1,Istituto Italiano,https://thuisitaliaans.com/scuole/nl/istituto-italiano,8,Answer+BreadcrumbList+Country+FAQPage+GeoCoordinates+ImageOb,si,2257,9,126,0,3,
scuole/nl/istituto-linguistico-mediterraneo.html,nl,Istituto Linguistico Mediterraneo — cursus Italiaans in Pisa | thuisitaliaans,77,142,1,Istituto Linguistico Mediterraneo,https://thuisitaliaans.com/scuole/nl/istituto-linguistico-mediterraneo,8,Answer+BreadcrumbList+Country+FAQPage+GeoCoordinates+ImageOb,si,2242,9,123,0,3,title lungo
scuole/nl/istituto-lorenzo-de-medici-firenze.html,nl,Istituto Lorenzo de&#x27; Medici Firenze — cursus Italiaans in Firenze | thuisitaliaans,87,152,1,Istituto Lorenzo de&#x27; Medici Firenze,https://thuisitaliaans.com/scuole/nl/istituto-lorenzo-de-medici-firenze,8,Answer+BreadcrumbList+Country+FAQPage+GeoCoordinates+ImageOb,si,2413,9,129,0,3,title lungo
scuole/nl/istituto-lorenzo-de-medici-roma.html,nl,Istituto Lorenzo de&#x27; Medici Roma — cursus Italiaans in Roma | thuisitaliaans,81,144,1,Istituto Lorenzo de&#x27; Medici Roma,https://thuisitaliaans.com/scuole/nl/istituto-lorenzo-de-medici-roma,8,Answer+BreadcrumbList+Country+FAQPage+GeoCoordinates+ImageOb,si,2404,9,126,0,3,title lungo
scuole/nl/istituto-lorenzo-de-medici-tuscania.html,nl,Istituto Lorenzo de&#x27; Medici Tuscania — cursus Italiaans in Tuscania | thuisitaliaans,89,152,1,Istituto Lorenzo de&#x27; Medici Tuscania,https://thuisitaliaans.com/scuole/nl/istituto-lorenzo-de-medici-tuscania,8,Answer+BreadcrumbList+Country+FAQPage+GeoCoordinates+ImageOb,si,2164,9,123,0,3,title lungo
scuole/nl/istituto-michelangelo.html,nl,Istituto Michelangelo — cursus Italiaans in Firenze | thuisitaliaans,68,133,1,Istituto Michelangelo,https://thuisitaliaans.com/scuole/nl/istituto-michelangelo,8,Answer+BreadcrumbList+Country+FAQPage+GeoCoordinates+ImageOb,si,2404,9,129,0,3,title lungo
scuole/nl/istituto-venezia-trieste.html,nl,Istituto Venezia Trieste — cursus Italiaans in Trieste | thuisitaliaans,71,150,1,Istituto Venezia Trieste,https://thuisitaliaans.com/scuole/nl/istituto-venezia-trieste,8,Answer+BreadcrumbList+Country+FAQPage+GeoCoordinates+ImageOb,si,2188,8,121,0,3,title lungo
scuole/nl/istituto-venezia.html,nl,Istituto Venezia — cursus Italiaans in Venezia | thuisitaliaans,63,127,1,Istituto Venezia,https://thuisitaliaans.com/scuole/nl/istituto-venezia,8,Answer+BreadcrumbList+Country+FAQPage+GeoCoordinates+ImageOb,si,2288,9,123,0,3,
scuole/nl/italiaidea.html,nl,Italiaidea — cursus Italiaans in Roma | thuisitaliaans,54,117,1,Italiaidea,https://thuisitaliaans.com/scuole/nl/italiaidea,8,Answer+BreadcrumbList+Country+FAQPage+GeoCoordinates+ImageOb,si,2389,9,126,0,3,
scuole/nl/italianme.html,nl,Italianme — cursus Italiaans in Firenze | thuisitaliaans,56,121,1,Italianme,https://thuisitaliaans.com/scuole/nl/italianme,8,Answer+BreadcrumbList+Country+FAQPage+GeoCoordinates+ImageOb,si,2262,9,129,0,3,
scuole/nl/itastra-universita-di-palermo.html,nl,Itastra Università di Palermo — cursus Italiaans in Palermo | thuisitaliaans,76,141,1,Itastra Università di Palermo,https://thuisitaliaans.com/scuole/nl/itastra-universita-di-palermo,8,Answer+BreadcrumbList+Country+FAQPage+GeoCoordinates+ImageOb,si,2147,9,122,0,3,title lungo
scuole/nl/kappa-language-school.html,nl,Kappa Language School — cursus Italiaans in Roma | thuisitaliaans,65,128,1,Kappa Language School,https://thuisitaliaans.com/scuole/nl/kappa-language-school,8,Answer+BreadcrumbList+Country+FAQPage+GeoCoordinates+ImageOb,si,2352,9,126,0,3,
scuole/nl/l-italiano-con-noi.html,nl,L&#x27;Italiano con Noi — cursus Italiaans in Verona | thuisitaliaans,69,133,1,L&#x27;Italiano con Noi,https://thuisitaliaans.com/scuole/nl/l-italiano-con-noi,8,Answer+BreadcrumbList+Country+FAQPage+GeoCoordinates+ImageOb,si,2183,8,125,0,3,title lungo
scuole/nl/l-italiano-porticando.html,nl,L&#x27;Italiano Porticando — cursus Italiaans in Torino | thuisitaliaans,72,138,1,L&#x27;Italiano Porticando,https://thuisitaliaans.com/scuole/nl/l-italiano-porticando,8,Answer+BreadcrumbList+Country+FAQPage+GeoCoordinates+ImageOb,si,2113,8,120,0,3,title lungo
scuole/nl/la-lingua-la-vita.html,nl,La Lingua La Vita — cursus Italiaans in Todi | thuisitaliaans,61,125,1,La Lingua La Vita,https://thuisitaliaans.com/scuole/nl/la-lingua-la-vita,8,Answer+BreadcrumbList+Country+FAQPage+GeoCoordinates+ImageOb,si,2093,9,123,0,3,
scuole/nl/laboling.html,nl,Laboling — cursus Italiaans in Milazzo | thuisitaliaans,55,120,1,Laboling,https://thuisitaliaans.com/scuole/nl/laboling,8,Answer+BreadcrumbList+Country+FAQPage+GeoCoordinates+ImageOb,si,2116,9,122,0,3,
scuole/nl/lingua-it.html,nl,Lingua IT — cursus Italiaans in Verona | thuisitaliaans,55,119,1,Lingua IT,https://thuisitaliaans.com/scuole/nl/lingua-it,8,Answer+BreadcrumbList+Country+FAQPage+GeoCoordinates+ImageOb,si,2184,8,125,0,3,
scuole/nl/lingua-si.html,nl,Lingua Sì — cursus Italiaans in Orvieto | thuisitaliaans,56,120,1,Lingua Sì,https://thuisitaliaans.com/scuole/nl/lingua-si,8,Answer+BreadcrumbList+Country+FAQPage+GeoCoordinates+ImageOb,si,2089,9,123,0,3,
scuole/nl/linguadue.html,nl,Linguadue — cursus Italiaans in Milano | thuisitaliaans,55,122,1,Linguadue,https://thuisitaliaans.com/scuole/nl/linguadue,8,Answer+BreadcrumbList+Country+FAQPage+GeoCoordinates+ImageOb,si,2224,9,122,0,3,
scuole/nl/linguaviva-lignano.html,nl,Linguaviva Lignano — cursus Italiaans in Lignano Sabbiadoro | thuisitaliaans,76,155,1,Linguaviva Lignano,https://thuisitaliaans.com/scuole/nl/linguaviva-lignano,8,Answer+BreadcrumbList+Country+FAQPage+GeoCoordinates+ImageOb,si,2177,9,121,0,3,title lungo
scuole/nl/linguaviva.html,nl,Linguaviva — cursus Italiaans in Firenze | thuisitaliaans,57,122,1,Linguaviva,https://thuisitaliaans.com/scuole/nl/linguaviva,8,Answer+BreadcrumbList+Country+FAQPage+GeoCoordinates+ImageOb,si,2359,9,129,0,3,
scuole/nl/lucca-italian-school.html,nl,Lucca Italian School — cursus Italiaans in Lucca | thuisitaliaans,65,130,1,Lucca Italian School,https://thuisitaliaans.com/scuole/nl/lucca-italian-school,8,Answer+BreadcrumbList+Country+FAQPage+GeoCoordinates+ImageOb,si,2195,9,124,0,3,
scuole/nl/madrelingua.html,nl,Madrelingua — cursus Italiaans in Bologna | thuisitaliaans,58,130,1,Madrelingua,https://thuisitaliaans.com/scuole/nl/madrelingua,8,Answer+BreadcrumbList+Country+FAQPage+GeoCoordinates+ImageOb,si,2179,9,126,0,3,
scuole/nl/mappa.html,nl,Kaart van Italiaanse taalscholen in Italië | thuisitaliaans,59,113,2,"Italiaans leren in Italië: vind je cursus, plan je reis .",https://thuisitaliaans.com/scuole/nl/mappa,8,WebPage,,34,0,13,2,1,h1 multipli; pagina sottile; link a .html ×2
scuole/nl/omnilingua.html,nl,Omnilingua — cursus Italiaans in Sanremo | thuisitaliaans,57,122,1,Omnilingua,https://thuisitaliaans.com/scuole/nl/omnilingua,8,Answer+BreadcrumbList+Country+FAQPage+GeoCoordinates+ImageOb,si,2074,9,119,0,3,
scuole/nl/one-world-italiano.html,nl,One World Italiano — cursus Italiaans in Cagliari | thuisitaliaans,66,132,1,One World Italiano,https://thuisitaliaans.com/scuole/nl/one-world-italiano,8,Answer+BreadcrumbList+Country+FAQPage+GeoCoordinates+ImageOb,si,2055,9,119,0,3,title lungo
scuole/nl/parola-italian-language-school.html,nl,Parola Italian Language School — cursus Italiaans in Firenze | thuisitaliaans,77,142,1,Parola Italian Language School,https://thuisitaliaans.com/scuole/nl/parola-italian-language-school,8,Answer+BreadcrumbList+Country+FAQPage+GeoCoordinates+ImageOb,si,2210,9,129,0,3,title lungo
scuole/nl/piccola-universita-italiana-trieste.html,nl,Piccola Università Italiana Trieste — cursus Italiaans in Trieste | thuisitaliaans,82,161,1,Piccola Università Italiana Trieste,https://thuisitaliaans.com/scuole/nl/piccola-universita-italiana-trieste,8,Answer+BreadcrumbList+Country+FAQPage+GeoCoordinates+ImageOb,si,2273,8,121,0,3,title lungo
scuole/nl/piccola-universita-italiana-tropea.html,nl,Piccola Università Italiana Tropea — cursus Italiaans in Tropea | thuisitaliaans,80,146,1,Piccola Università Italiana Tropea,https://thuisitaliaans.com/scuole/nl/piccola-universita-italiana-tropea,8,Answer+BreadcrumbList+Country+FAQPage+GeoCoordinates+ImageOb,si,2327,9,122,0,3,title lungo
scuole/nl/pintadera-centro-mediterraneo.html,nl,Pintadera Centro Mediterraneo — cursus Italiaans in Alghero | thuisitaliaans,76,142,1,Pintadera Centro Mediterraneo,https://thuisitaliaans.com/scuole/nl/pintadera-centro-mediterraneo,8,Answer+BreadcrumbList+Country+FAQPage+GeoCoordinates+ImageOb,si,2203,9,119,0,3,title lungo
scuole/nl/porta-d-oriente.html,nl,Porta d&#x27;Oriente — cursus Italiaans in Otranto | thuisitaliaans,67,131,1,Porta d&#x27;Oriente,https://thuisitaliaans.com/scuole/nl/porta-d-oriente,8,Answer+BreadcrumbList+Country+FAQPage+GeoCoordinates+ImageOb,si,2090,9,119,0,3,title lungo
scuole/nl/punto-e-virgola.html,nl,Punto e Virgola — cursus Italiaans in Grottaglie | thuisitaliaans,65,129,1,Punto e Virgola,https://thuisitaliaans.com/scuole/nl/punto-e-virgola,8,Answer+BreadcrumbList+Country+FAQPage+GeoCoordinates+ImageOb,si,2029,9,120,0,3,
scuole/nl/reggio-lingua.html,nl,Reggio Lingua — cursus Italiaans in Reggio Emilia | thuisitaliaans,66,138,1,Reggio Lingua,https://thuisitaliaans.com/scuole/nl/reggio-lingua,8,Answer+BreadcrumbList+Country+FAQPage+GeoCoordinates+ImageOb,si,2126,9,122,0,3,title lungo
scuole/nl/regione/alto-adige.html,nl,Italiaanse taalscholen in Alto Adige — 2 geselecteerde scholen | thuisitaliaans,79,130,1,Italiaanse taalscholen in Alto Adige,https://thuisitaliaans.com/scuole/nl/regione/alto-adige,8,BreadcrumbList+ItemList+ListItem+WebPage,,225,7,17,0,2,title lungo; pagina sottile
scuole/nl/regione/calabria.html,nl,Italiaanse taalscholen in Calabria — 3 geselecteerde scholen | thuisitaliaans,77,128,1,Italiaanse taalscholen in Calabria,https://thuisitaliaans.com/scuole/nl/regione/calabria,8,BreadcrumbList+ItemList+ListItem+WebPage,,243,8,19,0,2,title lungo; pagina sottile
scuole/nl/regione/campania.html,nl,Italiaanse taalscholen in Campania — 4 geselecteerde scholen | thuisitaliaans,77,128,1,Italiaanse taalscholen in Campania,https://thuisitaliaans.com/scuole/nl/regione/campania,8,BreadcrumbList+ItemList+ListItem+WebPage,,248,9,22,0,2,title lungo; pagina sottile
scuole/nl/regione/emilia-romagna.html,nl,Italiaanse taalscholen in Emilia-Romagna — 9 geselecteerde scholen | thuisitaliaans,83,134,1,Italiaanse taalscholen in Emilia-Romagna,https://thuisitaliaans.com/scuole/nl/regione/emilia-romagna,8,BreadcrumbList+ItemList+ListItem+WebPage,,326,9,35,0,2,title lungo
scuole/nl/regione/friuli-venezia-giulia.html,nl,Italiaanse taalscholen in Friuli-Venezia Giulia — 3 geselecteerde scholen | thuisitaliaans,90,141,1,Italiaanse taalscholen in Friuli-Venezia Giulia,https://thuisitaliaans.com/scuole/nl/regione/friuli-venezia-giulia,8,BreadcrumbList+ItemList+ListItem+WebPage,,248,8,19,0,2,title lungo; pagina sottile
scuole/nl/regione/lazio.html,nl,Italiaanse taalscholen in Lazio — 12 geselecteerde scholen | thuisitaliaans,75,126,1,Italiaanse taalscholen in Lazio,https://thuisitaliaans.com/scuole/nl/regione/lazio,8,BreadcrumbList+ItemList+ListItem+WebPage,,343,9,37,0,2,title lungo
scuole/nl/regione/liguria.html,nl,Italiaanse taalscholen in Liguria — 4 geselecteerde scholen | thuisitaliaans,76,127,1,Italiaanse taalscholen in Liguria,https://thuisitaliaans.com/scuole/nl/regione/liguria,8,BreadcrumbList+ItemList+ListItem+WebPage,,257,9,22,0,2,title lungo; pagina sottile
scuole/nl/regione/lombardia.html,nl,Italiaanse taalscholen in Lombardia — 4 geselecteerde scholen | thuisitaliaans,78,129,1,Italiaanse taalscholen in Lombardia,https://thuisitaliaans.com/scuole/nl/regione/lombardia,8,BreadcrumbList+ItemList+ListItem+WebPage,,231,6,20,0,2,title lungo; pagina sottile
scuole/nl/regione/marche.html,nl,Italiaanse taalscholen in Marche — 2 geselecteerde scholen | thuisitaliaans,75,126,1,Italiaanse taalscholen in Marche,https://thuisitaliaans.com/scuole/nl/regione/marche,8,BreadcrumbList+ItemList+ListItem+WebPage,,231,9,17,0,2,title lungo; pagina sottile
scuole/nl/regione/piemonte.html,nl,Italiaanse taalscholen in Piemonte — 2 geselecteerde scholen | thuisitaliaans,77,128,1,Italiaanse taalscholen in Piemonte,https://thuisitaliaans.com/scuole/nl/regione/piemonte,8,BreadcrumbList+ItemList+ListItem+WebPage,,207,5,16,0,2,title lungo; pagina sottile
scuole/nl/regione/puglia.html,nl,Italiaanse taalscholen in Puglia — 3 geselecteerde scholen | thuisitaliaans,75,126,1,Italiaanse taalscholen in Puglia,https://thuisitaliaans.com/scuole/nl/regione/puglia,8,BreadcrumbList+ItemList+ListItem+WebPage,,238,9,20,0,2,title lungo; pagina sottile
scuole/nl/regione/sardegna.html,nl,Italiaanse taalscholen in Sardegna — 4 geselecteerde scholen | thuisitaliaans,77,128,1,Italiaanse taalscholen in Sardegna,https://thuisitaliaans.com/scuole/nl/regione/sardegna,8,BreadcrumbList+ItemList+ListItem+WebPage,,252,9,23,0,2,title lungo; pagina sottile
scuole/nl/regione/sicilia.html,nl,Italiaanse taalscholen in Sicilia — 6 geselecteerde scholen | thuisitaliaans,76,127,1,Italiaanse taalscholen in Sicilia,https://thuisitaliaans.com/scuole/nl/regione/sicilia,8,BreadcrumbList+ItemList+ListItem+WebPage,,283,9,29,0,2,title lungo; pagina sottile
scuole/nl/regione/toscana.html,nl,Italiaanse taalscholen in Toscana — 36 geselecteerde scholen | thuisitaliaans,77,128,1,Italiaanse taalscholen in Toscana,https://thuisitaliaans.com/scuole/nl/regione/toscana,8,BreadcrumbList+ItemList+ListItem+WebPage,,620,9,93,0,2,title lungo
scuole/nl/regione/trentino.html,nl,Italiaanse taalscholen in Trentino — 2 geselecteerde scholen | thuisitaliaans,77,128,1,Italiaanse taalscholen in Trentino,https://thuisitaliaans.com/scuole/nl/regione/trentino,8,BreadcrumbList+ItemList+ListItem+WebPage,,247,9,17,0,2,title lungo; pagina sottile
scuole/nl/regione/umbria.html,nl,Italiaanse taalscholen in Umbria — 5 geselecteerde scholen | thuisitaliaans,75,126,1,Italiaanse taalscholen in Umbria,https://thuisitaliaans.com/scuole/nl/regione/umbria,8,BreadcrumbList+ItemList+ListItem+WebPage,,267,9,25,0,2,title lungo; pagina sottile
scuole/nl/regione/veneto.html,nl,Italiaanse taalscholen in Veneto — 7 geselecteerde scholen | thuisitaliaans,75,126,1,Italiaanse taalscholen in Veneto,https://thuisitaliaans.com/scuole/nl/regione/veneto,8,BreadcrumbList+ItemList+ListItem+WebPage,,285,9,28,0,2,title lungo; pagina sottile
scuole/nl/romanica.html,nl,Romanica — cursus Italiaans in Modena | thuisitaliaans,54,126,1,Romanica,https://thuisitaliaans.com/scuole/nl/romanica,8,Answer+BreadcrumbList+Country+FAQPage+GeoCoordinates+ImageOb,si,2092,9,122,0,3,
scuole/nl/saena-iulii.html,nl,Saena Iulia — cursus Italiaans in Siena | thuisitaliaans,56,121,1,Saena Iulia,https://thuisitaliaans.com/scuole/nl/saena-iulii,8,Answer+BreadcrumbList+Country+FAQPage+GeoCoordinates+ImageOb,si,2241,9,125,0,3,
scuole/nl/sant-anna-institute.html,nl,Sant&#x27;Anna Institute — cursus Italiaans in Sorrento | thuisitaliaans,72,138,1,Sant&#x27;Anna Institute,https://thuisitaliaans.com/scuole/nl/sant-anna-institute,8,Answer+BreadcrumbList+Country+FAQPage+GeoCoordinates+ImageOb,si,2122,9,121,0,3,title lungo
scuole/nl/scudit-scuola-d-italiano.html,nl,Scudit Scuola d&#x27;Italiano — cursus Italiaans in Roma | thuisitaliaans,73,136,1,Scudit Scuola d&#x27;Italiano,https://thuisitaliaans.com/scuole/nl/scudit-scuola-d-italiano,8,Answer+BreadcrumbList+Country+FAQPage+GeoCoordinates+ImageOb,si,2362,9,126,0,3,title lungo
scuole/nl/scuola-d-italiano-dante-alighieri-roma.html,nl,Scuola d&#x27;Italiano Dante Alighieri Roma — cursus Italiaans in Roma | thuisitaliaans,87,150,1,Scuola d&#x27;Italiano Dante Alighieri Roma,https://thuisitaliaans.com/scuole/nl/scuola-d-italiano-dante-alighieri-roma,8,Answer+BreadcrumbList+Country+FAQPage+GeoCoordinates+ImageOb,si,2418,9,126,0,3,title lungo
scuole/nl/scuola-dante-alighieri-campus-l-infinito.html,nl,Scuola Dante Alighieri Campus L&#x27;Infinito — cursus Italiaans in Recanati | thuisitaliaans,93,157,1,Scuola Dante Alighieri Campus L&#x27;Infinito,https://thuisitaliaans.com/scuole/nl/scuola-dante-alighieri-campus-l-infinito,8,Answer+BreadcrumbList+Country+FAQPage+GeoCoordinates+ImageOb,si,2127,9,121,0,3,title lungo
scuole/nl/scuola-leonardo-da-vinci-firenze.html,nl,Scuola Leonardo da Vinci Firenze — cursus Italiaans in Firenze | thuisitaliaans,79,144,1,Scuola Leonardo da Vinci Firenze,https://thuisitaliaans.com/scuole/nl/scuola-leonardo-da-vinci-firenze,8,Answer+BreadcrumbList+Country+Course+CourseInstance+Educatio,si,2302,9,129,0,3,title lungo
scuole/nl/scuola-leonardo-da-vinci-milano.html,nl,Scuola Leonardo da Vinci Milano — cursus Italiaans in Milano | thuisitaliaans,77,144,1,Scuola Leonardo da Vinci Milano,https://thuisitaliaans.com/scuole/nl/scuola-leonardo-da-vinci-milano,8,Answer+BreadcrumbList+Country+FAQPage+GeoCoordinates+ImageOb,si,2291,9,122,0,3,title lungo
scuole/nl/scuola-leonardo-da-vinci-roma.html,nl,Scuola Leonardo da Vinci Roma — cursus Italiaans in Roma | thuisitaliaans,73,136,1,Scuola Leonardo da Vinci Roma,https://thuisitaliaans.com/scuole/nl/scuola-leonardo-da-vinci-roma,8,Answer+BreadcrumbList+Country+Course+CourseInstance+Educatio,si,2314,9,126,0,3,title lungo
scuole/nl/scuola-leonardo-da-vinci-viareggio.html,nl,Scuola Leonardo da Vinci Viareggio — cursus Italiaans in Viareggio | thuisitaliaans,83,148,1,Scuola Leonardo da Vinci Viareggio,https://thuisitaliaans.com/scuole/nl/scuola-leonardo-da-vinci-viareggio,8,Answer+BreadcrumbList+Country+FAQPage+GeoCoordinates+ImageOb,si,2207,9,124,0,3,title lungo
scuole/nl/scuola-palazzo-malvisi-bagno-di-romagna.html,nl,Scuola Palazzo Malvisi Bagno di Romagna — cursus Italiaans in Bagno di Romagna | thuisitaliaans,95,167,1,Scuola Palazzo Malvisi Bagno di Romagna,https://thuisitaliaans.com/scuole/nl/scuola-palazzo-malvisi-bagno-di-romagna,8,Answer+BreadcrumbList+Country+FAQPage+GeoCoordinates+ImageOb,si,2214,9,123,0,3,title lungo; description lunga
scuole/nl/scuola-palazzo-malvisi-ravenna.html,nl,Scuola Palazzo Malvisi Ravenna — cursus Italiaans in Ravenna | thuisitaliaans,77,149,1,Scuola Palazzo Malvisi Ravenna,https://thuisitaliaans.com/scuole/nl/scuola-palazzo-malvisi-ravenna,8,Answer+BreadcrumbList+Country+FAQPage+GeoCoordinates+ImageOb,si,2228,8,123,0,3,title lungo
scuole/nl/scuola-toscana.html,nl,Scuola Toscana — cursus Italiaans in Firenze | thuisitaliaans,61,126,1,Scuola Toscana,https://thuisitaliaans.com/scuole/nl/scuola-toscana,8,Answer+BreadcrumbList+Country+FAQPage+GeoCoordinates+ImageOb,si,2314,9,129,0,3,
scuole/nl/scuola-tricolore.html,nl,Scuola Tricolore — cursus Italiaans in Genova | thuisitaliaans,62,127,1,Scuola Tricolore,https://thuisitaliaans.com/scuole/nl/scuola-tricolore,8,Answer+BreadcrumbList+Country+FAQPage+GeoCoordinates+ImageOb,si,2199,8,121,0,3,
scuole/nl/scuola-virgilio.html,nl,Scuola Virgilio — cursus Italiaans in Trapani | thuisitaliaans,62,127,1,Scuola Virgilio,https://thuisitaliaans.com/scuole/nl/scuola-virgilio,8,Answer+BreadcrumbList+Country+FAQPage+GeoCoordinates+ImageOb,si,2167,9,121,0,3,
scuole/nl/societa-dante-alighieri-siena.html,nl,Società Dante Alighieri Siena — cursus Italiaans in Siena | thuisitaliaans,74,139,1,Società Dante Alighieri Siena,https://thuisitaliaans.com/scuole/nl/societa-dante-alighieri-siena,8,Answer+BreadcrumbList+Country+FAQPage+GeoCoordinates+ImageOb,si,2364,9,125,0,3,title lungo
scuole/nl/solemar-academy.html,nl,Solemar Academy — cursus Italiaans in Cefalù | thuisitaliaans,61,126,1,Solemar Academy,https://thuisitaliaans.com/scuole/nl/solemar-academy,8,Answer+BreadcrumbList+Country+FAQPage+GeoCoordinates+ImageOb,si,2154,9,121,0,3,
scuole/nl/solemar-sicilia.html,nl,Solemar Sicilia — cursus Italiaans in Palermo (Mondello) | thuisitaliaans,73,138,1,Solemar Sicilia,https://thuisitaliaans.com/scuole/nl/solemar-sicilia,8,Answer+BreadcrumbList+Country+FAQPage+GeoCoordinates+ImageOb,si,2173,9,122,0,3,title lungo
scuole/nl/sprachcaffe-firenze.html,nl,Sprachcaffe Firenze — cursus Italiaans in Firenze | thuisitaliaans,66,131,1,Sprachcaffe Firenze,https://thuisitaliaans.com/scuole/nl/sprachcaffe-firenze,8,Answer+BreadcrumbList+Country+Course+CourseInstance+Educatio,si,2245,9,129,0,3,title lungo
scuole/nl/studioitalia.html,nl,Studioitalia — cursus Italiaans in Roma | thuisitaliaans,56,119,1,Studioitalia,https://thuisitaliaans.com/scuole/nl/studioitalia,8,Answer+BreadcrumbList+Country+Course+CourseInstance+Educatio,si,2253,9,126,0,3,
scuole/nl/studitalia.html,nl,Studitalia — cursus Italiaans in Olbia | thuisitaliaans,55,121,1,Studitalia,https://thuisitaliaans.com/scuole/nl/studitalia,8,Answer+BreadcrumbList+Country+FAQPage+GeoCoordinates+ImageOb,si,2167,9,120,0,3,
scuole/nl/terramare.html,nl,Terramare — cursus Italiaans in Orbetello | thuisitaliaans,58,123,1,Terramare,https://thuisitaliaans.com/scuole/nl/terramare,8,Answer+BreadcrumbList+Country+FAQPage+GeoCoordinates+ImageOb,si,2188,9,123,0,3,
scuole/nl/tiberius-international.html,nl,Tiberius International — cursus Italiaans in Rimini | thuisitaliaans,68,140,1,Tiberius International,https://thuisitaliaans.com/scuole/nl/tiberius-international,8,Answer+BreadcrumbList+Country+FAQPage+GeoCoordinates+ImageOb,si,2206,8,123,0,3,title lungo
scuole/nl/torre-di-babele.html,nl,Torre di Babele — cursus Italiaans in Roma | thuisitaliaans,59,122,1,Torre di Babele,https://thuisitaliaans.com/scuole/nl/torre-di-babele,8,Answer+BreadcrumbList+Country+FAQPage+GeoCoordinates+ImageOb,si,2403,9,126,0,3,
scuole/nl/trulli-italian-school.html,nl,Trulli Italian School — cursus Italiaans in Alberobello | thuisitaliaans,72,136,1,Trulli Italian School,https://thuisitaliaans.com/scuole/nl/trulli-italian-school,8,Answer+BreadcrumbList+Country+FAQPage+GeoCoordinates+ImageOb,si,2205,9,120,0,3,title lungo
scuole/nl/universita-per-stranieri-dante-alighieri.html,nl,Università per Stranieri Dante Alighieri — cursus Italiaans in Reggio Calabria | thuisitaliaans,95,161,1,Università per Stranieri Dante Alighieri,https://thuisitaliaans.com/scuole/nl/universita-per-stranieri-dante-alighieri,8,Answer+BreadcrumbList+Country+FAQPage+GeoCoordinates+ImageOb,si,2102,8,122,0,3,title lungo
scuole/nl/universita-per-stranieri-di-perugia.html,nl,Università per Stranieri di Perugia — cursus Italiaans in Perugia | thuisitaliaans,82,146,1,Università per Stranieri di Perugia,https://thuisitaliaans.com/scuole/nl/universita-per-stranieri-di-perugia,8,Answer+BreadcrumbList+Country+FAQPage+GeoCoordinates+ImageOb,si,2280,9,124,0,3,title lungo
scuole/nl/universita-per-stranieri-di-siena.html,nl,Università per Stranieri di Siena — cursus Italiaans in Siena | thuisitaliaans,78,143,1,Università per Stranieri di Siena,https://thuisitaliaans.com/scuole/nl/universita-per-stranieri-di-siena,8,Answer+BreadcrumbList+Country+FAQPage+GeoCoordinates+ImageOb,si,2291,9,125,0,3,title lungo
scuole/omnilingua.html,it,Omnilingua — corso di italiano a Sanremo | thuisitaliaans,57,133,1,Omnilingua,https://thuisitaliaans.com/scuole/omnilingua,8,Answer+BreadcrumbList+Country+FAQPage+GeoCoordinates+ImageOb,si,2137,9,119,0,3,
scuole/one-world-italiano.html,it,One World Italiano — corso di italiano a Cagliari | thuisitaliaans,66,143,1,One World Italiano,https://thuisitaliaans.com/scuole/one-world-italiano,8,Answer+BreadcrumbList+Country+FAQPage+GeoCoordinates+ImageOb,si,2120,9,119,0,3,title lungo
scuole/parola-italian-language-school.html,it,Parola Italian Language School — corso di italiano a Firenze | thuisitaliaans,77,153,1,Parola Italian Language School,https://thuisitaliaans.com/scuole/parola-italian-language-school,8,Answer+BreadcrumbList+Country+FAQPage+GeoCoordinates+ImageOb,si,2302,9,129,0,3,title lungo
scuole/piccola-universita-italiana-trieste.html,it,Piccola Università Italiana Trieste — corso di italiano a Trieste | thuisitaliaans,82,172,1,Piccola Università Italiana Trieste,https://thuisitaliaans.com/scuole/piccola-universita-italiana-trieste,8,Answer+BreadcrumbList+Country+FAQPage+GeoCoordinates+ImageOb,si,2343,8,121,0,3,title lungo; description lunga
scuole/piccola-universita-italiana-tropea.html,it,Piccola Università Italiana Tropea — corso di italiano a Tropea | thuisitaliaans,80,157,1,Piccola Università Italiana Tropea,https://thuisitaliaans.com/scuole/piccola-universita-italiana-tropea,8,Answer+BreadcrumbList+Country+FAQPage+GeoCoordinates+ImageOb,si,2403,9,122,0,3,title lungo
scuole/pintadera-centro-mediterraneo.html,it,Pintadera Centro Mediterraneo — corso di italiano a Alghero | thuisitaliaans,76,153,1,Pintadera Centro Mediterraneo,https://thuisitaliaans.com/scuole/pintadera-centro-mediterraneo,8,Answer+BreadcrumbList+Country+FAQPage+GeoCoordinates+ImageOb,si,2262,9,119,0,3,title lungo
scuole/pl/a-door-to-italy.html,pl,A Door to Italy — kurs włoskiego w Genova | thuisitaliaans,58,148,1,A Door to Italy,https://thuisitaliaans.com/scuole/pl/a-door-to-italy,8,Answer+BreadcrumbList+Country+FAQPage+GeoCoordinates+ImageOb,si,2056,8,121,0,3,
scuole/pl/abc-firenze.html,pl,ABC Firenze — kurs włoskiego w Firenze | thuisitaliaans,55,145,1,ABC Firenze,https://thuisitaliaans.com/scuole/pl/abc-firenze,8,Answer+BreadcrumbList+Country+FAQPage+GeoCoordinates+ImageOb,si,2182,9,129,0,3,
scuole/pl/abc-school-sestri-levante.html,pl,ABC School Sestri Levante — kurs włoskiego w Sestri Levante | thuisitaliaans,76,166,1,ABC School Sestri Levante,https://thuisitaliaans.com/scuole/pl/abc-school-sestri-levante,8,Answer+BreadcrumbList+Country+FAQPage+GeoCoordinates+ImageOb,si,1992,9,121,0,3,title lungo; description lunga
scuole/pl/accademia-del-giglio.html,pl,Accademia del Giglio — kurs włoskiego w Firenze | thuisitaliaans,64,154,1,Accademia del Giglio,https://thuisitaliaans.com/scuole/pl/accademia-del-giglio,8,Answer+BreadcrumbList+Country+FAQPage+GeoCoordinates+ImageOb,si,2187,9,129,0,3,
scuole/pl/accademia-europea-di-firenze.html,pl,Accademia Europea di Firenze — kurs włoskiego w Firenze | thuisitaliaans,72,162,1,Accademia Europea di Firenze,https://thuisitaliaans.com/scuole/pl/accademia-europea-di-firenze,8,Answer+BreadcrumbList+Country+FAQPage+GeoCoordinates+ImageOb,si,2127,9,129,0,3,title lungo
scuole/pl/accademia-italiana-salerno.html,pl,Accademia Italiana Salerno — kurs włoskiego w Salerno | thuisitaliaans,70,161,1,Accademia Italiana Salerno,https://thuisitaliaans.com/scuole/pl/accademia-italiana-salerno,8,Answer+BreadcrumbList+Country+FAQPage+GeoCoordinates+ImageOb,si,1977,8,122,0,3,title lungo
scuole/pl/accademia-leonardo.html,pl,Accademia Leonardo — kurs włoskiego w Salerno | thuisitaliaans,62,153,1,Accademia Leonardo,https://thuisitaliaans.com/scuole/pl/accademia-leonardo,8,Answer+BreadcrumbList+Country+FAQPage+GeoCoordinates+ImageOb,si,1956,8,122,0,3,
scuole/pl/accademia-lingua-italiana-assisi.html,pl,Accademia Lingua Italiana Assisi — kurs włoskiego w Assisi | thuisitaliaans,75,164,1,Accademia Lingua Italiana Assisi,https://thuisitaliaans.com/scuole/pl/accademia-lingua-italiana-assisi,8,Answer+BreadcrumbList+Country+FAQPage+GeoCoordinates+ImageOb,si,1966,9,123,0,3,title lungo
scuole/pl/accademia-riaci.html,pl,Accademia Riaci — kurs włoskiego w Firenze | thuisitaliaans,59,149,1,Accademia Riaci,https://thuisitaliaans.com/scuole/pl/accademia-riaci,8,Answer+BreadcrumbList+Country+FAQPage+GeoCoordinates+ImageOb,si,2155,9,129,0,3,
scuole/pl/alce-accademia-lingue-e-culture-europee.html,pl,ALCE Accademia Lingue e Culture Europee — kurs włoskiego w Bologna | thuisitaliaans,83,180,1,ALCE Accademia Lingue e Culture Europee,https://thuisitaliaans.com/scuole/pl/alce-accademia-lingue-e-culture-europee,8,Answer+BreadcrumbList+Country+FAQPage+GeoCoordinates+ImageOb,si,2032,9,126,0,3,title lungo; description lunga
scuole/pl/alpha-beta-piccadilly-bolzano.html,pl,Alpha Beta Piccadilly Bolzano — kurs włoskiego w Bolzano | thuisitaliaans,73,166,1,Alpha Beta Piccadilly Bolzano,https://thuisitaliaans.com/scuole/pl/alpha-beta-piccadilly-bolzano,8,Answer+BreadcrumbList+Country+FAQPage+GeoCoordinates+ImageOb,si,2062,8,122,0,3,title lungo; description lunga
scuole/pl/alpha-beta-piccadilly-merano.html,pl,Alpha Beta Piccadilly Merano — kurs włoskiego w Merano | thuisitaliaans,71,164,1,Alpha Beta Piccadilly Merano,https://thuisitaliaans.com/scuole/pl/alpha-beta-piccadilly-merano,8,Answer+BreadcrumbList+Country+FAQPage+GeoCoordinates+ImageOb,si,2055,8,122,0,3,title lungo
scuole/pl/arca.html,pl,Arca — kurs włoskiego w Bologna | thuisitaliaans,48,145,1,Arca,https://thuisitaliaans.com/scuole/pl/arca,8,Answer+BreadcrumbList+Country+FAQPage+GeoCoordinates+ImageOb,si,2054,9,126,0,3,
scuole/pl/babilonia-centro-di-lingua-e-cultura-italiana.html,pl,Babilonia Centro di Lingua e Cultura Italiana — kurs włoskiego w Taormina | thuisitaliaans,90,180,1,Babilonia Centro di Lingua e Cultura Italiana,https://thuisitaliaans.com/scuole/pl/babilonia-centro-di-lingua-e-cultura-italiana,8,Answer+BreadcrumbList+Country+FAQPage+GeoCoordinates+ImageOb,si,2073,9,121,0,3,title lungo; description lunga
scuole/pl/bertrand-russell.html,pl,Bertrand Russell — kurs włoskiego w Padova | thuisitaliaans,59,148,1,Bertrand Russell,https://thuisitaliaans.com/scuole/pl/bertrand-russell,8,Answer+BreadcrumbList+Country+FAQPage+GeoCoordinates+ImageOb,si,1980,9,122,0,3,
scuole/pl/ca-foscari-school-for-international-education.html,pl,Ca' Foscari School for International Education — kurs włoskiego w Venezia | thuisitaliaans,90,184,1,Ca' Foscari School for International Education,https://thuisitaliaans.com/scuole/pl/ca-foscari-school-for-international-education,8,Answer+BreadcrumbList+Country+FAQPage+GeoCoordinates+ImageOb,si,2157,9,123,0,3,title lungo; description lunga
scuole/pl/caffe-italiano-club.html,pl,Caffè Italiano Club — kurs włoskiego w Tropea | thuisitaliaans,62,153,1,Caffè Italiano Club,https://thuisitaliaans.com/scuole/pl/caffe-italiano-club,8,Answer+BreadcrumbList+Country+FAQPage+GeoCoordinates+ImageOb,si,2023,9,122,0,3,
scuole/pl/centro-culturale-giacomo-puccini.html,pl,Centro Culturale Giacomo Puccini — kurs włoskiego w Viareggio | thuisitaliaans,78,168,1,Centro Culturale Giacomo Puccini,https://thuisitaliaans.com/scuole/pl/centro-culturale-giacomo-puccini,8,Answer+BreadcrumbList+Country+FAQPage+GeoCoordinates+ImageOb,si,2011,9,124,0,3,title lungo; description lunga
scuole/pl/centro-fiorenza-isola-d-elba.html,pl,Centro Fiorenza Isola d'Elba — kurs włoskiego w Isola d'Elba | thuisitaliaans,77,177,1,Centro Fiorenza Isola d'Elba,https://thuisitaliaans.com/scuole/pl/centro-fiorenza-isola-d-elba,8,Answer+BreadcrumbList+Country+FAQPage+GeoCoordinates+ImageOb,si,1961,9,119,0,3,title lungo; description lunga
scuole/pl/centro-fiorenza.html,pl,Centro Fiorenza — kurs włoskiego w Firenze | thuisitaliaans,59,149,1,Centro Fiorenza,https://thuisitaliaans.com/scuole/pl/centro-fiorenza,8,Answer+BreadcrumbList+Country+Course+CourseInstance+Educatio,si,2144,9,129,0,3,
scuole/pl/centro-italiano-firenze.html,pl,Centro Italiano Firenze — kurs włoskiego w Firenze | thuisitaliaans,67,157,1,Centro Italiano Firenze,https://thuisitaliaans.com/scuole/pl/centro-italiano-firenze,8,Answer+BreadcrumbList+Country+FAQPage+GeoCoordinates+ImageOb,si,2200,9,129,0,3,title lungo
scuole/pl/centro-italiano.html,pl,Centro Italiano — kurs włoskiego w Napoli | thuisitaliaans,58,149,1,Centro Italiano,https://thuisitaliaans.com/scuole/pl/centro-italiano,8,Answer+BreadcrumbList+Country+FAQPage+GeoCoordinates+ImageOb,si,2000,9,121,0,3,
scuole/pl/centro-koine-firenze.html,pl,Centro Koinè Firenze — kurs włoskiego w Firenze | thuisitaliaans,64,154,1,Centro Koinè Firenze,https://thuisitaliaans.com/scuole/pl/centro-koine-firenze,8,Answer+BreadcrumbList+Country+FAQPage+GeoCoordinates+ImageOb,si,2153,9,129,0,3,
scuole/pl/centro-koine-lucca.html,pl,Centro Koinè Lucca — kurs włoskiego w Lucca | thuisitaliaans,60,150,1,Centro Koinè Lucca,https://thuisitaliaans.com/scuole/pl/centro-koine-lucca,8,Answer+BreadcrumbList+Country+FAQPage+GeoCoordinates+ImageOb,si,2020,9,124,0,3,
scuole/pl/centro-lingua-italiana-calvino.html,pl,Centro Lingua Italiana Calvino — kurs włoskiego w Firenze | thuisitaliaans,74,164,1,Centro Lingua Italiana Calvino,https://thuisitaliaans.com/scuole/pl/centro-lingua-italiana-calvino,8,Answer+BreadcrumbList+Country+FAQPage+GeoCoordinates+ImageOb,si,2178,9,129,0,3,title lungo
scuole/pl/centro-machiavelli.html,pl,Centro Machiavelli — kurs włoskiego w Firenze | thuisitaliaans,62,152,1,Centro Machiavelli,https://thuisitaliaans.com/scuole/pl/centro-machiavelli,8,Answer+BreadcrumbList+Country+FAQPage+GeoCoordinates+ImageOb,si,2191,9,129,0,3,
scuole/pl/centro-studi-italiani.html,pl,Centro Studi Italiani — kurs włoskiego w Urbania | thuisitaliaans,65,154,1,Centro Studi Italiani,https://thuisitaliaans.com/scuole/pl/centro-studi-italiani,8,Answer+BreadcrumbList+Country+FAQPage+GeoCoordinates+ImageOb,si,1964,9,123,0,3,
scuole/pl/ciao-italia.html,pl,Ciao Italia — kurs włoskiego w Roma | thuisitaliaans,52,140,1,Ciao Italia,https://thuisitaliaans.com/scuole/pl/ciao-italia,8,Answer+BreadcrumbList+Country+FAQPage+GeoCoordinates+ImageOb,si,2112,9,126,0,3,
scuole/pl/ciaoitaly-scuola-leonardo-da-vinci-torino.html,pl,CiaoItaly Scuola Leonardo da Vinci Torino — kurs włoskiego w Torino | thuisitaliaans,84,175,1,CiaoItaly Scuola Leonardo da Vinci Torino,https://thuisitaliaans.com/scuole/pl/ciaoitaly-scuola-leonardo-da-vinci-torino,8,Answer+BreadcrumbList+Country+FAQPage+GeoCoordinates+ImageOb,si,2003,8,120,0,3,title lungo; description lunga
scuole/pl/citta/alberobello.html,pl,Szkoły włoskiego w mieście Alberobello — 1 szkoła | thuisitaliaans,66,143,1,Szkoły włoskiego w Alberobello,https://thuisitaliaans.com/scuole/pl/citta/alberobello,8,Answer+FAQPage+ImageObject+ItemList+LanguageSchool+ListItem+,si,603,3,17,0,3,title lungo
scuole/pl/citta/alghero.html,pl,Szkoły włoskiego w mieście Alghero — 1 szkoła | thuisitaliaans,62,139,1,Szkoły włoskiego w Alghero,https://thuisitaliaans.com/scuole/pl/citta/alghero,8,Answer+FAQPage+ImageObject+ItemList+LanguageSchool+ListItem+,si,557,3,17,0,3,
scuole/pl/citta/arezzo.html,pl,Szkoły włoskiego w mieście Arezzo — 1 szkoła | thuisitaliaans,61,138,1,Szkoły włoskiego w Arezzo,https://thuisitaliaans.com/scuole/pl/citta/arezzo,8,Answer+FAQPage+ImageObject+ItemList+LanguageSchool+ListItem+,si,560,3,27,0,3,
scuole/pl/citta/assisi.html,pl,Szkoły włoskiego w mieście Assisi — 1 szkoła | thuisitaliaans,61,138,1,Szkoły włoskiego w Assisi,https://thuisitaliaans.com/scuole/pl/citta/assisi,8,Answer+FAQPage+ImageObject+ItemList+LanguageSchool+ListItem+,si,574,3,21,0,3,
scuole/pl/citta/bagno-di-romagna.html,pl,Szkoły włoskiego w mieście Bagno di Romagna — 1 szkoła | thuisitaliaans,71,148,1,Szkoły włoskiego w Bagno di Romagna,https://thuisitaliaans.com/scuole/pl/citta/bagno-di-romagna,8,Answer+FAQPage+ImageObject+ItemList+LanguageSchool+ListItem+,si,597,3,23,0,3,title lungo
scuole/pl/citta/bologna.html,pl,Szkoły włoskiego w mieście Bologna — 4 szkół | thuisitaliaans,61,157,1,Szkoły włoskiego w Bologna,https://thuisitaliaans.com/scuole/pl/citta/bologna,8,Answer+FAQPage+ImageObject+ItemList+LanguageSchool+ListItem+,si,715,3,29,0,3,
scuole/pl/citta/bolzano.html,pl,Szkoły włoskiego w mieście Bolzano — 1 szkoła | thuisitaliaans,62,139,1,Szkoły włoskiego w Bolzano,https://thuisitaliaans.com/scuole/pl/citta/bolzano,8,Answer+FAQPage+ImageObject+ItemList+LanguageSchool+ListItem+,si,603,2,18,0,3,
scuole/pl/citta/cagliari.html,pl,Szkoły włoskiego w mieście Cagliari — 1 szkoła | thuisitaliaans,63,140,1,Szkoły włoskiego w Cagliari,https://thuisitaliaans.com/scuole/pl/citta/cagliari,8,Answer+FAQPage+ImageObject+ItemList+LanguageSchool+ListItem+,si,529,3,17,0,3,
scuole/pl/citta/cefalu.html,pl,Szkoły włoskiego w mieście Cefalù — 1 szkoła | thuisitaliaans,61,138,1,Szkoły włoskiego w Cefalù,https://thuisitaliaans.com/scuole/pl/citta/cefalu,8,Answer+FAQPage+ImageObject+ItemList+LanguageSchool+ListItem+,si,534,3,21,0,3,
scuole/pl/citta/firenze.html,pl,Szkoły włoskiego w mieście Firenze — 24 szkół | thuisitaliaans,62,158,1,Szkoły włoskiego w Firenze,https://thuisitaliaans.com/scuole/pl/citta/firenze,8,Answer+FAQPage+ImageObject+ItemList+LanguageSchool+ListItem+,si,1290,3,71,0,3,
scuole/pl/citta/genova.html,pl,Szkoły włoskiego w mieście Genova — 2 szkół | thuisitaliaans,60,156,1,Szkoły włoskiego w Genova,https://thuisitaliaans.com/scuole/pl/citta/genova,8,Answer+FAQPage+ImageObject+ItemList+LanguageSchool+ListItem+,si,613,2,19,0,3,
scuole/pl/citta/grottaglie.html,pl,Szkoły włoskiego w mieście Grottaglie — 1 szkoła | thuisitaliaans,65,142,1,Szkoły włoskiego w Grottaglie,https://thuisitaliaans.com/scuole/pl/citta/grottaglie,8,Answer+FAQPage+ImageObject+ItemList+LanguageSchool+ListItem+,si,579,3,17,0,3,
scuole/pl/citta/isola-d-elba.html,pl,Szkoły włoskiego w mieście Isola d'Elba — 1 szkoła | thuisitaliaans,67,149,1,Szkoły włoskiego w Isola d'Elba,https://thuisitaliaans.com/scuole/pl/citta/isola-d-elba,8,Answer+FAQPage+ImageObject+ItemList+LanguageSchool+ListItem+,si,527,3,22,0,3,title lungo
scuole/pl/citta/la-maddalena.html,pl,Szkoły włoskiego w mieście La Maddalena — 1 szkoła | thuisitaliaans,67,144,1,Szkoły włoskiego w La Maddalena,https://thuisitaliaans.com/scuole/pl/citta/la-maddalena,8,Answer+FAQPage+ImageObject+ItemList+LanguageSchool+ListItem+,si,602,3,18,0,3,title lungo
scuole/pl/citta/lignano-sabbiadoro.html,pl,Szkoły włoskiego w mieście Lignano Sabbiadoro — 1 szkoła | thuisitaliaans,73,150,1,Szkoły włoskiego w Lignano Sabbiadoro,https://thuisitaliaans.com/scuole/pl/citta/lignano-sabbiadoro,8,Answer+FAQPage+ImageObject+ItemList+LanguageSchool+ListItem+,si,566,3,17,0,3,title lungo
scuole/pl/citta/lucca.html,pl,Szkoły włoskiego w mieście Lucca — 2 szkół | thuisitaliaans,59,155,1,Szkoły włoskiego w Lucca,https://thuisitaliaans.com/scuole/pl/citta/lucca,8,Answer+FAQPage+ImageObject+ItemList+LanguageSchool+ListItem+,si,667,3,29,0,3,
scuole/pl/citta/merano.html,pl,Szkoły włoskiego w mieście Merano — 1 szkoła | thuisitaliaans,61,138,1,Szkoły włoskiego w Merano,https://thuisitaliaans.com/scuole/pl/citta/merano,8,Answer+FAQPage+ImageObject+ItemList+LanguageSchool+ListItem+,si,605,2,18,0,3,
scuole/pl/citta/milano.html,pl,Szkoły włoskiego w mieście Milano — 4 szkół | thuisitaliaans,60,156,1,Szkoły włoskiego w Milano,https://thuisitaliaans.com/scuole/pl/citta/milano,8,Answer+FAQPage+ImageObject+ItemList+LanguageSchool+ListItem+,si,717,3,20,0,3,
scuole/pl/citta/milazzo.html,pl,Szkoły włoskiego w mieście Milazzo — 1 szkoła | thuisitaliaans,62,139,1,Szkoły włoskiego w Milazzo,https://thuisitaliaans.com/scuole/pl/citta/milazzo,8,Answer+FAQPage+ImageObject+ItemList+LanguageSchool+ListItem+,si,557,3,22,0,3,
scuole/pl/citta/modena.html,pl,Szkoły włoskiego w mieście Modena — 1 szkoła | thuisitaliaans,61,138,1,Szkoły włoskiego w Modena,https://thuisitaliaans.com/scuole/pl/citta/modena,8,Answer+FAQPage+ImageObject+ItemList+LanguageSchool+ListItem+,si,558,3,22,0,3,
scuole/pl/citta/montepulciano.html,pl,Szkoły włoskiego w mieście Montepulciano — 1 szkoła | thuisitaliaans,68,145,1,Szkoły włoskiego w Montepulciano,https://thuisitaliaans.com/scuole/pl/citta/montepulciano,8,Answer+FAQPage+ImageObject+ItemList+LanguageSchool+ListItem+,si,585,3,27,0,3,title lungo
scuole/pl/citta/napoli.html,pl,Szkoły włoskiego w mieście Napoli — 1 szkoła | thuisitaliaans,61,138,1,Szkoły włoskiego w Napoli,https://thuisitaliaans.com/scuole/pl/citta/napoli,8,Answer+FAQPage+ImageObject+ItemList+LanguageSchool+ListItem+,si,597,3,18,0,3,
scuole/pl/citta/olbia.html,pl,Szkoły włoskiego w mieście Olbia — 1 szkoła | thuisitaliaans,60,137,1,Szkoły włoskiego w Olbia,https://thuisitaliaans.com/scuole/pl/citta/olbia,8,Answer+FAQPage+ImageObject+ItemList+LanguageSchool+ListItem+,si,595,3,18,0,3,
scuole/pl/citta/orbetello.html,pl,Szkoły włoskiego w mieście Orbetello — 1 szkoła | thuisitaliaans,64,141,1,Szkoły włoskiego w Orbetello,https://thuisitaliaans.com/scuole/pl/citta/orbetello,8,Answer+FAQPage+ImageObject+ItemList+LanguageSchool+ListItem+,si,572,3,27,0,3,
scuole/pl/citta/orvieto.html,pl,Szkoły włoskiego w mieście Orvieto — 1 szkoła | thuisitaliaans,62,139,1,Szkoły włoskiego w Orvieto,https://thuisitaliaans.com/scuole/pl/citta/orvieto,8,Answer+FAQPage+ImageObject+ItemList+LanguageSchool+ListItem+,si,562,3,21,0,3,
scuole/pl/citta/otranto.html,pl,Szkoły włoskiego w mieście Otranto — 1 szkoła | thuisitaliaans,62,139,1,Szkoły włoskiego w Otranto,https://thuisitaliaans.com/scuole/pl/citta/otranto,8,Answer+FAQPage+ImageObject+ItemList+LanguageSchool+ListItem+,si,527,3,16,0,3,
scuole/pl/citta/padova.html,pl,Szkoły włoskiego w mieście Padova — 1 szkoła | thuisitaliaans,61,138,1,Szkoły włoskiego w Padova,https://thuisitaliaans.com/scuole/pl/citta/padova,8,Answer+FAQPage+ImageObject+ItemList+LanguageSchool+ListItem+,si,570,3,19,0,3,
scuole/pl/citta/palermo-mondello.html,pl,Szkoły włoskiego w mieście Palermo (Mondello) — 1 szkoła | thuisitaliaans,73,150,1,Szkoły włoskiego w Palermo (Mondello),https://thuisitaliaans.com/scuole/pl/citta/palermo-mondello,8,Answer+FAQPage+ImageObject+ItemList+LanguageSchool+ListItem+,si,596,3,22,0,3,title lungo
scuole/pl/citta/palermo.html,pl,Szkoły włoskiego w mieście Palermo — 1 szkoła | thuisitaliaans,62,139,1,Szkoły włoskiego w Palermo,https://thuisitaliaans.com/scuole/pl/citta/palermo,8,Answer+FAQPage+ImageObject+ItemList+LanguageSchool+ListItem+,si,581,3,22,0,3,
scuole/pl/citta/perugia.html,pl,Szkoły włoskiego w mieście Perugia — 2 szkół | thuisitaliaans,61,157,1,Szkoły włoskiego w Perugia,https://thuisitaliaans.com/scuole/pl/citta/perugia,8,Answer+FAQPage+ImageObject+ItemList+LanguageSchool+ListItem+,si,661,3,23,0,3,
scuole/pl/citta/pisa.html,pl,Szkoły włoskiego w mieście Pisa — 1 szkoła | thuisitaliaans,59,136,1,Szkoły włoskiego w Pisa,https://thuisitaliaans.com/scuole/pl/citta/pisa,8,Answer+FAQPage+ImageObject+ItemList+LanguageSchool+ListItem+,si,614,3,27,0,3,
scuole/pl/citta/ravenna.html,pl,Szkoły włoskiego w mieście Ravenna — 1 szkoła | thuisitaliaans,62,139,1,Szkoły włoskiego w Ravenna,https://thuisitaliaans.com/scuole/pl/citta/ravenna,8,Answer+FAQPage+ImageObject+ItemList+LanguageSchool+ListItem+,si,611,2,23,0,3,
scuole/pl/citta/recanati.html,pl,Szkoły włoskiego w mieście Recanati — 1 szkoła | thuisitaliaans,63,140,1,Szkoły włoskiego w Recanati,https://thuisitaliaans.com/scuole/pl/citta/recanati,8,Answer+FAQPage+ImageObject+ItemList+LanguageSchool+ListItem+,si,564,3,17,0,3,
scuole/pl/citta/reggio-calabria.html,pl,Szkoły włoskiego w mieście Reggio Calabria — 1 szkoła | thuisitaliaans,70,147,1,Szkoły włoskiego w Reggio Calabria,https://thuisitaliaans.com/scuole/pl/citta/reggio-calabria,8,Answer+FAQPage+ImageObject+ItemList+LanguageSchool+ListItem+,si,550,2,18,0,3,title lungo
scuole/pl/citta/reggio-emilia.html,pl,Szkoły włoskiego w mieście Reggio Emilia — 1 szkoła | thuisitaliaans,68,145,1,Szkoły włoskiego w Reggio Emilia,https://thuisitaliaans.com/scuole/pl/citta/reggio-emilia,8,Answer+FAQPage+ImageObject+ItemList+LanguageSchool+ListItem+,si,583,3,22,0,3,title lungo
scuole/pl/citta/rimini.html,pl,Szkoły włoskiego w mieście Rimini — 1 szkoła | thuisitaliaans,61,138,1,Szkoły włoskiego w Rimini,https://thuisitaliaans.com/scuole/pl/citta/rimini,8,Answer+FAQPage+ImageObject+ItemList+LanguageSchool+ListItem+,si,577,2,23,0,3,
scuole/pl/citta/riva-del-garda.html,pl,Szkoły włoskiego w mieście Riva del Garda — 1 szkoła | thuisitaliaans,69,146,1,Szkoły włoskiego w Riva del Garda,https://thuisitaliaans.com/scuole/pl/citta/riva-del-garda,8,Answer+FAQPage+ImageObject+ItemList+LanguageSchool+ListItem+,si,614,3,19,0,3,title lungo
scuole/pl/citta/roma.html,pl,Szkoły włoskiego w mieście Roma — 11 szkoła | thuisitaliaans,60,155,1,Szkoły włoskiego w Roma,https://thuisitaliaans.com/scuole/pl/citta/roma,8,Answer+FAQPage+ImageObject+ItemList+LanguageSchool+ListItem+,si,1008,3,36,0,3,
scuole/pl/citta/salerno.html,pl,Szkoły włoskiego w mieście Salerno — 2 szkół | thuisitaliaans,61,157,1,Szkoły włoskiego w Salerno,https://thuisitaliaans.com/scuole/pl/citta/salerno,8,Answer+FAQPage+ImageObject+ItemList+LanguageSchool+ListItem+,si,607,2,20,0,3,
scuole/pl/citta/san-giovanni-valdarno.html,pl,Szkoły włoskiego w mieście San Giovanni Valdarno — 1 szkoła | thuisitaliaans,76,153,1,Szkoły włoskiego w San Giovanni Valdarno,https://thuisitaliaans.com/scuole/pl/citta/san-giovanni-valdarno,8,Answer+FAQPage+ImageObject+ItemList+LanguageSchool+ListItem+,si,586,3,27,0,3,title lungo
scuole/pl/citta/sanremo.html,pl,Szkoły włoskiego w mieście Sanremo — 1 szkoła | thuisitaliaans,62,139,1,Szkoły włoskiego w Sanremo,https://thuisitaliaans.com/scuole/pl/citta/sanremo,8,Answer+FAQPage+ImageObject+ItemList+LanguageSchool+ListItem+,si,535,3,16,0,3,
scuole/pl/citta/sestri-levante.html,pl,Szkoły włoskiego w mieście Sestri Levante — 1 szkoła | thuisitaliaans,69,146,1,Szkoły włoskiego w Sestri Levante,https://thuisitaliaans.com/scuole/pl/citta/sestri-levante,8,Answer+FAQPage+ImageObject+ItemList+LanguageSchool+ListItem+,si,595,3,18,0,3,title lungo
scuole/pl/citta/siena.html,pl,Szkoły włoskiego w mieście Siena — 3 szkół | thuisitaliaans,59,155,1,Szkoły włoskiego w Siena,https://thuisitaliaans.com/scuole/pl/citta/siena,8,Answer+FAQPage+ImageObject+ItemList+LanguageSchool+ListItem+,si,674,3,31,0,3,
scuole/pl/citta/sorrento.html,pl,Szkoły włoskiego w mieście Sorrento — 1 szkoła | thuisitaliaans,63,140,1,Szkoły włoskiego w Sorrento,https://thuisitaliaans.com/scuole/pl/citta/sorrento,8,Answer+FAQPage+ImageObject+ItemList+LanguageSchool+ListItem+,si,551,3,18,0,3,
scuole/pl/citta/taormina.html,pl,Szkoły włoskiego w mieście Taormina — 1 szkoła | thuisitaliaans,63,140,1,Szkoły włoskiego w Taormina,https://thuisitaliaans.com/scuole/pl/citta/taormina,8,Answer+FAQPage+ImageObject+ItemList+LanguageSchool+ListItem+,si,573,3,21,0,3,
scuole/pl/citta/todi.html,pl,Szkoły włoskiego w mieście Todi — 1 szkoła | thuisitaliaans,59,136,1,Szkoły włoskiego w Todi,https://thuisitaliaans.com/scuole/pl/citta/todi,8,Answer+FAQPage+ImageObject+ItemList+LanguageSchool+ListItem+,si,547,3,21,0,3,
scuole/pl/citta/torino.html,pl,Szkoły włoskiego w mieście Torino — 2 szkół | thuisitaliaans,60,156,1,Szkoły włoskiego w Torino,https://thuisitaliaans.com/scuole/pl/citta/torino,8,Answer+FAQPage+ImageObject+ItemList+LanguageSchool+ListItem+,si,621,2,16,0,3,
scuole/pl/citta/trapani.html,pl,Szkoły włoskiego w mieście Trapani — 1 szkoła | thuisitaliaans,62,139,1,Szkoły włoskiego w Trapani,https://thuisitaliaans.com/scuole/pl/citta/trapani,8,Answer+FAQPage+ImageObject+ItemList+LanguageSchool+ListItem+,si,609,3,21,0,3,
scuole/pl/citta/trento.html,pl,Szkoły włoskiego w mieście Trento — 1 szkoła | thuisitaliaans,61,138,1,Szkoły włoskiego w Trento,https://thuisitaliaans.com/scuole/pl/citta/trento,8,Answer+FAQPage+ImageObject+ItemList+LanguageSchool+ListItem+,si,597,3,19,0,3,
scuole/pl/citta/trieste.html,pl,Szkoły włoskiego w mieście Trieste — 2 szkół | thuisitaliaans,61,157,1,Szkoły włoskiego w Trieste,https://thuisitaliaans.com/scuole/pl/citta/trieste,8,Answer+FAQPage+ImageObject+ItemList+LanguageSchool+ListItem+,si,645,2,18,0,3,
scuole/pl/citta/tropea.html,pl,Szkoły włoskiego w mieście Tropea — 2 szkół | thuisitaliaans,60,156,1,Szkoły włoskiego w Tropea,https://thuisitaliaans.com/scuole/pl/citta/tropea,8,Answer+FAQPage+ImageObject+ItemList+LanguageSchool+ListItem+,si,615,3,19,0,3,
scuole/pl/citta/tuscania.html,pl,Szkoły włoskiego w mieście Tuscania — 1 szkoła | thuisitaliaans,63,140,1,Szkoły włoskiego w Tuscania,https://thuisitaliaans.com/scuole/pl/citta/tuscania,8,Answer+FAQPage+ImageObject+ItemList+LanguageSchool+ListItem+,si,538,3,19,0,3,
scuole/pl/citta/urbania.html,pl,Szkoły włoskiego w mieście Urbania — 1 szkoła | thuisitaliaans,62,139,1,Szkoły włoskiego w Urbania,https://thuisitaliaans.com/scuole/pl/citta/urbania,8,Answer+FAQPage+ImageObject+ItemList+LanguageSchool+ListItem+,si,550,3,19,0,3,
scuole/pl/citta/venezia.html,pl,Szkoły włoskiego w mieście Venezia — 3 szkół | thuisitaliaans,61,157,1,Szkoły włoskiego w Venezia,https://thuisitaliaans.com/scuole/pl/citta/venezia,8,Answer+FAQPage+ImageObject+ItemList+LanguageSchool+ListItem+,si,741,3,22,0,3,
scuole/pl/citta/verona.html,pl,Szkoły włoskiego w mieście Verona — 3 szkół | thuisitaliaans,60,156,1,Szkoły włoskiego w Verona,https://thuisitaliaans.com/scuole/pl/citta/verona,8,Answer+FAQPage+ImageObject+ItemList+LanguageSchool+ListItem+,si,686,2,24,0,3,
scuole/pl/citta/viareggio.html,pl,Szkoły włoskiego w mieście Viareggio — 2 szkół | thuisitaliaans,63,159,1,Szkoły włoskiego w Viareggio,https://thuisitaliaans.com/scuole/pl/citta/viareggio,8,Answer+FAQPage+ImageObject+ItemList+LanguageSchool+ListItem+,si,667,3,29,0,3,
scuole/pl/clm-bell-riva-del-garda.html,pl,CLM Bell Riva del Garda — kurs włoskiego w Riva del Garda | thuisitaliaans,74,165,1,CLM Bell Riva del Garda,https://thuisitaliaans.com/scuole/pl/clm-bell-riva-del-garda,8,Answer+BreadcrumbList+Country+FAQPage+GeoCoordinates+ImageOb,si,2047,9,123,0,3,title lungo
scuole/pl/clm-bell-trento.html,pl,CLM Bell Trento — kurs włoskiego w Trento | thuisitaliaans,58,149,1,CLM Bell Trento,https://thuisitaliaans.com/scuole/pl/clm-bell-trento,8,Answer+BreadcrumbList+Country+FAQPage+GeoCoordinates+ImageOb,si,2037,9,123,0,3,
scuole/pl/comitato-linguistico.html,pl,Comitato Linguistico — kurs włoskiego w Perugia | thuisitaliaans,64,153,1,Comitato Linguistico,https://thuisitaliaans.com/scuole/pl/comitato-linguistico,8,Answer+BreadcrumbList+Country+Course+CourseInstance+Educatio,si,1945,9,124,0,3,
scuole/pl/cultura-italiana-arezzo.html,pl,Cultura Italiana Arezzo — kurs włoskiego w Arezzo | thuisitaliaans,66,156,1,Cultura Italiana Arezzo,https://thuisitaliaans.com/scuole/pl/cultura-italiana-arezzo,8,Answer+BreadcrumbList+Country+FAQPage+GeoCoordinates+ImageOb,si,1913,9,123,0,3,title lungo
scuole/pl/cultura-italiana-bologna.html,pl,Cultura Italiana Bologna — kurs włoskiego w Bologna | thuisitaliaans,68,165,1,Cultura Italiana Bologna,https://thuisitaliaans.com/scuole/pl/cultura-italiana-bologna,8,Answer+BreadcrumbList+Country+FAQPage+GeoCoordinates+ImageOb,si,1976,9,126,0,3,title lungo
scuole/pl/dilit-international-house.html,pl,Dilit International House — kurs włoskiego w Roma | thuisitaliaans,66,154,1,Dilit International House,https://thuisitaliaans.com/scuole/pl/dilit-international-house,8,Answer+BreadcrumbList+Country+FAQPage+GeoCoordinates+ImageOb,si,2124,9,126,0,3,title lungo
scuole/pl/easy-italian-language-art.html,pl,Easy Italian Language &amp; Art — kurs włoskiego w Venezia | thuisitaliaans,75,164,1,Easy Italian Language &amp; Art,https://thuisitaliaans.com/scuole/pl/easy-italian-language-art,8,Answer+BreadcrumbList+Country+FAQPage+GeoCoordinates+ImageOb,si,2157,9,123,0,3,title lungo
scuole/pl/ellci-milano.html,pl,ELLCI Milano — kurs włoskiego w Milano | thuisitaliaans,55,147,1,ELLCI Milano,https://thuisitaliaans.com/scuole/pl/ellci-milano,8,Answer+BreadcrumbList+Country+FAQPage+GeoCoordinates+ImageOb,si,2091,9,122,0,3,
scuole/pl/europass-italian-language-school.html,pl,Europass Italian Language School — kurs włoskiego w Firenze | thuisitaliaans,76,166,1,Europass Italian Language School,https://thuisitaliaans.com/scuole/pl/europass-italian-language-school,8,Answer+BreadcrumbList+Country+FAQPage+GeoCoordinates+ImageOb,si,2182,9,129,0,3,title lungo; description lunga
scuole/pl/gaia-institute.html,pl,GAIA Institute — kurs włoskiego w La Maddalena | thuisitaliaans,63,154,1,GAIA Institute,https://thuisitaliaans.com/scuole/pl/gaia-institute,8,Answer+BreadcrumbList+Country+FAQPage+GeoCoordinates+ImageOb,si,1857,9,120,0,3,
scuole/pl/idea-verona.html,pl,Idea Verona — kurs włoskiego w Verona | thuisitaliaans,54,143,1,Idea Verona,https://thuisitaliaans.com/scuole/pl/idea-verona,8,Answer+BreadcrumbList+Country+FAQPage+GeoCoordinates+ImageOb,si,2016,8,125,0,3,
scuole/pl/il-centro.html,pl,Il Centro — kurs włoskiego w Milano | thuisitaliaans,52,144,1,Il Centro,https://thuisitaliaans.com/scuole/pl/il-centro,8,Answer+BreadcrumbList+Country+FAQPage+GeoCoordinates+ImageOb,si,2058,9,122,0,3,
scuole/pl/il-sasso.html,pl,Il Sasso — kurs włoskiego w Montepulciano | thuisitaliaans,58,148,1,Il Sasso,https://thuisitaliaans.com/scuole/pl/il-sasso,8,Answer+BreadcrumbList+Country+FAQPage+GeoCoordinates+ImageOb,si,2006,9,123,0,3,
scuole/pl/il-sillabo.html,pl,Il Sillabo — kurs włoskiego w San Giovanni Valdarno | thuisitaliaans,68,158,1,Il Sillabo,https://thuisitaliaans.com/scuole/pl/il-sillabo,8,Answer+BreadcrumbList+Country+FAQPage+GeoCoordinates+ImageOb,si,2003,9,123,0,3,title lungo
scuole/pl/index.html,pl,Wyjazdy językowe do Włoch — 108 szkół włoskiego | thuisitaliaans,64,143,1,"Szkoły włoskiego we Włoszech: znajdź kurs, zaplanuj podróż .",https://thuisitaliaans.com/scuole/pl/,8,Answer+BreadcrumbList+FAQPage+ItemList+ListItem+Question+Web,si,8,0,67,1,2,pagina sottile; link a .html ×1
scuole/pl/inflorence-academy.html,pl,InFlorence Academy — kurs włoskiego w Firenze | thuisitaliaans,62,152,1,InFlorence Academy,https://thuisitaliaans.com/scuole/pl/inflorence-academy,8,Answer+BreadcrumbList+Country+FAQPage+GeoCoordinates+ImageOb,si,2174,9,129,0,3,
scuole/pl/influent.html,pl,Influent — kurs włoskiego w Firenze | thuisitaliaans,52,142,1,Influent,https://thuisitaliaans.com/scuole/pl/influent,8,Answer+BreadcrumbList+Country+FAQPage+GeoCoordinates+ImageOb,si,2054,9,129,0,3,
scuole/pl/istituto-europeo.html,pl,Istituto Europeo — kurs włoskiego w Firenze | thuisitaliaans,60,150,1,Istituto Europeo,https://thuisitaliaans.com/scuole/pl/istituto-europeo,8,Answer+BreadcrumbList+Country+FAQPage+GeoCoordinates+ImageOb,si,2149,9,129,0,3,
scuole/pl/istituto-galilei.html,pl,Istituto Galilei — kurs włoskiego w Firenze | thuisitaliaans,60,150,1,Istituto Galilei,https://thuisitaliaans.com/scuole/pl/istituto-galilei,8,Answer+BreadcrumbList+Country+FAQPage+GeoCoordinates+ImageOb,si,2288,9,129,0,3,
scuole/pl/istituto-il-david.html,pl,Istituto Il David — kurs włoskiego w Firenze | thuisitaliaans,61,151,1,Istituto Il David,https://thuisitaliaans.com/scuole/pl/istituto-il-david,8,Answer+BreadcrumbList+Country+FAQPage+GeoCoordinates+ImageOb,si,2240,9,129,0,3,
scuole/pl/istituto-italiano.html,pl,Istituto Italiano — kurs włoskiego w Roma | thuisitaliaans,58,146,1,Istituto Italiano,https://thuisitaliaans.com/scuole/pl/istituto-italiano,8,Answer+BreadcrumbList+Country+FAQPage+GeoCoordinates+ImageOb,si,2078,9,126,0,3,
scuole/pl/istituto-linguistico-mediterraneo.html,pl,Istituto Linguistico Mediterraneo — kurs włoskiego w Pisa | thuisitaliaans,74,164,1,Istituto Linguistico Mediterraneo,https://thuisitaliaans.com/scuole/pl/istituto-linguistico-mediterraneo,8,Answer+BreadcrumbList+Country+FAQPage+GeoCoordinates+ImageOb,si,2059,9,123,0,3,title lungo
scuole/pl/istituto-lorenzo-de-medici-firenze.html,pl,Istituto Lorenzo de' Medici Firenze — kurs włoskiego w Firenze | thuisitaliaans,79,174,1,Istituto Lorenzo de' Medici Firenze,https://thuisitaliaans.com/scuole/pl/istituto-lorenzo-de-medici-firenze,8,Answer+BreadcrumbList+Country+FAQPage+GeoCoordinates+ImageOb,si,2223,9,129,0,3,title lungo; description lunga
scuole/pl/istituto-lorenzo-de-medici-roma.html,pl,Istituto Lorenzo de' Medici Roma — kurs włoskiego w Roma | thuisitaliaans,73,166,1,Istituto Lorenzo de' Medici Roma,https://thuisitaliaans.com/scuole/pl/istituto-lorenzo-de-medici-roma,8,Answer+BreadcrumbList+Country+FAQPage+GeoCoordinates+ImageOb,si,2215,9,126,0,3,title lungo; description lunga
scuole/pl/istituto-lorenzo-de-medici-tuscania.html,pl,Istituto Lorenzo de' Medici Tuscania — kurs włoskiego w Tuscania | thuisitaliaans,81,174,1,Istituto Lorenzo de' Medici Tuscania,https://thuisitaliaans.com/scuole/pl/istituto-lorenzo-de-medici-tuscania,8,Answer+BreadcrumbList+Country+FAQPage+GeoCoordinates+ImageOb,si,1975,9,123,0,3,title lungo; description lunga
scuole/pl/istituto-michelangelo.html,pl,Istituto Michelangelo — kurs włoskiego w Firenze | thuisitaliaans,65,155,1,Istituto Michelangelo,https://thuisitaliaans.com/scuole/pl/istituto-michelangelo,8,Answer+BreadcrumbList+Country+FAQPage+GeoCoordinates+ImageOb,si,2222,9,129,0,3,
scuole/pl/istituto-venezia-trieste.html,pl,Istituto Venezia Trieste — kurs włoskiego w Trieste | thuisitaliaans,68,172,1,Istituto Venezia Trieste,https://thuisitaliaans.com/scuole/pl/istituto-venezia-trieste,8,Answer+BreadcrumbList+Country+FAQPage+GeoCoordinates+ImageOb,si,1995,8,121,0,3,title lungo; description lunga
scuole/pl/istituto-venezia.html,pl,Istituto Venezia — kurs włoskiego w Venezia | thuisitaliaans,60,149,1,Istituto Venezia,https://thuisitaliaans.com/scuole/pl/istituto-venezia,8,Answer+BreadcrumbList+Country+FAQPage+GeoCoordinates+ImageOb,si,2106,9,123,0,3,
scuole/pl/italiaidea.html,pl,Italiaidea — kurs włoskiego w Roma | thuisitaliaans,51,139,1,Italiaidea,https://thuisitaliaans.com/scuole/pl/italiaidea,8,Answer+BreadcrumbList+Country+FAQPage+GeoCoordinates+ImageOb,si,2226,9,126,0,3,
scuole/pl/italianme.html,pl,Italianme — kurs włoskiego w Firenze | thuisitaliaans,53,143,1,Italianme,https://thuisitaliaans.com/scuole/pl/italianme,8,Answer+BreadcrumbList+Country+FAQPage+GeoCoordinates+ImageOb,si,2095,9,129,0,3,
scuole/pl/itastra-universita-di-palermo.html,pl,Itastra Università di Palermo — kurs włoskiego w Palermo | thuisitaliaans,73,163,1,Itastra Università di Palermo,https://thuisitaliaans.com/scuole/pl/itastra-universita-di-palermo,8,Answer+BreadcrumbList+Country+FAQPage+GeoCoordinates+ImageOb,si,1975,9,122,0,3,title lungo
scuole/pl/kappa-language-school.html,pl,Kappa Language School — kurs włoskiego w Roma | thuisitaliaans,62,150,1,Kappa Language School,https://thuisitaliaans.com/scuole/pl/kappa-language-school,8,Answer+BreadcrumbList+Country+FAQPage+GeoCoordinates+ImageOb,si,2187,9,126,0,3,
scuole/pl/l-italiano-con-noi.html,pl,L'Italiano con Noi — kurs włoskiego w Verona | thuisitaliaans,61,155,1,L'Italiano con Noi,https://thuisitaliaans.com/scuole/pl/l-italiano-con-noi,8,Answer+BreadcrumbList+Country+FAQPage+GeoCoordinates+ImageOb,si,2022,8,125,0,3,
scuole/pl/l-italiano-porticando.html,pl,L'Italiano Porticando — kurs włoskiego w Torino | thuisitaliaans,64,160,1,L'Italiano Porticando,https://thuisitaliaans.com/scuole/pl/l-italiano-porticando,8,Answer+BreadcrumbList+Country+FAQPage+GeoCoordinates+ImageOb,si,1948,8,120,0,3,
scuole/pl/la-lingua-la-vita.html,pl,La Lingua La Vita — kurs włoskiego w Todi | thuisitaliaans,58,147,1,La Lingua La Vita,https://thuisitaliaans.com/scuole/pl/la-lingua-la-vita,8,Answer+BreadcrumbList+Country+FAQPage+GeoCoordinates+ImageOb,si,1916,9,123,0,3,
scuole/pl/laboling.html,pl,Laboling — kurs włoskiego w Milazzo | thuisitaliaans,52,142,1,Laboling,https://thuisitaliaans.com/scuole/pl/laboling,8,Answer+BreadcrumbList+Country+FAQPage+GeoCoordinates+ImageOb,si,1965,9,122,0,3,
scuole/pl/lingua-it.html,pl,Lingua IT — kurs włoskiego w Verona | thuisitaliaans,52,141,1,Lingua IT,https://thuisitaliaans.com/scuole/pl/lingua-it,8,Answer+BreadcrumbList+Country+FAQPage+GeoCoordinates+ImageOb,si,2009,8,125,0,3,
scuole/pl/lingua-si.html,pl,Lingua Sì — kurs włoskiego w Orvieto | thuisitaliaans,53,142,1,Lingua Sì,https://thuisitaliaans.com/scuole/pl/lingua-si,8,Answer+BreadcrumbList+Country+FAQPage+GeoCoordinates+ImageOb,si,1912,9,123,0,3,
scuole/pl/linguadue.html,pl,Linguadue — kurs włoskiego w Milano | thuisitaliaans,52,144,1,Linguadue,https://thuisitaliaans.com/scuole/pl/linguadue,8,Answer+BreadcrumbList+Country+FAQPage+GeoCoordinates+ImageOb,si,2043,9,122,0,3,
scuole/pl/linguaviva-lignano.html,pl,Linguaviva Lignano — kurs włoskiego w Lignano Sabbiadoro | thuisitaliaans,73,177,1,Linguaviva Lignano,https://thuisitaliaans.com/scuole/pl/linguaviva-lignano,8,Answer+BreadcrumbList+Country+FAQPage+GeoCoordinates+ImageOb,si,2003,9,121,0,3,title lungo; description lunga
scuole/pl/linguaviva.html,pl,Linguaviva — kurs włoskiego w Firenze | thuisitaliaans,54,144,1,Linguaviva,https://thuisitaliaans.com/scuole/pl/linguaviva,8,Answer+BreadcrumbList+Country+FAQPage+GeoCoordinates+ImageOb,si,2188,9,129,0,3,
scuole/pl/lucca-italian-school.html,pl,Lucca Italian School — kurs włoskiego w Lucca | thuisitaliaans,62,152,1,Lucca Italian School,https://thuisitaliaans.com/scuole/pl/lucca-italian-school,8,Answer+BreadcrumbList+Country+FAQPage+GeoCoordinates+ImageOb,si,2007,9,124,0,3,
scuole/pl/madrelingua.html,pl,Madrelingua — kurs włoskiego w Bologna | thuisitaliaans,55,152,1,Madrelingua,https://thuisitaliaans.com/scuole/pl/madrelingua,8,Answer+BreadcrumbList+Country+FAQPage+GeoCoordinates+ImageOb,si,2021,9,126,0,3,
scuole/pl/mappa.html,pl,Mapa szkół włoskiego we Włoszech | thuisitaliaans,49,106,2,"Szkoły włoskiego we Włoszech: znajdź kurs, zaplanuj podróż .",https://thuisitaliaans.com/scuole/pl/mappa,8,WebPage,,24,0,13,2,1,h1 multipli; pagina sottile; link a .html ×2
scuole/pl/omnilingua.html,pl,Omnilingua — kurs włoskiego w Sanremo | thuisitaliaans,54,144,1,Omnilingua,https://thuisitaliaans.com/scuole/pl/omnilingua,8,Answer+BreadcrumbList+Country+FAQPage+GeoCoordinates+ImageOb,si,1902,9,119,0,3,
scuole/pl/one-world-italiano.html,pl,One World Italiano — kurs włoskiego w Cagliari | thuisitaliaans,63,154,1,One World Italiano,https://thuisitaliaans.com/scuole/pl/one-world-italiano,8,Answer+BreadcrumbList+Country+FAQPage+GeoCoordinates+ImageOb,si,1885,9,119,0,3,
scuole/pl/parola-italian-language-school.html,pl,Parola Italian Language School — kurs włoskiego w Firenze | thuisitaliaans,74,164,1,Parola Italian Language School,https://thuisitaliaans.com/scuole/pl/parola-italian-language-school,8,Answer+BreadcrumbList+Country+FAQPage+GeoCoordinates+ImageOb,si,2052,9,129,0,3,title lungo
scuole/pl/piccola-universita-italiana-trieste.html,pl,Piccola Università Italiana Trieste — kurs włoskiego w Trieste | thuisitaliaans,79,183,1,Piccola Università Italiana Trieste,https://thuisitaliaans.com/scuole/pl/piccola-universita-italiana-trieste,8,Answer+BreadcrumbList+Country+FAQPage+GeoCoordinates+ImageOb,si,2089,8,121,0,3,title lungo; description lunga
scuole/pl/piccola-universita-italiana-tropea.html,pl,Piccola Università Italiana Tropea — kurs włoskiego w Tropea | thuisitaliaans,77,168,1,Piccola Università Italiana Tropea,https://thuisitaliaans.com/scuole/pl/piccola-universita-italiana-tropea,8,Answer+BreadcrumbList+Country+FAQPage+GeoCoordinates+ImageOb,si,2135,9,122,0,3,title lungo; description lunga
scuole/pl/pintadera-centro-mediterraneo.html,pl,Pintadera Centro Mediterraneo — kurs włoskiego w Alghero | thuisitaliaans,73,164,1,Pintadera Centro Mediterraneo,https://thuisitaliaans.com/scuole/pl/pintadera-centro-mediterraneo,8,Answer+BreadcrumbList+Country+FAQPage+GeoCoordinates+ImageOb,si,2024,9,119,0,3,title lungo
scuole/pl/porta-d-oriente.html,pl,Porta d'Oriente — kurs włoskiego w Otranto | thuisitaliaans,59,153,1,Porta d'Oriente,https://thuisitaliaans.com/scuole/pl/porta-d-oriente,8,Answer+BreadcrumbList+Country+FAQPage+GeoCoordinates+ImageOb,si,1934,9,119,0,3,
scuole/pl/punto-e-virgola.html,pl,Punto e Virgola — kurs włoskiego w Grottaglie | thuisitaliaans,62,151,1,Punto e Virgola,https://thuisitaliaans.com/scuole/pl/punto-e-virgola,8,Answer+BreadcrumbList+Country+FAQPage+GeoCoordinates+ImageOb,si,1851,9,120,0,3,
scuole/pl/reggio-lingua.html,pl,Reggio Lingua — kurs włoskiego w Reggio Emilia | thuisitaliaans,63,160,1,Reggio Lingua,https://thuisitaliaans.com/scuole/pl/reggio-lingua,8,Answer+BreadcrumbList+Country+FAQPage+GeoCoordinates+ImageOb,si,1937,9,122,0,3,
scuole/pl/regione/alto-adige.html,pl,Szkoły języka włoskiego w regionie Alto Adige — 2 szkół | thuisitaliaans,72,154,1,Szkoły języka włoskiego w regionie Alto Adige,https://thuisitaliaans.com/scuole/pl/regione/alto-adige,8,BreadcrumbList+ItemList+ListItem+WebPage,,206,7,17,0,2,title lungo; pagina sottile
scuole/pl/regione/calabria.html,pl,Szkoły języka włoskiego w regionie Calabria — 3 szkół | thuisitaliaans,70,152,1,Szkoły języka włoskiego w regionie Calabria,https://thuisitaliaans.com/scuole/pl/regione/calabria,8,BreadcrumbList+ItemList+ListItem+WebPage,,223,8,19,0,2,title lungo; pagina sottile
scuole/pl/regione/campania.html,pl,Szkoły języka włoskiego w regionie Campania — 4 szkół | thuisitaliaans,70,152,1,Szkoły języka włoskiego w regionie Campania,https://thuisitaliaans.com/scuole/pl/regione/campania,8,BreadcrumbList+ItemList+ListItem+WebPage,,231,9,22,0,2,title lungo; pagina sottile
scuole/pl/regione/emilia-romagna.html,pl,Szkoły języka włoskiego w regionie Emilia-Romagna — 9 szkół | thuisitaliaans,76,158,1,Szkoły języka włoskiego w regionie Emilia-Romagna,https://thuisitaliaans.com/scuole/pl/regione/emilia-romagna,8,BreadcrumbList+ItemList+ListItem+WebPage,,309,9,35,0,2,title lungo
scuole/pl/regione/friuli-venezia-giulia.html,pl,Szkoły języka włoskiego w regionie Friuli-Venezia Giulia — 3 szkół | thuisitaliaans,83,165,1,Szkoły języka włoskiego w regionie Friuli-Venezia Giulia,https://thuisitaliaans.com/scuole/pl/regione/friuli-venezia-giulia,8,BreadcrumbList+ItemList+ListItem+WebPage,,228,8,19,0,2,title lungo; pagina sottile
scuole/pl/regione/lazio.html,pl,Szkoły języka włoskiego w regionie Lazio — 12 szkół | thuisitaliaans,68,150,1,Szkoły języka włoskiego w regionie Lazio,https://thuisitaliaans.com/scuole/pl/regione/lazio,8,BreadcrumbList+ItemList+ListItem+WebPage,,322,9,37,0,2,title lungo
scuole/pl/regione/liguria.html,pl,Szkoły języka włoskiego w regionie Liguria — 4 szkół | thuisitaliaans,69,151,1,Szkoły języka włoskiego w regionie Liguria,https://thuisitaliaans.com/scuole/pl/regione/liguria,8,BreadcrumbList+ItemList+ListItem+WebPage,,240,9,22,0,2,title lungo; pagina sottile
scuole/pl/regione/lombardia.html,pl,Szkoły języka włoskiego w regionie Lombardia — 4 szkół | thuisitaliaans,71,153,1,Szkoły języka włoskiego w regionie Lombardia,https://thuisitaliaans.com/scuole/pl/regione/lombardia,8,BreadcrumbList+ItemList+ListItem+WebPage,,209,6,20,0,2,title lungo; pagina sottile
scuole/pl/regione/marche.html,pl,Szkoły języka włoskiego w regionie Marche — 2 szkół | thuisitaliaans,68,150,1,Szkoły języka włoskiego w regionie Marche,https://thuisitaliaans.com/scuole/pl/regione/marche,8,BreadcrumbList+ItemList+ListItem+WebPage,,210,9,17,0,2,title lungo; pagina sottile
scuole/pl/regione/piemonte.html,pl,Szkoły języka włoskiego w regionie Piemonte — 2 szkół | thuisitaliaans,70,152,1,Szkoły języka włoskiego w regionie Piemonte,https://thuisitaliaans.com/scuole/pl/regione/piemonte,8,BreadcrumbList+ItemList+ListItem+WebPage,,186,5,16,0,2,title lungo; pagina sottile
scuole/pl/regione/puglia.html,pl,Szkoły języka włoskiego w regionie Puglia — 3 szkół | thuisitaliaans,68,150,1,Szkoły języka włoskiego w regionie Puglia,https://thuisitaliaans.com/scuole/pl/regione/puglia,8,BreadcrumbList+ItemList+ListItem+WebPage,,221,9,20,0,2,title lungo; pagina sottile
scuole/pl/regione/sardegna.html,pl,Szkoły języka włoskiego w regionie Sardegna — 4 szkół | thuisitaliaans,70,152,1,Szkoły języka włoskiego w regionie Sardegna,https://thuisitaliaans.com/scuole/pl/regione/sardegna,8,BreadcrumbList+ItemList+ListItem+WebPage,,235,9,23,0,2,title lungo; pagina sottile
scuole/pl/regione/sicilia.html,pl,Szkoły języka włoskiego w regionie Sicilia — 6 szkół | thuisitaliaans,69,151,1,Szkoły języka włoskiego w regionie Sicilia,https://thuisitaliaans.com/scuole/pl/regione/sicilia,8,BreadcrumbList+ItemList+ListItem+WebPage,,266,9,29,0,2,title lungo; pagina sottile
scuole/pl/regione/toscana.html,pl,Szkoły języka włoskiego w regionie Toscana — 36 szkół | thuisitaliaans,70,152,1,Szkoły języka włoskiego w regionie Toscana,https://thuisitaliaans.com/scuole/pl/regione/toscana,8,BreadcrumbList+ItemList+ListItem+WebPage,,603,9,93,0,2,title lungo
scuole/pl/regione/trentino.html,pl,Szkoły języka włoskiego w regionie Trentino — 2 szkół | thuisitaliaans,70,152,1,Szkoły języka włoskiego w regionie Trentino,https://thuisitaliaans.com/scuole/pl/regione/trentino,8,BreadcrumbList+ItemList+ListItem+WebPage,,226,9,17,0,2,title lungo; pagina sottile
scuole/pl/regione/umbria.html,pl,Szkoły języka włoskiego w regionie Umbria — 5 szkół | thuisitaliaans,68,150,1,Szkoły języka włoskiego w regionie Umbria,https://thuisitaliaans.com/scuole/pl/regione/umbria,8,BreadcrumbList+ItemList+ListItem+WebPage,,250,9,25,0,2,title lungo; pagina sottile
scuole/pl/regione/veneto.html,pl,Szkoły języka włoskiego w regionie Veneto — 7 szkół | thuisitaliaans,68,150,1,Szkoły języka włoskiego w regionie Veneto,https://thuisitaliaans.com/scuole/pl/regione/veneto,8,BreadcrumbList+ItemList+ListItem+WebPage,,268,9,28,0,2,title lungo; pagina sottile
scuole/pl/romanica.html,pl,Romanica — kurs włoskiego w Modena | thuisitaliaans,51,148,1,Romanica,https://thuisitaliaans.com/scuole/pl/romanica,8,Answer+BreadcrumbList+Country+FAQPage+GeoCoordinates+ImageOb,si,1920,9,122,0,3,
scuole/pl/saena-iulii.html,pl,Saena Iulia — kurs włoskiego w Siena | thuisitaliaans,53,143,1,Saena Iulia,https://thuisitaliaans.com/scuole/pl/saena-iulii,8,Answer+BreadcrumbList+Country+FAQPage+GeoCoordinates+ImageOb,si,2048,9,125,0,3,
scuole/pl/sant-anna-institute.html,pl,Sant'Anna Institute — kurs włoskiego w Sorrento | thuisitaliaans,64,160,1,Sant'Anna Institute,https://thuisitaliaans.com/scuole/pl/sant-anna-institute,8,Answer+BreadcrumbList+Country+FAQPage+GeoCoordinates+ImageOb,si,1953,9,121,0,3,
scuole/pl/scudit-scuola-d-italiano.html,pl,Scudit Scuola d'Italiano — kurs włoskiego w Roma | thuisitaliaans,65,158,1,Scudit Scuola d'Italiano,https://thuisitaliaans.com/scuole/pl/scudit-scuola-d-italiano,8,Answer+BreadcrumbList+Country+FAQPage+GeoCoordinates+ImageOb,si,2208,9,126,0,3,
scuole/pl/scuola-d-italiano-dante-alighieri-roma.html,pl,Scuola d'Italiano Dante Alighieri Roma — kurs włoskiego w Roma | thuisitaliaans,79,172,1,Scuola d'Italiano Dante Alighieri Roma,https://thuisitaliaans.com/scuole/pl/scuola-d-italiano-dante-alighieri-roma,8,Answer+BreadcrumbList+Country+FAQPage+GeoCoordinates+ImageOb,si,2241,9,126,0,3,title lungo; description lunga
scuole/pl/scuola-dante-alighieri-campus-l-infinito.html,pl,Scuola Dante Alighieri Campus L'Infinito — kurs włoskiego w Recanati | thuisitaliaans,85,179,1,Scuola Dante Alighieri Campus L'Infinito,https://thuisitaliaans.com/scuole/pl/scuola-dante-alighieri-campus-l-infinito,8,Answer+BreadcrumbList+Country+FAQPage+GeoCoordinates+ImageOb,si,1938,9,121,0,3,title lungo; description lunga
scuole/pl/scuola-leonardo-da-vinci-firenze.html,pl,Scuola Leonardo da Vinci Firenze — kurs włoskiego w Firenze | thuisitaliaans,76,166,1,Scuola Leonardo da Vinci Firenze,https://thuisitaliaans.com/scuole/pl/scuola-leonardo-da-vinci-firenze,8,Answer+BreadcrumbList+Country+Course+CourseInstance+Educatio,si,2140,9,129,0,3,title lungo; description lunga
scuole/pl/scuola-leonardo-da-vinci-milano.html,pl,Scuola Leonardo da Vinci Milano — kurs włoskiego w Milano | thuisitaliaans,74,166,1,Scuola Leonardo da Vinci Milano,https://thuisitaliaans.com/scuole/pl/scuola-leonardo-da-vinci-milano,8,Answer+BreadcrumbList+Country+FAQPage+GeoCoordinates+ImageOb,si,2123,9,122,0,3,title lungo; description lunga
scuole/pl/scuola-leonardo-da-vinci-roma.html,pl,Scuola Leonardo da Vinci Roma — kurs włoskiego w Roma | thuisitaliaans,70,158,1,Scuola Leonardo da Vinci Roma,https://thuisitaliaans.com/scuole/pl/scuola-leonardo-da-vinci-roma,8,Answer+BreadcrumbList+Country+Course+CourseInstance+Educatio,si,2147,9,126,0,3,title lungo
scuole/pl/scuola-leonardo-da-vinci-viareggio.html,pl,Scuola Leonardo da Vinci Viareggio — kurs włoskiego w Viareggio | thuisitaliaans,80,170,1,Scuola Leonardo da Vinci Viareggio,https://thuisitaliaans.com/scuole/pl/scuola-leonardo-da-vinci-viareggio,8,Answer+BreadcrumbList+Country+FAQPage+GeoCoordinates+ImageOb,si,2040,9,124,0,3,title lungo; description lunga
scuole/pl/scuola-palazzo-malvisi-bagno-di-romagna.html,pl,Scuola Palazzo Malvisi Bagno di Romagna — kurs włoskiego w Bagno di Romagna | thuisitaliaans,92,189,1,Scuola Palazzo Malvisi Bagno di Romagna,https://thuisitaliaans.com/scuole/pl/scuola-palazzo-malvisi-bagno-di-romagna,8,Answer+BreadcrumbList+Country+FAQPage+GeoCoordinates+ImageOb,si,2033,9,123,0,3,title lungo; description lunga
scuole/pl/scuola-palazzo-malvisi-ravenna.html,pl,Scuola Palazzo Malvisi Ravenna — kurs włoskiego w Ravenna | thuisitaliaans,74,171,1,Scuola Palazzo Malvisi Ravenna,https://thuisitaliaans.com/scuole/pl/scuola-palazzo-malvisi-ravenna,8,Answer+BreadcrumbList+Country+FAQPage+GeoCoordinates+ImageOb,si,2052,8,123,0,3,title lungo; description lunga
scuole/pl/scuola-toscana.html,pl,Scuola Toscana — kurs włoskiego w Firenze | thuisitaliaans,58,148,1,Scuola Toscana,https://thuisitaliaans.com/scuole/pl/scuola-toscana,8,Answer+BreadcrumbList+Country+FAQPage+GeoCoordinates+ImageOb,si,2164,9,129,0,3,
scuole/pl/scuola-tricolore.html,pl,Scuola Tricolore — kurs włoskiego w Genova | thuisitaliaans,59,149,1,Scuola Tricolore,https://thuisitaliaans.com/scuole/pl/scuola-tricolore,8,Answer+BreadcrumbList+Country+FAQPage+GeoCoordinates+ImageOb,si,2051,8,121,0,3,
scuole/pl/scuola-virgilio.html,pl,Scuola Virgilio — kurs włoskiego w Trapani | thuisitaliaans,59,149,1,Scuola Virgilio,https://thuisitaliaans.com/scuole/pl/scuola-virgilio,8,Answer+BreadcrumbList+Country+FAQPage+GeoCoordinates+ImageOb,si,1995,9,121,0,3,
scuole/pl/societa-dante-alighieri-siena.html,pl,Società Dante Alighieri Siena — kurs włoskiego w Siena | thuisitaliaans,71,161,1,Società Dante Alighieri Siena,https://thuisitaliaans.com/scuole/pl/societa-dante-alighieri-siena,8,Answer+BreadcrumbList+Country+FAQPage+GeoCoordinates+ImageOb,si,2173,9,125,0,3,title lungo
scuole/pl/solemar-academy.html,pl,Solemar Academy — kurs włoskiego w Cefalù | thuisitaliaans,58,148,1,Solemar Academy,https://thuisitaliaans.com/scuole/pl/solemar-academy,8,Answer+BreadcrumbList+Country+FAQPage+GeoCoordinates+ImageOb,si,1988,9,121,0,3,
scuole/pl/solemar-sicilia.html,pl,Solemar Sicilia — kurs włoskiego w Palermo (Mondello) | thuisitaliaans,70,160,1,Solemar Sicilia,https://thuisitaliaans.com/scuole/pl/solemar-sicilia,8,Answer+BreadcrumbList+Country+FAQPage+GeoCoordinates+ImageOb,si,1998,9,122,0,3,title lungo
scuole/pl/sprachcaffe-firenze.html,pl,Sprachcaffe Firenze — kurs włoskiego w Firenze | thuisitaliaans,63,153,1,Sprachcaffe Firenze,https://thuisitaliaans.com/scuole/pl/sprachcaffe-firenze,8,Answer+BreadcrumbList+Country+Course+CourseInstance+Educatio,si,2068,9,129,0,3,
scuole/pl/studioitalia.html,pl,Studioitalia — kurs włoskiego w Roma | thuisitaliaans,53,141,1,Studioitalia,https://thuisitaliaans.com/scuole/pl/studioitalia,8,Answer+BreadcrumbList+Country+Course+CourseInstance+Educatio,si,2083,9,126,0,3,
scuole/pl/studitalia.html,pl,Studitalia — kurs włoskiego w Olbia | thuisitaliaans,52,143,1,Studitalia,https://thuisitaliaans.com/scuole/pl/studitalia,8,Answer+BreadcrumbList+Country+FAQPage+GeoCoordinates+ImageOb,si,1989,9,120,0,3,
scuole/pl/terramare.html,pl,Terramare — kurs włoskiego w Orbetello | thuisitaliaans,55,145,1,Terramare,https://thuisitaliaans.com/scuole/pl/terramare,8,Answer+BreadcrumbList+Country+FAQPage+GeoCoordinates+ImageOb,si,2022,9,123,0,3,
scuole/pl/tiberius-international.html,pl,Tiberius International — kurs włoskiego w Rimini | thuisitaliaans,65,162,1,Tiberius International,https://thuisitaliaans.com/scuole/pl/tiberius-international,8,Answer+BreadcrumbList+Country+FAQPage+GeoCoordinates+ImageOb,si,2041,8,123,0,3,
scuole/pl/torre-di-babele.html,pl,Torre di Babele — kurs włoskiego w Roma | thuisitaliaans,56,144,1,Torre di Babele,https://thuisitaliaans.com/scuole/pl/torre-di-babele,8,Answer+BreadcrumbList+Country+FAQPage+GeoCoordinates+ImageOb,si,2227,9,126,0,3,
scuole/pl/trulli-italian-school.html,pl,Trulli Italian School — kurs włoskiego w Alberobello | thuisitaliaans,69,158,1,Trulli Italian School,https://thuisitaliaans.com/scuole/pl/trulli-italian-school,8,Answer+BreadcrumbList+Country+FAQPage+GeoCoordinates+ImageOb,si,2016,9,120,0,3,title lungo
scuole/pl/universita-per-stranieri-dante-alighieri.html,pl,Università per Stranieri Dante Alighieri — kurs włoskiego w Reggio Calabria | thuisitaliaans,92,183,1,Università per Stranieri Dante Alighieri,https://thuisitaliaans.com/scuole/pl/universita-per-stranieri-dante-alighieri,8,Answer+BreadcrumbList+Country+FAQPage+GeoCoordinates+ImageOb,si,1922,8,122,0,3,title lungo; description lunga
scuole/pl/universita-per-stranieri-di-perugia.html,pl,Università per Stranieri di Perugia — kurs włoskiego w Perugia | thuisitaliaans,79,168,1,Università per Stranieri di Perugia,https://thuisitaliaans.com/scuole/pl/universita-per-stranieri-di-perugia,8,Answer+BreadcrumbList+Country+FAQPage+GeoCoordinates+ImageOb,si,2086,9,124,0,3,title lungo; description lunga
scuole/pl/universita-per-stranieri-di-siena.html,pl,Università per Stranieri di Siena — kurs włoskiego w Siena | thuisitaliaans,75,165,1,Università per Stranieri di Siena,https://thuisitaliaans.com/scuole/pl/universita-per-stranieri-di-siena,8,Answer+BreadcrumbList+Country+FAQPage+GeoCoordinates+ImageOb,si,2095,9,125,0,3,title lungo
scuole/porta-d-oriente.html,it,Porta d&#x27;Oriente — corso di italiano a Otranto | thuisitaliaans,67,142,1,Porta d&#x27;Oriente,https://thuisitaliaans.com/scuole/porta-d-oriente,8,Answer+BreadcrumbList+Country+FAQPage+GeoCoordinates+ImageOb,si,2147,9,119,0,3,title lungo
scuole/punto-e-virgola.html,it,Punto e Virgola — corso di italiano a Grottaglie | thuisitaliaans,65,140,1,Punto e Virgola,https://thuisitaliaans.com/scuole/punto-e-virgola,8,Answer+BreadcrumbList+Country+FAQPage+GeoCoordinates+ImageOb,si,2081,9,120,0,3,
scuole/reggio-lingua.html,it,Reggio Lingua — corso di italiano a Reggio Emilia | thuisitaliaans,66,149,1,Reggio Lingua,https://thuisitaliaans.com/scuole/reggio-lingua,8,Answer+BreadcrumbList+Country+FAQPage+GeoCoordinates+ImageOb,si,2184,9,122,0,3,title lungo
scuole/regione/alto-adige.html,it,Scuole di italiano in Alto Adige — 2 scuole selezionate | thuisitaliaans,72,149,1,Scuole di italiano in Alto Adige,https://thuisitaliaans.com/scuole/regione/alto-adige,8,BreadcrumbList+ItemList+ListItem+WebPage,,224,7,17,0,2,title lungo; pagina sottile
scuole/regione/calabria.html,it,Scuole di italiano in Calabria — 3 scuole selezionate | thuisitaliaans,70,147,1,Scuole di italiano in Calabria,https://thuisitaliaans.com/scuole/regione/calabria,8,BreadcrumbList+ItemList+ListItem+WebPage,,241,8,19,0,2,title lungo; pagina sottile
scuole/regione/campania.html,it,Scuole di italiano in Campania — 4 scuole selezionate | thuisitaliaans,70,147,1,Scuole di italiano in Campania,https://thuisitaliaans.com/scuole/regione/campania,8,BreadcrumbList+ItemList+ListItem+WebPage,,248,9,22,0,2,title lungo; pagina sottile
scuole/regione/emilia-romagna.html,it,Scuole di italiano in Emilia-Romagna — 9 scuole selezionate | thuisitaliaans,76,153,1,Scuole di italiano in Emilia-Romagna,https://thuisitaliaans.com/scuole/regione/emilia-romagna,8,BreadcrumbList+ItemList+ListItem+WebPage,,323,9,35,0,2,title lungo
scuole/regione/friuli-venezia-giulia.html,it,Scuole di italiano in Friuli-Venezia Giulia — 3 scuole selezionate | thuisitaliaans,83,160,1,Scuole di italiano in Friuli-Venezia Giulia,https://thuisitaliaans.com/scuole/regione/friuli-venezia-giulia,8,BreadcrumbList+ItemList+ListItem+WebPage,,246,8,19,0,2,title lungo; pagina sottile
scuole/regione/lazio.html,it,Scuole di italiano in Lazio — 12 scuole selezionate | thuisitaliaans,68,145,1,Scuole di italiano in Lazio,https://thuisitaliaans.com/scuole/regione/lazio,8,BreadcrumbList+ItemList+ListItem+WebPage,,340,9,37,0,2,title lungo
scuole/regione/liguria.html,it,Scuole di italiano in Liguria — 4 scuole selezionate | thuisitaliaans,69,146,1,Scuole di italiano in Liguria,https://thuisitaliaans.com/scuole/regione/liguria,8,BreadcrumbList+ItemList+ListItem+WebPage,,257,9,22,0,2,title lungo; pagina sottile
scuole/regione/lombardia.html,it,Scuole di italiano in Lombardia — 4 scuole selezionate | thuisitaliaans,71,148,1,Scuole di italiano in Lombardia,https://thuisitaliaans.com/scuole/regione/lombardia,8,BreadcrumbList+ItemList+ListItem+WebPage,,228,6,20,0,2,title lungo; pagina sottile
scuole/regione/marche.html,it,Scuole di italiano in Marche — 2 scuole selezionate | thuisitaliaans,68,145,1,Scuole di italiano in Marche,https://thuisitaliaans.com/scuole/regione/marche,8,BreadcrumbList+ItemList+ListItem+WebPage,,228,9,17,0,2,title lungo; pagina sottile
scuole/regione/piemonte.html,it,Scuole di italiano in Piemonte — 2 scuole selezionate | thuisitaliaans,70,147,1,Scuole di italiano in Piemonte,https://thuisitaliaans.com/scuole/regione/piemonte,8,BreadcrumbList+ItemList+ListItem+WebPage,,205,5,16,0,2,title lungo; pagina sottile
scuole/regione/puglia.html,it,Scuole di italiano in Puglia — 3 scuole selezionate | thuisitaliaans,68,145,1,Scuole di italiano in Puglia,https://thuisitaliaans.com/scuole/regione/puglia,8,BreadcrumbList+ItemList+ListItem+WebPage,,238,9,20,0,2,title lungo; pagina sottile
scuole/regione/sardegna.html,it,Scuole di italiano in Sardegna — 4 scuole selezionate | thuisitaliaans,70,147,1,Scuole di italiano in Sardegna,https://thuisitaliaans.com/scuole/regione/sardegna,8,BreadcrumbList+ItemList+ListItem+WebPage,,251,9,23,0,2,title lungo; pagina sottile
scuole/regione/sicilia.html,it,Scuole di italiano in Sicilia — 6 scuole selezionate | thuisitaliaans,69,146,1,Scuole di italiano in Sicilia,https://thuisitaliaans.com/scuole/regione/sicilia,8,BreadcrumbList+ItemList+ListItem+WebPage,,280,9,29,0,2,title lungo; pagina sottile
scuole/regione/toscana.html,it,Scuole di italiano in Toscana — 36 scuole selezionate | thuisitaliaans,70,147,1,Scuole di italiano in Toscana,https://thuisitaliaans.com/scuole/regione/toscana,8,BreadcrumbList+ItemList+ListItem+WebPage,,617,9,93,0,2,title lungo
scuole/regione/trentino.html,it,Scuole di italiano in Trentino — 2 scuole selezionate | thuisitaliaans,70,147,1,Scuole di italiano in Trentino,https://thuisitaliaans.com/scuole/regione/trentino,8,BreadcrumbList+ItemList+ListItem+WebPage,,244,9,17,0,2,title lungo; pagina sottile
scuole/regione/umbria.html,it,Scuole di italiano in Umbria — 5 scuole selezionate | thuisitaliaans,68,145,1,Scuole di italiano in Umbria,https://thuisitaliaans.com/scuole/regione/umbria,8,BreadcrumbList+ItemList+ListItem+WebPage,,266,9,25,0,2,title lungo; pagina sottile
scuole/regione/veneto.html,it,Scuole di italiano in Veneto — 7 scuole selezionate | thuisitaliaans,68,145,1,Scuole di italiano in Veneto,https://thuisitaliaans.com/scuole/regione/veneto,8,BreadcrumbList+ItemList+ListItem+WebPage,,285,9,28,0,2,title lungo; pagina sottile
scuole/romanica.html,it,Romanica — corso di italiano a Modena | thuisitaliaans,54,137,1,Romanica,https://thuisitaliaans.com/scuole/romanica,8,Answer+BreadcrumbList+Country+FAQPage+GeoCoordinates+ImageOb,si,2153,9,122,0,3,
scuole/saena-iulii.html,it,Saena Iulia — corso di italiano a Siena | thuisitaliaans,56,132,1,Saena Iulia,https://thuisitaliaans.com/scuole/saena-iulii,8,Answer+BreadcrumbList+Country+FAQPage+GeoCoordinates+ImageOb,si,2303,9,125,0,3,
scuole/sant-anna-institute.html,it,Sant&#x27;Anna Institute — corso di italiano a Sorrento | thuisitaliaans,72,149,1,Sant&#x27;Anna Institute,https://thuisitaliaans.com/scuole/sant-anna-institute,8,Answer+BreadcrumbList+Country+FAQPage+GeoCoordinates+ImageOb,si,2176,9,121,0,3,title lungo
scuole/scudit-scuola-d-italiano.html,it,Scudit Scuola d&#x27;Italiano — corso di italiano a Roma | thuisitaliaans,73,147,1,Scudit Scuola d&#x27;Italiano,https://thuisitaliaans.com/scuole/scudit-scuola-d-italiano,8,Answer+BreadcrumbList+Country+FAQPage+GeoCoordinates+ImageOb,si,2455,9,126,0,3,title lungo
scuole/scuola-d-italiano-dante-alighieri-roma.html,it,Scuola d&#x27;Italiano Dante Alighieri Roma — corso di italiano a Roma | thuisitaliaans,87,161,1,Scuola d&#x27;Italiano Dante Alighieri Roma,https://thuisitaliaans.com/scuole/scuola-d-italiano-dante-alighieri-roma,8,Answer+BreadcrumbList+Country+FAQPage+GeoCoordinates+ImageOb,si,2486,9,126,0,3,title lungo
scuole/scuola-dante-alighieri-campus-l-infinito.html,it,Scuola Dante Alighieri Campus L&#x27;Infinito — corso di italiano a Recanati | thuisitaliaans,93,168,1,Scuola Dante Alighieri Campus L&#x27;Infinito,https://thuisitaliaans.com/scuole/scuola-dante-alighieri-campus-l-infinito,8,Answer+BreadcrumbList+Country+FAQPage+GeoCoordinates+ImageOb,si,2188,9,121,0,3,title lungo; description lunga
scuole/scuola-leonardo-da-vinci-firenze.html,it,Scuola Leonardo da Vinci Firenze — corso di italiano a Firenze | thuisitaliaans,79,155,1,Scuola Leonardo da Vinci Firenze,https://thuisitaliaans.com/scuole/scuola-leonardo-da-vinci-firenze,8,Answer+BreadcrumbList+Country+Course+CourseInstance+Educatio,si,2393,9,129,0,3,title lungo
scuole/scuola-leonardo-da-vinci-milano.html,it,Scuola Leonardo da Vinci Milano — corso di italiano a Milano | thuisitaliaans,77,155,1,Scuola Leonardo da Vinci Milano,https://thuisitaliaans.com/scuole/scuola-leonardo-da-vinci-milano,8,Answer+BreadcrumbList+Country+FAQPage+GeoCoordinates+ImageOb,si,2358,9,122,0,3,title lungo
scuole/scuola-leonardo-da-vinci-roma.html,it,Scuola Leonardo da Vinci Roma — corso di italiano a Roma | thuisitaliaans,73,147,1,Scuola Leonardo da Vinci Roma,https://thuisitaliaans.com/scuole/scuola-leonardo-da-vinci-roma,8,Answer+BreadcrumbList+Country+Course+CourseInstance+Educatio,si,2380,9,126,0,3,title lungo
scuole/scuola-leonardo-da-vinci-viareggio.html,it,Scuola Leonardo da Vinci Viareggio — corso di italiano a Viareggio | thuisitaliaans,83,159,1,Scuola Leonardo da Vinci Viareggio,https://thuisitaliaans.com/scuole/scuola-leonardo-da-vinci-viareggio,8,Answer+BreadcrumbList+Country+FAQPage+GeoCoordinates+ImageOb,si,2271,9,124,0,3,title lungo
scuole/scuola-palazzo-malvisi-bagno-di-romagna.html,it,Scuola Palazzo Malvisi Bagno di Romagna — corso di italiano a Bagno di Romagna | thuisitaliaans,95,178,1,Scuola Palazzo Malvisi Bagno di Romagna,https://thuisitaliaans.com/scuole/scuola-palazzo-malvisi-bagno-di-romagna,8,Answer+BreadcrumbList+Country+FAQPage+GeoCoordinates+ImageOb,si,2279,9,123,0,3,title lungo; description lunga
scuole/scuola-palazzo-malvisi-ravenna.html,it,Scuola Palazzo Malvisi Ravenna — corso di italiano a Ravenna | thuisitaliaans,77,160,1,Scuola Palazzo Malvisi Ravenna,https://thuisitaliaans.com/scuole/scuola-palazzo-malvisi-ravenna,8,Answer+BreadcrumbList+Country+FAQPage+GeoCoordinates+ImageOb,si,2292,8,123,0,3,title lungo
scuole/scuola-toscana.html,it,Scuola Toscana — corso di italiano a Firenze | thuisitaliaans,61,137,1,Scuola Toscana,https://thuisitaliaans.com/scuole/scuola-toscana,8,Answer+BreadcrumbList+Country+FAQPage+GeoCoordinates+ImageOb,si,2418,9,129,0,3,
scuole/scuola-tricolore.html,it,Scuola Tricolore — corso di italiano a Genova | thuisitaliaans,62,138,1,Scuola Tricolore,https://thuisitaliaans.com/scuole/scuola-tricolore,8,Answer+BreadcrumbList+Country+FAQPage+GeoCoordinates+ImageOb,si,2267,8,121,0,3,
scuole/scuola-virgilio.html,it,Scuola Virgilio — corso di italiano a Trapani | thuisitaliaans,62,138,1,Scuola Virgilio,https://thuisitaliaans.com/scuole/scuola-virgilio,8,Answer+BreadcrumbList+Country+FAQPage+GeoCoordinates+ImageOb,si,2241,9,121,0,3,
scuole/societa-dante-alighieri-siena.html,it,Società Dante Alighieri Siena — corso di italiano a Siena | thuisitaliaans,74,150,1,Società Dante Alighieri Siena,https://thuisitaliaans.com/scuole/societa-dante-alighieri-siena,8,Answer+BreadcrumbList+Country+FAQPage+GeoCoordinates+ImageOb,si,2429,9,125,0,3,title lungo
scuole/solemar-academy.html,it,Solemar Academy — corso di italiano a Cefalù | thuisitaliaans,61,137,1,Solemar Academy,https://thuisitaliaans.com/scuole/solemar-academy,8,Answer+BreadcrumbList+Country+FAQPage+GeoCoordinates+ImageOb,si,2216,9,121,0,3,
scuole/solemar-sicilia.html,it,Solemar Sicilia — corso di italiano a Palermo (Mondello) | thuisitaliaans,73,149,1,Solemar Sicilia,https://thuisitaliaans.com/scuole/solemar-sicilia,8,Answer+BreadcrumbList+Country+FAQPage+GeoCoordinates+ImageOb,si,2240,9,122,0,3,title lungo
scuole/sprachcaffe-firenze.html,it,Sprachcaffe Firenze — corso di italiano a Firenze | thuisitaliaans,66,142,1,Sprachcaffe Firenze,https://thuisitaliaans.com/scuole/sprachcaffe-firenze,8,Answer+BreadcrumbList+Country+Course+CourseInstance+Educatio,si,2343,9,129,0,3,title lungo
scuole/studioitalia.html,it,Studioitalia — corso di italiano a Roma | thuisitaliaans,56,130,1,Studioitalia,https://thuisitaliaans.com/scuole/studioitalia,8,Answer+BreadcrumbList+Country+Course+CourseInstance+Educatio,si,2326,9,126,0,3,
scuole/studitalia.html,it,Studitalia — corso di italiano a Olbia | thuisitaliaans,55,132,1,Studitalia,https://thuisitaliaans.com/scuole/studitalia,8,Answer+BreadcrumbList+Country+FAQPage+GeoCoordinates+ImageOb,si,2234,9,120,0,3,
scuole/terramare.html,it,Terramare — corso di italiano a Orbetello | thuisitaliaans,58,134,1,Terramare,https://thuisitaliaans.com/scuole/terramare,8,Answer+BreadcrumbList+Country+FAQPage+GeoCoordinates+ImageOb,si,2268,9,123,0,3,
scuole/tiberius-international.html,it,Tiberius International — corso di italiano a Rimini | thuisitaliaans,68,151,1,Tiberius International,https://thuisitaliaans.com/scuole/tiberius-international,8,Answer+BreadcrumbList+Country+FAQPage+GeoCoordinates+ImageOb,si,2275,8,123,0,3,title lungo
scuole/torre-di-babele.html,it,Torre di Babele — corso di italiano a Roma | thuisitaliaans,59,133,1,Torre di Babele,https://thuisitaliaans.com/scuole/torre-di-babele,8,Answer+BreadcrumbList+Country+FAQPage+GeoCoordinates+ImageOb,si,2471,9,126,0,3,
scuole/trulli-italian-school.html,it,Trulli Italian School — corso di italiano a Alberobello | thuisitaliaans,72,147,1,Trulli Italian School,https://thuisitaliaans.com/scuole/trulli-italian-school,8,Answer+BreadcrumbList+Country+FAQPage+GeoCoordinates+ImageOb,si,2261,9,120,0,3,title lungo
scuole/universita-per-stranieri-dante-alighieri.html,it,Università per Stranieri Dante Alighieri — corso di italiano a Reggio Calabria | thuisitaliaans,95,172,1,Università per Stranieri Dante Alighieri,https://thuisitaliaans.com/scuole/universita-per-stranieri-dante-alighieri,8,Answer+BreadcrumbList+Country+FAQPage+GeoCoordinates+ImageOb,si,2164,8,122,0,3,title lungo; description lunga
scuole/universita-per-stranieri-di-perugia.html,it,Università per Stranieri di Perugia — corso di italiano a Perugia | thuisitaliaans,82,157,1,Università per Stranieri di Perugia,https://thuisitaliaans.com/scuole/universita-per-stranieri-di-perugia,8,Answer+BreadcrumbList+Country+FAQPage+GeoCoordinates+ImageOb,si,2350,9,124,0,3,title lungo
scuole/universita-per-stranieri-di-siena.html,it,Università per Stranieri di Siena — corso di italiano a Siena | thuisitaliaans,78,154,1,Università per Stranieri di Siena,https://thuisitaliaans.com/scuole/universita-per-stranieri-di-siena,8,Answer+BreadcrumbList+Country+FAQPage+GeoCoordinates+ImageOb,si,2350,9,125,0,3,title lungo
website-privacy.html,nl,Privacybeleid | Thuis Italiaans,31,34,1,Privacybeleid,https://thuisitaliaans.com/website-privacy,0,WebPage,,616,2,78,0,1,description corta; og:locale assente
